event,reason,trigger_time,frame_stamp,filename
1,emergency,1788172039.611351,1788172036.609550,e01_1788172036.609550.png
1,emergency,1788172039.611351,1788172036.659475,e01_1788172036.659475.png
1,emergency,1788172039.611351,1788172036.710886,e01_1788172036.710886.png
1,emergency,1788172039.611351,1788172036.760015,e01_1788172036.760015.png
1,emergency,1788172039.611351,1788172036.809136,e01_1788172036.809136.png
1,emergency,1788172039.611351,1788172036.859831,e01_1788172036.859831.png
1,emergency,1788172039.611351,1788172036.909003,e01_1788172036.909003.png
1,emergency,1788172039.611351,1788172036.959830,e01_1788172036.959830.png
1,emergency,1788172039.611351,1788172037.109325,e01_1788172037.109325.png
1,emergency,1788172039.611351,1788172037.159612,e01_1788172037.159612.png
1,emergency,1788172039.611351,1788172037.209610,e01_1788172037.209610.png
1,emergency,1788172039.611351,1788172037.259736,e01_1788172037.259736.png
1,emergency,1788172039.611351,1788172037.360022,e01_1788172037.360022.png
1,emergency,1788172039.611351,1788172037.459815,e01_1788172037.459815.png
1,emergency,1788172039.611351,1788172037.509361,e01_1788172037.509361.png
1,emergency,1788172039.611351,1788172037.560344,e01_1788172037.560344.png
1,emergency,1788172039.611351,1788172037.609409,e01_1788172037.609409.png
1,emergency,1788172039.611351,1788172037.659885,e01_1788172037.659885.png
1,emergency,1788172039.611351,1788172037.860014,e01_1788172037.860014.png
1,emergency,1788172039.611351,1788172038.059481,e01_1788172038.059481.png
1,emergency,1788172039.611351,1788172038.109207,e01_1788172038.109207.png
1,emergency,1788172039.611351,1788172038.209280,e01_1788172038.209280.png
1,emergency,1788172039.611351,1788172038.259626,e01_1788172038.259626.png
1,emergency,1788172039.611351,1788172038.309911,e01_1788172038.309911.png
1,emergency,1788172039.611351,1788172038.359786,e01_1788172038.359786.png
1,emergency,1788172039.611351,1788172038.409041,e01_1788172038.409041.png
1,emergency,1788172039.611351,1788172038.459173,e01_1788172038.459173.png
1,emergency,1788172039.611351,1788172038.559736,e01_1788172038.559736.png
1,emergency,1788172039.611351,1788172038.609555,e01_1788172038.609555.png
1,emergency,1788172039.611351,1788172038.660097,e01_1788172038.660097.png
1,emergency,1788172039.611351,1788172038.709100,e01_1788172038.709100.png
1,emergency,1788172039.611351,1788172038.759627,e01_1788172038.759627.png
1,emergency,1788172039.611351,1788172038.809429,e01_1788172038.809429.png
1,emergency,1788172039.611351,1788172038.859365,e01_1788172038.859365.png
1,emergency,1788172039.611351,1788172038.909960,e01_1788172038.909960.png
1,emergency,1788172039.611351,1788172038.959942,e01_1788172038.959942.png
1,emergency,1788172039.611351,1788172039.009204,e01_1788172039.009204.png
1,emergency,1788172039.611351,1788172039.059499,e01_1788172039.059499.png
1,emergency,1788172039.611351,1788172039.161613,e01_1788172039.161613.png
1,emergency,1788172039.611351,1788172039.410641,e01_1788172039.410641.png
1,emergency,1788172039.611351,1788172039.459852,e01_1788172039.459852.png
1,emergency,1788172039.611351,1788172039.509140,e01_1788172039.509140.png
1,emergency,1788172039.611351,1788172039.560758,e01_1788172039.560758.png
1,emergency,1788172039.611351,1788172039.660228,e01_1788172039.660228.png
1,emergency,1788172039.611351,1788172039.712981,e01_1788172039.712981.png
1,emergency,1788172039.611351,1788172039.759010,e01_1788172039.759010.png
1,emergency,1788172039.611351,1788172039.808829,e01_1788172039.808829.png
1,emergency,1788172039.611351,1788172039.859120,e01_1788172039.859120.png
1,emergency,1788172039.611351,1788172039.909910,e01_1788172039.909910.png
1,emergency,1788172039.611351,1788172039.959215,e01_1788172039.959215.png
1,emergency,1788172039.611351,1788172040.009818,e01_1788172040.009818.png
1,emergency,1788172039.611351,1788172040.060366,e01_1788172040.060366.png
1,emergency,1788172039.611351,1788172040.109276,e01_1788172040.109276.png
1,emergency,1788172039.611351,1788172040.159524,e01_1788172040.159524.png
1,emergency,1788172039.611351,1788172040.259298,e01_1788172040.259298.png
1,emergency,1788172039.611351,1788172040.309427,e01_1788172040.309427.png
1,emergency,1788172039.611351,1788172040.359306,e01_1788172040.359306.png
1,emergency,1788172039.611351,1788172040.409431,e01_1788172040.409431.png
1,emergency,1788172039.611351,1788172040.459853,e01_1788172040.459853.png
1,emergency,1788172039.611351,1788172040.559547,e01_1788172040.559547.png
1,emergency,1788172039.611351,1788172040.609437,e01_1788172040.609437.png
1,emergency,1788172039.611351,1788172040.659902,e01_1788172040.659902.png
1,emergency,1788172039.611351,1788172040.759905,e01_1788172040.759905.png
1,emergency,1788172039.611351,1788172041.059935,e01_1788172041.059935.png
1,emergency,1788172039.611351,1788172041.109399,e01_1788172041.109399.png
1,emergency,1788172039.611351,1788172041.159157,e01_1788172041.159157.png
1,emergency,1788172039.611351,1788172041.359600,e01_1788172041.359600.png
1,emergency,1788172039.611351,1788172041.459588,e01_1788172041.459588.png
1,emergency,1788172039.611351,1788172041.508980,e01_1788172041.508980.png
1,emergency,1788172039.611351,1788172041.559524,e01_1788172041.559524.png
1,emergency,1788172039.611351,1788172041.609474,e01_1788172041.609474.png
1,emergency,1788172039.611351,1788172041.659460,e01_1788172041.659460.png
1,emergency,1788172039.611351,1788172041.709791,e01_1788172041.709791.png
1,emergency,1788172039.611351,1788172041.759051,e01_1788172041.759051.png
1,emergency,1788172039.611351,1788172041.811892,e01_1788172041.811892.png
1,emergency,1788172039.611351,1788172041.859906,e01_1788172041.859906.png
1,emergency,1788172039.611351,1788172041.909421,e01_1788172041.909421.png
1,emergency,1788172039.611351,1788172041.960036,e01_1788172041.960036.png
1,emergency,1788172039.611351,1788172042.060147,e01_1788172042.060147.png
1,emergency,1788172039.611351,1788172042.109645,e01_1788172042.109645.png
1,emergency,1788172039.611351,1788172042.159095,e01_1788172042.159095.png
1,emergency,1788172039.611351,1788172042.208931,e01_1788172042.208931.png
1,emergency,1788172039.611351,1788172042.360400,e01_1788172042.360400.png
1,emergency,1788172039.611351,1788172042.409833,e01_1788172042.409833.png
1,emergency,1788172039.611351,1788172042.459759,e01_1788172042.459759.png
1,emergency,1788172039.611351,1788172042.508895,e01_1788172042.508895.png
1,emergency,1788172039.611351,1788172042.709438,e01_1788172042.709438.png
1,emergency,1788172039.611351,1788172042.759737,e01_1788172042.759737.png
1,emergency,1788172039.611351,1788172042.809123,e01_1788172042.809123.png
1,emergency,1788172039.611351,1788172042.859252,e01_1788172042.859252.png
1,emergency,1788172039.611351,1788172042.909329,e01_1788172042.909329.png
1,emergency,1788172039.611351,1788172042.959506,e01_1788172042.959506.png
1,emergency,1788172039.611351,1788172043.009227,e01_1788172043.009227.png
1,emergency,1788172039.611351,1788172043.060423,e01_1788172043.060423.png
1,emergency,1788172039.611351,1788172043.109084,e01_1788172043.109084.png
1,emergency,1788172039.611351,1788172043.161026,e01_1788172043.161026.png
1,emergency,1788172039.611351,1788172043.210118,e01_1788172043.210118.png
1,emergency,1788172039.611351,1788172043.309508,e01_1788172043.309508.png
1,emergency,1788172039.611351,1788172043.360432,e01_1788172043.360432.png
1,emergency,1788172039.611351,1788172043.409986,e01_1788172043.409986.png
1,emergency,1788172039.611351,1788172043.459690,e01_1788172043.459690.png
1,emergency,1788172039.611351,1788172043.508987,e01_1788172043.508987.png
1,emergency,1788172039.611351,1788172043.559482,e01_1788172043.559482.png
1,emergency,1788172039.611351,1788172043.659429,e01_1788172043.659429.png
1,emergency,1788172039.611351,1788172043.709332,e01_1788172043.709332.png
1,emergency,1788172039.611351,1788172043.760643,e01_1788172043.760643.png
1,emergency,1788172039.611351,1788172043.809105,e01_1788172043.809105.png
1,emergency,1788172039.611351,1788172043.859578,e01_1788172043.859578.png
1,emergency,1788172039.611351,1788172043.908821,e01_1788172043.908821.png
1,emergency,1788172039.611351,1788172043.959922,e01_1788172043.959922.png
1,emergency,1788172039.611351,1788172044.010659,e01_1788172044.010659.png
1,emergency,1788172039.611351,1788172044.059324,e01_1788172044.059324.png
1,emergency,1788172039.611351,1788172044.109001,e01_1788172044.109001.png
1,emergency,1788172039.611351,1788172044.159512,e01_1788172044.159512.png
1,emergency,1788172039.611351,1788172044.209030,e01_1788172044.209030.png
1,emergency,1788172039.611351,1788172044.259622,e01_1788172044.259622.png
1,emergency,1788172039.611351,1788172044.310369,e01_1788172044.310369.png
1,emergency,1788172039.611351,1788172044.359546,e01_1788172044.359546.png
1,emergency,1788172039.611351,1788172044.409111,e01_1788172044.409111.png
1,emergency,1788172039.611351,1788172044.460216,e01_1788172044.460216.png
1,emergency,1788172039.611351,1788172044.509728,e01_1788172044.509728.png
1,emergency,1788172039.611351,1788172044.559291,e01_1788172044.559291.png
1,emergency,1788172039.611351,1788172044.609505,e01_1788172044.609505.png
1,emergency,1788172039.611351,1788172044.661738,e01_1788172044.661738.png
1,emergency,1788172039.611351,1788172044.760440,e01_1788172044.760440.png
1,emergency,1788172039.611351,1788172044.809289,e01_1788172044.809289.png
1,emergency,1788172039.611351,1788172044.861176,e01_1788172044.861176.png
1,emergency,1788172039.611351,1788172044.909879,e01_1788172044.909879.png
1,emergency,1788172039.611351,1788172044.959850,e01_1788172044.959850.png
1,emergency,1788172039.611351,1788172045.009578,e01_1788172045.009578.png
1,emergency,1788172039.611351,1788172045.210383,e01_1788172045.210383.png
1,emergency,1788172039.611351,1788172045.259726,e01_1788172045.259726.png
1,emergency,1788172039.611351,1788172045.309674,e01_1788172045.309674.png
1,emergency,1788172039.611351,1788172045.359653,e01_1788172045.359653.png
1,emergency,1788172039.611351,1788172045.409296,e01_1788172045.409296.png
1,emergency,1788172039.611351,1788172045.459109,e01_1788172045.459109.png
1,emergency,1788172039.611351,1788172045.509028,e01_1788172045.509028.png
1,emergency,1788172039.611351,1788172045.659444,e01_1788172045.659444.png
1,emergency,1788172039.611351,1788172045.711457,e01_1788172045.711457.png
1,emergency,1788172039.611351,1788172045.759667,e01_1788172045.759667.png
1,emergency,1788172039.611351,1788172045.809284,e01_1788172045.809284.png
1,emergency,1788172039.611351,1788172045.859709,e01_1788172045.859709.png
1,emergency,1788172039.611351,1788172045.909308,e01_1788172045.909308.png
1,emergency,1788172039.611351,1788172045.959613,e01_1788172045.959613.png
1,emergency,1788172039.611351,1788172046.009218,e01_1788172046.009218.png
1,emergency,1788172039.611351,1788172046.059156,e01_1788172046.059156.png
1,emergency,1788172039.611351,1788172046.110584,e01_1788172046.110584.png
1,emergency,1788172039.611351,1788172046.159795,e01_1788172046.159795.png
1,emergency,1788172039.611351,1788172046.208758,e01_1788172046.208758.png
1,emergency,1788172039.611351,1788172046.259212,e01_1788172046.259212.png
1,emergency,1788172039.611351,1788172046.308940,e01_1788172046.308940.png
1,emergency,1788172039.611351,1788172046.359384,e01_1788172046.359384.png
1,emergency,1788172039.611351,1788172046.409392,e01_1788172046.409392.png
1,emergency,1788172039.611351,1788172046.509259,e01_1788172046.509259.png
1,emergency,1788172039.611351,1788172046.559294,e01_1788172046.559294.png
1,emergency,1788172039.611351,1788172046.609962,e01_1788172046.609962.png
1,emergency,1788172039.611351,1788172046.659612,e01_1788172046.659612.png
1,emergency,1788172039.611351,1788172046.710121,e01_1788172046.710121.png
1,emergency,1788172039.611351,1788172046.759983,e01_1788172046.759983.png
1,emergency,1788172039.611351,1788172046.810030,e01_1788172046.810030.png
1,emergency,1788172039.611351,1788172046.908895,e01_1788172046.908895.png
1,emergency,1788172039.611351,1788172046.959554,e01_1788172046.959554.png
1,emergency,1788172039.611351,1788172047.009324,e01_1788172047.009324.png
1,emergency,1788172039.611351,1788172047.059285,e01_1788172047.059285.png
1,emergency,1788172039.611351,1788172047.109327,e01_1788172047.109327.png
1,emergency,1788172039.611351,1788172047.160512,e01_1788172047.160512.png
1,emergency,1788172039.611351,1788172047.209001,e01_1788172047.209001.png
1,emergency,1788172039.611351,1788172047.259682,e01_1788172047.259682.png
1,emergency,1788172039.611351,1788172047.310879,e01_1788172047.310879.png
1,emergency,1788172039.611351,1788172047.359584,e01_1788172047.359584.png
1,emergency,1788172039.611351,1788172047.409208,e01_1788172047.409208.png
1,emergency,1788172039.611351,1788172047.459442,e01_1788172047.459442.png
1,emergency,1788172039.611351,1788172047.509439,e01_1788172047.509439.png
1,emergency,1788172039.611351,1788172047.609331,e01_1788172047.609331.png
1,emergency,1788172039.611351,1788172047.659468,e01_1788172047.659468.png
1,emergency,1788172039.611351,1788172047.709004,e01_1788172047.709004.png
1,emergency,1788172039.611351,1788172047.759480,e01_1788172047.759480.png
1,emergency,1788172039.611351,1788172047.808936,e01_1788172047.808936.png
1,emergency,1788172039.611351,1788172047.859724,e01_1788172047.859724.png
1,emergency,1788172039.611351,1788172047.909388,e01_1788172047.909388.png
1,emergency,1788172039.611351,1788172047.959592,e01_1788172047.959592.png
1,emergency,1788172039.611351,1788172048.009661,e01_1788172048.009661.png
1,emergency,1788172039.611351,1788172048.110172,e01_1788172048.110172.png
1,emergency,1788172039.611351,1788172048.161948,e01_1788172048.161948.png
1,emergency,1788172039.611351,1788172048.259798,e01_1788172048.259798.png
1,emergency,1788172039.611351,1788172048.310503,e01_1788172048.310503.png
1,emergency,1788172039.611351,1788172048.359526,e01_1788172048.359526.png
1,emergency,1788172039.611351,1788172048.461007,e01_1788172048.461007.png
1,emergency,1788172039.611351,1788172048.509938,e01_1788172048.509938.png
1,emergency,1788172039.611351,1788172048.559049,e01_1788172048.559049.png
1,emergency,1788172039.611351,1788172048.609321,e01_1788172048.609321.png
1,emergency,1788172039.611351,1788172048.659564,e01_1788172048.659564.png
1,emergency,1788172039.611351,1788172048.708817,e01_1788172048.708817.png
1,emergency,1788172039.611351,1788172048.760021,e01_1788172048.760021.png
1,emergency,1788172039.611351,1788172048.809871,e01_1788172048.809871.png
1,emergency,1788172039.611351,1788172049.010042,e01_1788172049.010042.png
1,emergency,1788172039.611351,1788172049.109503,e01_1788172049.109503.png
1,emergency,1788172039.611351,1788172049.159617,e01_1788172049.159617.png
1,emergency,1788172039.611351,1788172049.210057,e01_1788172049.210057.png
1,emergency,1788172039.611351,1788172049.259385,e01_1788172049.259385.png
1,emergency,1788172039.611351,1788172049.310037,e01_1788172049.310037.png
1,emergency,1788172039.611351,1788172049.359262,e01_1788172049.359262.png
1,emergency,1788172039.611351,1788172049.409027,e01_1788172049.409027.png
1,emergency,1788172039.611351,1788172049.509142,e01_1788172049.509142.png
1,emergency,1788172039.611351,1788172049.559360,e01_1788172049.559360.png
1,emergency,1788172039.611351,1788172049.609051,e01_1788172049.609051.png
1,emergency,1788172039.611351,1788172049.759403,e01_1788172049.759403.png
1,emergency,1788172039.611351,1788172049.909321,e01_1788172049.909321.png
1,emergency,1788172039.611351,1788172049.959809,e01_1788172049.959809.png
1,emergency,1788172039.611351,1788172050.009059,e01_1788172050.009059.png
1,emergency,1788172039.611351,1788172050.059261,e01_1788172050.059261.png
1,emergency,1788172039.611351,1788172050.109683,e01_1788172050.109683.png
1,emergency,1788172039.611351,1788172050.209547,e01_1788172050.209547.png
1,emergency,1788172039.611351,1788172050.259334,e01_1788172050.259334.png
1,emergency,1788172039.611351,1788172050.309502,e01_1788172050.309502.png
1,emergency,1788172039.611351,1788172050.409279,e01_1788172050.409279.png
1,emergency,1788172039.611351,1788172050.511744,e01_1788172050.511744.png
1,emergency,1788172039.611351,1788172050.564235,e01_1788172050.564235.png
1,emergency,1788172039.611351,1788172050.609520,e01_1788172050.609520.png
1,emergency,1788172039.611351,1788172050.659163,e01_1788172050.659163.png
1,emergency,1788172039.611351,1788172050.709168,e01_1788172050.709168.png
1,emergency,1788172039.611351,1788172050.759930,e01_1788172050.759930.png
1,emergency,1788172039.611351,1788172050.809487,e01_1788172050.809487.png
1,emergency,1788172039.611351,1788172050.859118,e01_1788172050.859118.png
1,emergency,1788172039.611351,1788172050.909635,e01_1788172050.909635.png
1,emergency,1788172039.611351,1788172050.959369,e01_1788172050.959369.png
1,emergency,1788172039.611351,1788172051.009205,e01_1788172051.009205.png
1,emergency,1788172039.611351,1788172051.159459,e01_1788172051.159459.png
1,emergency,1788172039.611351,1788172051.260300,e01_1788172051.260300.png
1,emergency,1788172039.611351,1788172051.360035,e01_1788172051.360035.png
1,emergency,1788172039.611351,1788172051.661643,e01_1788172051.661643.png
1,emergency,1788172039.611351,1788172051.760267,e01_1788172051.760267.png
1,emergency,1788172039.611351,1788172051.809690,e01_1788172051.809690.png
1,emergency,1788172039.611351,1788172051.859735,e01_1788172051.859735.png
1,emergency,1788172039.611351,1788172051.909205,e01_1788172051.909205.png
1,emergency,1788172039.611351,1788172051.959817,e01_1788172051.959817.png
1,emergency,1788172039.611351,1788172052.009194,e01_1788172052.009194.png
1,emergency,1788172039.611351,1788172052.060208,e01_1788172052.060208.png
1,emergency,1788172039.611351,1788172052.109935,e01_1788172052.109935.png
1,emergency,1788172039.611351,1788172052.161138,e01_1788172052.161138.png
1,emergency,1788172039.611351,1788172052.309303,e01_1788172052.309303.png
1,emergency,1788172039.611351,1788172052.409629,e01_1788172052.409629.png
1,emergency,1788172039.611351,1788172052.509088,e01_1788172052.509088.png
1,emergency,1788172039.611351,1788172052.559760,e01_1788172052.559760.png
1,emergency,1788172039.611351,1788172052.663327,e01_1788172052.663327.png
1,emergency,1788172039.611351,1788172052.710042,e01_1788172052.710042.png
1,emergency,1788172039.611351,1788172052.760652,e01_1788172052.760652.png
1,emergency,1788172039.611351,1788172052.812121,e01_1788172052.812121.png
1,emergency,1788172039.611351,1788172052.859016,e01_1788172052.859016.png
1,emergency,1788172039.611351,1788172052.908911,e01_1788172052.908911.png
1,emergency,1788172039.611351,1788172053.010069,e01_1788172053.010069.png
1,emergency,1788172039.611351,1788172053.109211,e01_1788172053.109211.png
1,emergency,1788172039.611351,1788172053.260344,e01_1788172053.260344.png
1,emergency,1788172039.611351,1788172053.410463,e01_1788172053.410463.png
1,emergency,1788172039.611351,1788172053.460036,e01_1788172053.460036.png
1,emergency,1788172039.611351,1788172053.509192,e01_1788172053.509192.png
1,emergency,1788172039.611351,1788172053.559885,e01_1788172053.559885.png
1,emergency,1788172039.611351,1788172053.609312,e01_1788172053.609312.png
1,emergency,1788172039.611351,1788172053.659673,e01_1788172053.659673.png
1,emergency,1788172039.611351,1788172053.709582,e01_1788172053.709582.png
1,emergency,1788172039.611351,1788172053.763619,e01_1788172053.763619.png
1,emergency,1788172039.611351,1788172053.809935,e01_1788172053.809935.png
1,emergency,1788172039.611351,1788172053.860219,e01_1788172053.860219.png
1,emergency,1788172039.611351,1788172053.909431,e01_1788172053.909431.png
1,emergency,1788172039.611351,1788172053.959754,e01_1788172053.959754.png
1,emergency,1788172039.611351,1788172054.009371,e01_1788172054.009371.png
1,emergency,1788172039.611351,1788172054.059243,e01_1788172054.059243.png
1,emergency,1788172039.611351,1788172054.109093,e01_1788172054.109093.png
1,emergency,1788172039.611351,1788172054.159502,e01_1788172054.159502.png
1,emergency,1788172039.611351,1788172054.211397,e01_1788172054.211397.png
1,emergency,1788172039.611351,1788172054.309041,e01_1788172054.309041.png
1,emergency,1788172039.611351,1788172054.359328,e01_1788172054.359328.png
1,emergency,1788172039.611351,1788172054.410254,e01_1788172054.410254.png
1,emergency,1788172039.611351,1788172054.460431,e01_1788172054.460431.png
1,emergency,1788172039.611351,1788172054.509055,e01_1788172054.509055.png
1,emergency,1788172039.611351,1788172054.560673,e01_1788172054.560673.png
1,emergency,1788172039.611351,1788172054.659588,e01_1788172054.659588.png
1,emergency,1788172039.611351,1788172054.710923,e01_1788172054.710923.png
1,emergency,1788172039.611351,1788172054.759640,e01_1788172054.759640.png
2,perception_invalid,1788172055.817346,1788172054.809222,e02_1788172054.809222.png
2,perception_invalid,1788172055.817346,1788172054.860689,e02_1788172054.860689.png
2,perception_invalid,1788172055.817346,1788172054.959651,e02_1788172054.959651.png
2,perception_invalid,1788172055.817346,1788172055.009362,e02_1788172055.009362.png
2,perception_invalid,1788172055.817346,1788172055.064858,e02_1788172055.064858.png
2,perception_invalid,1788172055.817346,1788172055.109501,e02_1788172055.109501.png
2,perception_invalid,1788172055.817346,1788172055.160276,e02_1788172055.160276.png
2,perception_invalid,1788172055.817346,1788172055.209200,e02_1788172055.209200.png
2,perception_invalid,1788172055.817346,1788172055.260040,e02_1788172055.260040.png
2,perception_invalid,1788172055.817346,1788172055.309327,e02_1788172055.309327.png
2,perception_invalid,1788172055.817346,1788172055.359576,e02_1788172055.359576.png
2,perception_invalid,1788172055.817346,1788172055.409464,e02_1788172055.409464.png
2,perception_invalid,1788172055.817346,1788172055.459472,e02_1788172055.459472.png
2,perception_invalid,1788172055.817346,1788172055.509057,e02_1788172055.509057.png
2,perception_invalid,1788172055.817346,1788172055.609179,e02_1788172055.609179.png
2,perception_invalid,1788172055.817346,1788172055.709541,e02_1788172055.709541.png
2,perception_invalid,1788172055.817346,1788172055.759537,e02_1788172055.759537.png
2,perception_invalid,1788172055.817346,1788172055.809736,e02_1788172055.809736.png
2,perception_invalid,1788172055.817346,1788172055.960596,e02_1788172055.960596.png
2,perception_invalid,1788172055.817346,1788172056.061141,e02_1788172056.061141.png
2,perception_invalid,1788172055.817346,1788172056.109268,e02_1788172056.109268.png
2,perception_invalid,1788172055.817346,1788172056.160608,e02_1788172056.160608.png
2,perception_invalid,1788172055.817346,1788172056.409120,e02_1788172056.409120.png
2,perception_invalid,1788172055.817346,1788172056.509306,e02_1788172056.509306.png
2,perception_invalid,1788172055.817346,1788172056.560830,e02_1788172056.560830.png
2,perception_invalid,1788172055.817346,1788172056.759447,e02_1788172056.759447.png
2,perception_invalid,1788172055.817346,1788172056.809452,e02_1788172056.809452.png
2,perception_invalid,1788172055.817346,1788172056.909286,e02_1788172056.909286.png
2,perception_invalid,1788172055.817346,1788172056.959206,e02_1788172056.959206.png
2,perception_invalid,1788172055.817346,1788172057.009029,e02_1788172057.009029.png
2,perception_invalid,1788172055.817346,1788172057.109361,e02_1788172057.109361.png
2,perception_invalid,1788172055.817346,1788172057.159291,e02_1788172057.159291.png
2,perception_invalid,1788172055.817346,1788172057.209643,e02_1788172057.209643.png
2,perception_invalid,1788172055.817346,1788172057.259520,e02_1788172057.259520.png
2,perception_invalid,1788172055.817346,1788172057.310883,e02_1788172057.310883.png
2,perception_invalid,1788172055.817346,1788172057.359286,e02_1788172057.359286.png
2,perception_invalid,1788172055.817346,1788172057.409035,e02_1788172057.409035.png
2,perception_invalid,1788172055.817346,1788172057.460059,e02_1788172057.460059.png
2,perception_invalid,1788172055.817346,1788172057.509027,e02_1788172057.509027.png
2,perception_invalid,1788172055.817346,1788172057.559204,e02_1788172057.559204.png
2,perception_invalid,1788172055.817346,1788172057.609001,e02_1788172057.609001.png
2,perception_invalid,1788172055.817346,1788172057.659117,e02_1788172057.659117.png
2,perception_invalid,1788172055.817346,1788172057.760140,e02_1788172057.760140.png
2,perception_invalid,1788172055.817346,1788172057.809331,e02_1788172057.809331.png
2,perception_invalid,1788172055.817346,1788172057.859077,e02_1788172057.859077.png
2,perception_invalid,1788172055.817346,1788172057.909091,e02_1788172057.909091.png
2,perception_invalid,1788172055.817346,1788172057.959433,e02_1788172057.959433.png
2,perception_invalid,1788172055.817346,1788172058.009268,e02_1788172058.009268.png
2,perception_invalid,1788172055.817346,1788172058.060573,e02_1788172058.060573.png
2,perception_invalid,1788172055.817346,1788172058.160147,e02_1788172058.160147.png
2,perception_invalid,1788172055.817346,1788172058.260751,e02_1788172058.260751.png
2,perception_invalid,1788172055.817346,1788172058.359447,e02_1788172058.359447.png
2,perception_invalid,1788172055.817346,1788172058.409546,e02_1788172058.409546.png
2,perception_invalid,1788172055.817346,1788172058.461132,e02_1788172058.461132.png
2,perception_invalid,1788172055.817346,1788172058.509087,e02_1788172058.509087.png
2,perception_invalid,1788172055.817346,1788172058.559582,e02_1788172058.559582.png
2,perception_invalid,1788172055.817346,1788172058.609122,e02_1788172058.609122.png
2,perception_invalid,1788172055.817346,1788172058.709435,e02_1788172058.709435.png
2,perception_invalid,1788172055.817346,1788172058.759708,e02_1788172058.759708.png
2,perception_invalid,1788172055.817346,1788172058.812474,e02_1788172058.812474.png
2,perception_invalid,1788172055.817346,1788172058.859421,e02_1788172058.859421.png
2,perception_invalid,1788172055.817346,1788172058.909425,e02_1788172058.909425.png
2,perception_invalid,1788172055.817346,1788172059.009434,e02_1788172059.009434.png
2,perception_invalid,1788172055.817346,1788172059.109408,e02_1788172059.109408.png
2,perception_invalid,1788172055.817346,1788172059.159370,e02_1788172059.159370.png
2,perception_invalid,1788172055.817346,1788172059.211671,e02_1788172059.211671.png
2,perception_invalid,1788172055.817346,1788172059.259625,e02_1788172059.259625.png
2,perception_invalid,1788172055.817346,1788172059.360085,e02_1788172059.360085.png
2,perception_invalid,1788172055.817346,1788172059.408930,e02_1788172059.408930.png
2,perception_invalid,1788172055.817346,1788172059.459625,e02_1788172059.459625.png
2,perception_invalid,1788172055.817346,1788172059.509373,e02_1788172059.509373.png
2,perception_invalid,1788172055.817346,1788172059.559507,e02_1788172059.559507.png
2,perception_invalid,1788172055.817346,1788172059.608878,e02_1788172059.608878.png
2,perception_invalid,1788172055.817346,1788172059.659474,e02_1788172059.659474.png
2,perception_invalid,1788172055.817346,1788172059.809342,e02_1788172059.809342.png
2,perception_invalid,1788172055.817346,1788172059.908930,e02_1788172059.908930.png
2,perception_invalid,1788172055.817346,1788172059.959555,e02_1788172059.959555.png
3,perception_invalid,1788172060.119695,1788172060.010260,e03_1788172060.010260.png
3,perception_invalid,1788172060.119695,1788172060.059741,e03_1788172060.059741.png
3,perception_invalid,1788172060.119695,1788172060.109311,e03_1788172060.109311.png
3,perception_invalid,1788172060.119695,1788172060.159068,e03_1788172060.159068.png
3,perception_invalid,1788172060.119695,1788172060.208831,e03_1788172060.208831.png
3,perception_invalid,1788172060.119695,1788172060.259643,e03_1788172060.259643.png
3,perception_invalid,1788172060.119695,1788172060.308979,e03_1788172060.308979.png
3,perception_invalid,1788172060.119695,1788172060.359524,e03_1788172060.359524.png
3,perception_invalid,1788172060.119695,1788172060.411352,e03_1788172060.411352.png
3,perception_invalid,1788172060.119695,1788172060.460131,e03_1788172060.460131.png
3,perception_invalid,1788172060.119695,1788172060.510234,e03_1788172060.510234.png
3,perception_invalid,1788172060.119695,1788172060.559312,e03_1788172060.559312.png
3,perception_invalid,1788172060.119695,1788172060.609891,e03_1788172060.609891.png
3,perception_invalid,1788172060.119695,1788172060.660212,e03_1788172060.660212.png
3,perception_invalid,1788172060.119695,1788172060.709546,e03_1788172060.709546.png
3,perception_invalid,1788172060.119695,1788172060.762264,e03_1788172060.762264.png
3,perception_invalid,1788172060.119695,1788172060.809690,e03_1788172060.809690.png
3,perception_invalid,1788172060.119695,1788172060.859637,e03_1788172060.859637.png
3,perception_invalid,1788172060.119695,1788172060.908897,e03_1788172060.908897.png
3,perception_invalid,1788172060.119695,1788172060.959434,e03_1788172060.959434.png
3,perception_invalid,1788172060.119695,1788172061.009073,e03_1788172061.009073.png
3,perception_invalid,1788172060.119695,1788172061.063216,e03_1788172061.063216.png
3,perception_invalid,1788172060.119695,1788172061.109049,e03_1788172061.109049.png
3,perception_invalid,1788172060.119695,1788172061.159903,e03_1788172061.159903.png
3,perception_invalid,1788172060.119695,1788172061.211239,e03_1788172061.211239.png
3,perception_invalid,1788172060.119695,1788172061.259638,e03_1788172061.259638.png
3,perception_invalid,1788172060.119695,1788172061.308916,e03_1788172061.308916.png
3,perception_invalid,1788172060.119695,1788172061.359207,e03_1788172061.359207.png
3,perception_invalid,1788172060.119695,1788172061.409392,e03_1788172061.409392.png
3,perception_invalid,1788172060.119695,1788172061.459708,e03_1788172061.459708.png
3,perception_invalid,1788172060.119695,1788172061.509024,e03_1788172061.509024.png
3,perception_invalid,1788172060.119695,1788172061.559368,e03_1788172061.559368.png
3,perception_invalid,1788172060.119695,1788172061.608912,e03_1788172061.608912.png
3,perception_invalid,1788172060.119695,1788172061.659644,e03_1788172061.659644.png
3,perception_invalid,1788172060.119695,1788172061.709435,e03_1788172061.709435.png
3,perception_invalid,1788172060.119695,1788172061.759408,e03_1788172061.759408.png
3,perception_invalid,1788172060.119695,1788172061.809113,e03_1788172061.809113.png
3,perception_invalid,1788172060.119695,1788172061.858980,e03_1788172061.858980.png
3,perception_invalid,1788172060.119695,1788172061.908947,e03_1788172061.908947.png
3,perception_invalid,1788172060.119695,1788172061.960020,e03_1788172061.960020.png
3,perception_invalid,1788172060.119695,1788172062.009147,e03_1788172062.009147.png
3,perception_invalid,1788172060.119695,1788172062.059634,e03_1788172062.059634.png
3,perception_invalid,1788172060.119695,1788172062.109275,e03_1788172062.109275.png
3,perception_invalid,1788172060.119695,1788172062.159188,e03_1788172062.159188.png
3,perception_invalid,1788172060.119695,1788172062.259742,e03_1788172062.259742.png
3,perception_invalid,1788172060.119695,1788172062.359726,e03_1788172062.359726.png
3,perception_invalid,1788172060.119695,1788172062.409430,e03_1788172062.409430.png
3,perception_invalid,1788172060.119695,1788172062.609160,e03_1788172062.609160.png
3,perception_invalid,1788172060.119695,1788172062.659474,e03_1788172062.659474.png
3,perception_invalid,1788172060.119695,1788172062.760566,e03_1788172062.760566.png
3,perception_invalid,1788172060.119695,1788172062.810926,e03_1788172062.810926.png
3,perception_invalid,1788172060.119695,1788172062.859456,e03_1788172062.859456.png
3,perception_invalid,1788172060.119695,1788172062.910028,e03_1788172062.910028.png
3,perception_invalid,1788172060.119695,1788172062.960126,e03_1788172062.960126.png
3,perception_invalid,1788172060.119695,1788172063.009097,e03_1788172063.009097.png
3,perception_invalid,1788172060.119695,1788172063.160202,e03_1788172063.160202.png
3,perception_invalid,1788172060.119695,1788172063.209196,e03_1788172063.209196.png
3,perception_invalid,1788172060.119695,1788172063.308908,e03_1788172063.308908.png
3,perception_invalid,1788172060.119695,1788172063.361850,e03_1788172063.361850.png
3,perception_invalid,1788172060.119695,1788172063.461616,e03_1788172063.461616.png
3,perception_invalid,1788172060.119695,1788172063.509368,e03_1788172063.509368.png
3,perception_invalid,1788172060.119695,1788172063.562171,e03_1788172063.562171.png
3,perception_invalid,1788172060.119695,1788172063.659466,e03_1788172063.659466.png
3,perception_invalid,1788172060.119695,1788172063.709292,e03_1788172063.709292.png
3,perception_invalid,1788172060.119695,1788172063.760375,e03_1788172063.760375.png
3,perception_invalid,1788172060.119695,1788172063.808910,e03_1788172063.808910.png
3,perception_invalid,1788172060.119695,1788172063.909324,e03_1788172063.909324.png
3,perception_invalid,1788172060.119695,1788172064.009895,e03_1788172064.009895.png
3,perception_invalid,1788172060.119695,1788172064.059344,e03_1788172064.059344.png
3,perception_invalid,1788172060.119695,1788172064.109477,e03_1788172064.109477.png
3,perception_invalid,1788172060.119695,1788172064.159441,e03_1788172064.159441.png
3,perception_invalid,1788172060.119695,1788172064.209104,e03_1788172064.209104.png
3,perception_invalid,1788172060.119695,1788172064.262663,e03_1788172064.262663.png
3,perception_invalid,1788172060.119695,1788172064.360325,e03_1788172064.360325.png
3,perception_invalid,1788172060.119695,1788172064.409562,e03_1788172064.409562.png
3,perception_invalid,1788172060.119695,1788172064.461621,e03_1788172064.461621.png
3,perception_invalid,1788172060.119695,1788172064.559542,e03_1788172064.559542.png
3,perception_invalid,1788172060.119695,1788172064.609546,e03_1788172064.609546.png
3,perception_invalid,1788172060.119695,1788172064.659618,e03_1788172064.659618.png
3,perception_invalid,1788172060.119695,1788172064.709444,e03_1788172064.709444.png
3,perception_invalid,1788172060.119695,1788172064.809232,e03_1788172064.809232.png
3,perception_invalid,1788172060.119695,1788172064.859479,e03_1788172064.859479.png
3,perception_invalid,1788172060.119695,1788172064.909044,e03_1788172064.909044.png
3,perception_invalid,1788172060.119695,1788172065.059886,e03_1788172065.059886.png
3,perception_invalid,1788172060.119695,1788172065.109281,e03_1788172065.109281.png
3,perception_invalid,1788172060.119695,1788172065.210350,e03_1788172065.210350.png
3,perception_invalid,1788172060.119695,1788172065.309642,e03_1788172065.309642.png
3,perception_invalid,1788172060.119695,1788172065.509083,e03_1788172065.509083.png
3,perception_invalid,1788172060.119695,1788172065.609523,e03_1788172065.609523.png
3,perception_invalid,1788172060.119695,1788172065.759438,e03_1788172065.759438.png
3,perception_invalid,1788172060.119695,1788172065.809238,e03_1788172065.809238.png
3,perception_invalid,1788172060.119695,1788172065.908888,e03_1788172065.908888.png
3,perception_invalid,1788172060.119695,1788172066.109133,e03_1788172066.109133.png
3,perception_invalid,1788172060.119695,1788172066.161199,e03_1788172066.161199.png
3,perception_invalid,1788172060.119695,1788172066.260599,e03_1788172066.260599.png
3,perception_invalid,1788172060.119695,1788172066.309393,e03_1788172066.309393.png
3,perception_invalid,1788172060.119695,1788172066.359361,e03_1788172066.359361.png
3,perception_invalid,1788172060.119695,1788172066.408909,e03_1788172066.408909.png
3,perception_invalid,1788172060.119695,1788172066.459561,e03_1788172066.459561.png
3,perception_invalid,1788172060.119695,1788172066.559168,e03_1788172066.559168.png
3,perception_invalid,1788172060.119695,1788172066.609318,e03_1788172066.609318.png
3,perception_invalid,1788172060.119695,1788172066.659779,e03_1788172066.659779.png
3,perception_invalid,1788172060.119695,1788172066.709357,e03_1788172066.709357.png
3,perception_invalid,1788172060.119695,1788172066.759193,e03_1788172066.759193.png
3,perception_invalid,1788172060.119695,1788172066.859432,e03_1788172066.859432.png
3,perception_invalid,1788172060.119695,1788172066.909148,e03_1788172066.909148.png
3,perception_invalid,1788172060.119695,1788172067.009185,e03_1788172067.009185.png
3,perception_invalid,1788172060.119695,1788172067.059294,e03_1788172067.059294.png
3,perception_invalid,1788172060.119695,1788172067.109531,e03_1788172067.109531.png
3,perception_invalid,1788172060.119695,1788172067.160231,e03_1788172067.160231.png
3,perception_invalid,1788172060.119695,1788172067.210018,e03_1788172067.210018.png
3,perception_invalid,1788172060.119695,1788172067.260412,e03_1788172067.260412.png
3,perception_invalid,1788172060.119695,1788172067.459660,e03_1788172067.459660.png
3,perception_invalid,1788172060.119695,1788172067.509247,e03_1788172067.509247.png
3,perception_invalid,1788172060.119695,1788172067.609546,e03_1788172067.609546.png
3,perception_invalid,1788172060.119695,1788172067.662187,e03_1788172067.662187.png
3,perception_invalid,1788172060.119695,1788172067.709545,e03_1788172067.709545.png
3,perception_invalid,1788172060.119695,1788172067.759555,e03_1788172067.759555.png
3,perception_invalid,1788172060.119695,1788172067.809738,e03_1788172067.809738.png
3,perception_invalid,1788172060.119695,1788172067.866941,e03_1788172067.866941.png
3,perception_invalid,1788172060.119695,1788172067.912122,e03_1788172067.912122.png
3,perception_invalid,1788172060.119695,1788172067.960860,e03_1788172067.960860.png
3,perception_invalid,1788172060.119695,1788172068.059917,e03_1788172068.059917.png
3,perception_invalid,1788172060.119695,1788172068.111700,e03_1788172068.111700.png
3,perception_invalid,1788172060.119695,1788172068.160116,e03_1788172068.160116.png
3,perception_invalid,1788172060.119695,1788172068.260491,e03_1788172068.260491.png
3,perception_invalid,1788172060.119695,1788172068.360173,e03_1788172068.360173.png
3,perception_invalid,1788172060.119695,1788172068.409554,e03_1788172068.409554.png
3,perception_invalid,1788172060.119695,1788172068.459867,e03_1788172068.459867.png
3,perception_invalid,1788172060.119695,1788172068.561622,e03_1788172068.561622.png
3,perception_invalid,1788172060.119695,1788172068.609703,e03_1788172068.609703.png
3,perception_invalid,1788172060.119695,1788172068.709168,e03_1788172068.709168.png
3,perception_invalid,1788172060.119695,1788172068.759443,e03_1788172068.759443.png
3,perception_invalid,1788172060.119695,1788172068.809551,e03_1788172068.809551.png
3,perception_invalid,1788172060.119695,1788172068.860232,e03_1788172068.860232.png
3,perception_invalid,1788172060.119695,1788172068.909124,e03_1788172068.909124.png
3,perception_invalid,1788172060.119695,1788172069.009441,e03_1788172069.009441.png
3,perception_invalid,1788172060.119695,1788172069.059667,e03_1788172069.059667.png
3,perception_invalid,1788172060.119695,1788172069.109447,e03_1788172069.109447.png
3,perception_invalid,1788172060.119695,1788172069.159245,e03_1788172069.159245.png
3,perception_invalid,1788172060.119695,1788172069.209039,e03_1788172069.209039.png
3,perception_invalid,1788172060.119695,1788172069.259518,e03_1788172069.259518.png
3,perception_invalid,1788172060.119695,1788172069.311154,e03_1788172069.311154.png
3,perception_invalid,1788172060.119695,1788172069.359464,e03_1788172069.359464.png
3,perception_invalid,1788172060.119695,1788172069.409324,e03_1788172069.409324.png
3,perception_invalid,1788172060.119695,1788172069.509087,e03_1788172069.509087.png
3,perception_invalid,1788172060.119695,1788172069.659425,e03_1788172069.659425.png
3,perception_invalid,1788172060.119695,1788172069.709346,e03_1788172069.709346.png
3,perception_invalid,1788172060.119695,1788172069.809783,e03_1788172069.809783.png
3,perception_invalid,1788172060.119695,1788172069.859414,e03_1788172069.859414.png
3,perception_invalid,1788172060.119695,1788172069.909513,e03_1788172069.909513.png
3,perception_invalid,1788172060.119695,1788172070.009997,e03_1788172070.009997.png
3,perception_invalid,1788172060.119695,1788172070.109710,e03_1788172070.109710.png
3,perception_invalid,1788172060.119695,1788172070.159311,e03_1788172070.159311.png
3,perception_invalid,1788172060.119695,1788172070.209119,e03_1788172070.209119.png
3,perception_invalid,1788172060.119695,1788172070.259141,e03_1788172070.259141.png
3,perception_invalid,1788172060.119695,1788172070.309159,e03_1788172070.309159.png
3,perception_invalid,1788172060.119695,1788172070.359950,e03_1788172070.359950.png
3,perception_invalid,1788172060.119695,1788172070.410364,e03_1788172070.410364.png
3,perception_invalid,1788172060.119695,1788172070.459496,e03_1788172070.459496.png
3,perception_invalid,1788172060.119695,1788172070.510179,e03_1788172070.510179.png
3,perception_invalid,1788172060.119695,1788172070.609695,e03_1788172070.609695.png
3,perception_invalid,1788172060.119695,1788172070.659275,e03_1788172070.659275.png
3,perception_invalid,1788172060.119695,1788172070.709390,e03_1788172070.709390.png
3,perception_invalid,1788172060.119695,1788172070.760143,e03_1788172070.760143.png
3,perception_invalid,1788172060.119695,1788172070.859587,e03_1788172070.859587.png
3,perception_invalid,1788172060.119695,1788172070.909056,e03_1788172070.909056.png
3,perception_invalid,1788172060.119695,1788172070.959938,e03_1788172070.959938.png
3,perception_invalid,1788172060.119695,1788172071.009476,e03_1788172071.009476.png
3,perception_invalid,1788172060.119695,1788172071.109765,e03_1788172071.109765.png
3,perception_invalid,1788172060.119695,1788172071.160086,e03_1788172071.160086.png
3,perception_invalid,1788172060.119695,1788172071.209420,e03_1788172071.209420.png
3,perception_invalid,1788172060.119695,1788172071.259974,e03_1788172071.259974.png
3,perception_invalid,1788172060.119695,1788172071.359627,e03_1788172071.359627.png
3,perception_invalid,1788172060.119695,1788172071.459159,e03_1788172071.459159.png
3,perception_invalid,1788172060.119695,1788172071.559212,e03_1788172071.559212.png
3,perception_invalid,1788172060.119695,1788172071.609208,e03_1788172071.609208.png
3,perception_invalid,1788172060.119695,1788172071.709744,e03_1788172071.709744.png
3,perception_invalid,1788172060.119695,1788172071.759702,e03_1788172071.759702.png
3,perception_invalid,1788172060.119695,1788172071.810102,e03_1788172071.810102.png
3,perception_invalid,1788172060.119695,1788172071.859440,e03_1788172071.859440.png
3,perception_invalid,1788172060.119695,1788172071.909884,e03_1788172071.909884.png
3,perception_invalid,1788172060.119695,1788172071.960362,e03_1788172071.960362.png
3,perception_invalid,1788172060.119695,1788172072.060906,e03_1788172072.060906.png
3,perception_invalid,1788172060.119695,1788172072.109237,e03_1788172072.109237.png
3,perception_invalid,1788172060.119695,1788172072.159205,e03_1788172072.159205.png
3,perception_invalid,1788172060.119695,1788172072.209234,e03_1788172072.209234.png
3,perception_invalid,1788172060.119695,1788172072.260274,e03_1788172072.260274.png
3,perception_invalid,1788172060.119695,1788172072.309483,e03_1788172072.309483.png
3,perception_invalid,1788172060.119695,1788172072.359890,e03_1788172072.359890.png
3,perception_invalid,1788172060.119695,1788172072.409364,e03_1788172072.409364.png
3,perception_invalid,1788172060.119695,1788172072.459224,e03_1788172072.459224.png
3,perception_invalid,1788172060.119695,1788172072.559343,e03_1788172072.559343.png
3,perception_invalid,1788172060.119695,1788172072.709528,e03_1788172072.709528.png
3,perception_invalid,1788172060.119695,1788172072.760179,e03_1788172072.760179.png
3,perception_invalid,1788172060.119695,1788172072.809330,e03_1788172072.809330.png
3,perception_invalid,1788172060.119695,1788172072.860101,e03_1788172072.860101.png
3,perception_invalid,1788172060.119695,1788172072.909411,e03_1788172072.909411.png
3,perception_invalid,1788172060.119695,1788172073.009283,e03_1788172073.009283.png
3,perception_invalid,1788172060.119695,1788172073.060191,e03_1788172073.060191.png
3,perception_invalid,1788172060.119695,1788172073.109188,e03_1788172073.109188.png
3,perception_invalid,1788172060.119695,1788172073.159704,e03_1788172073.159704.png
3,perception_invalid,1788172060.119695,1788172073.209574,e03_1788172073.209574.png
3,perception_invalid,1788172060.119695,1788172073.259645,e03_1788172073.259645.png
3,perception_invalid,1788172060.119695,1788172073.309089,e03_1788172073.309089.png
3,perception_invalid,1788172060.119695,1788172073.364264,e03_1788172073.364264.png
3,perception_invalid,1788172060.119695,1788172073.410004,e03_1788172073.410004.png
3,perception_invalid,1788172060.119695,1788172073.467291,e03_1788172073.467291.png
3,perception_invalid,1788172060.119695,1788172073.760062,e03_1788172073.760062.png
3,perception_invalid,1788172060.119695,1788172073.810674,e03_1788172073.810674.png
3,perception_invalid,1788172060.119695,1788172073.861956,e03_1788172073.861956.png
3,perception_invalid,1788172060.119695,1788172073.959527,e03_1788172073.959527.png
3,perception_invalid,1788172060.119695,1788172074.009023,e03_1788172074.009023.png
3,perception_invalid,1788172060.119695,1788172074.159662,e03_1788172074.159662.png
3,perception_invalid,1788172060.119695,1788172074.210722,e03_1788172074.210722.png
3,perception_invalid,1788172060.119695,1788172074.309328,e03_1788172074.309328.png
3,perception_invalid,1788172060.119695,1788172074.459218,e03_1788172074.459218.png
3,perception_invalid,1788172060.119695,1788172074.511173,e03_1788172074.511173.png
3,perception_invalid,1788172060.119695,1788172074.559141,e03_1788172074.559141.png
3,perception_invalid,1788172060.119695,1788172074.609005,e03_1788172074.609005.png
4,perception_invalid,1788172075.307462,1788172074.659367,e04_1788172074.659367.png
4,perception_invalid,1788172075.307462,1788172074.759413,e04_1788172074.759413.png
4,perception_invalid,1788172075.307462,1788172074.859315,e04_1788172074.859315.png
4,perception_invalid,1788172075.307462,1788172074.959275,e04_1788172074.959275.png
4,perception_invalid,1788172075.307462,1788172075.009135,e04_1788172075.009135.png
4,perception_invalid,1788172075.307462,1788172075.061272,e04_1788172075.061272.png
4,perception_invalid,1788172075.307462,1788172075.110453,e04_1788172075.110453.png
4,perception_invalid,1788172075.307462,1788172075.159920,e04_1788172075.159920.png
4,perception_invalid,1788172075.307462,1788172075.259514,e04_1788172075.259514.png
4,perception_invalid,1788172075.307462,1788172075.409055,e04_1788172075.409055.png
4,perception_invalid,1788172075.307462,1788172075.459288,e04_1788172075.459288.png
4,perception_invalid,1788172075.307462,1788172075.558996,e04_1788172075.558996.png
4,perception_invalid,1788172075.307462,1788172075.609092,e04_1788172075.609092.png
4,perception_invalid,1788172075.307462,1788172075.659741,e04_1788172075.659741.png
4,perception_invalid,1788172075.307462,1788172075.709260,e04_1788172075.709260.png
4,perception_invalid,1788172075.307462,1788172075.759660,e04_1788172075.759660.png
4,perception_invalid,1788172075.307462,1788172075.810896,e04_1788172075.810896.png
4,perception_invalid,1788172075.307462,1788172075.859924,e04_1788172075.859924.png
4,perception_invalid,1788172075.307462,1788172075.911258,e04_1788172075.911258.png
4,perception_invalid,1788172075.307462,1788172075.959737,e04_1788172075.959737.png
4,perception_invalid,1788172075.307462,1788172076.009993,e04_1788172076.009993.png
4,perception_invalid,1788172075.307462,1788172076.109873,e04_1788172076.109873.png
4,perception_invalid,1788172075.307462,1788172076.161086,e04_1788172076.161086.png
4,perception_invalid,1788172075.307462,1788172076.412045,e04_1788172076.412045.png
4,perception_invalid,1788172075.307462,1788172076.560217,e04_1788172076.560217.png
4,perception_invalid,1788172075.307462,1788172076.611708,e04_1788172076.611708.png
4,perception_invalid,1788172075.307462,1788172076.710242,e04_1788172076.710242.png
4,perception_invalid,1788172075.307462,1788172076.810379,e04_1788172076.810379.png
4,perception_invalid,1788172075.307462,1788172076.859449,e04_1788172076.859449.png
4,perception_invalid,1788172075.307462,1788172076.960305,e04_1788172076.960305.png
4,perception_invalid,1788172075.307462,1788172077.009118,e04_1788172077.009118.png
4,perception_invalid,1788172075.307462,1788172077.059491,e04_1788172077.059491.png
4,perception_invalid,1788172075.307462,1788172077.109996,e04_1788172077.109996.png
4,perception_invalid,1788172075.307462,1788172077.159629,e04_1788172077.159629.png
4,perception_invalid,1788172075.307462,1788172077.209758,e04_1788172077.209758.png
4,perception_invalid,1788172075.307462,1788172077.260029,e04_1788172077.260029.png
4,perception_invalid,1788172075.307462,1788172077.310708,e04_1788172077.310708.png
4,perception_invalid,1788172075.307462,1788172077.359872,e04_1788172077.359872.png
4,perception_invalid,1788172075.307462,1788172077.459080,e04_1788172077.459080.png
4,perception_invalid,1788172075.307462,1788172077.659061,e04_1788172077.659061.png
4,perception_invalid,1788172075.307462,1788172077.709760,e04_1788172077.709760.png
4,perception_invalid,1788172075.307462,1788172077.759608,e04_1788172077.759608.png
5,perception_invalid,1788172079.109298,1788172077.811117,e05_1788172077.811117.png
5,perception_invalid,1788172079.109298,1788172077.859025,e05_1788172077.859025.png
5,perception_invalid,1788172079.109298,1788172077.909135,e05_1788172077.909135.png
5,perception_invalid,1788172079.109298,1788172078.160275,e05_1788172078.160275.png
5,perception_invalid,1788172079.109298,1788172078.209931,e05_1788172078.209931.png
5,perception_invalid,1788172079.109298,1788172078.259574,e05_1788172078.259574.png
5,perception_invalid,1788172079.109298,1788172078.309419,e05_1788172078.309419.png
5,perception_invalid,1788172079.109298,1788172078.362651,e05_1788172078.362651.png
5,perception_invalid,1788172079.109298,1788172078.459308,e05_1788172078.459308.png
5,perception_invalid,1788172079.109298,1788172078.509198,e05_1788172078.509198.png
5,perception_invalid,1788172079.109298,1788172078.559138,e05_1788172078.559138.png
5,perception_invalid,1788172079.109298,1788172078.609178,e05_1788172078.609178.png
5,perception_invalid,1788172079.109298,1788172078.709848,e05_1788172078.709848.png
5,perception_invalid,1788172079.109298,1788172078.759666,e05_1788172078.759666.png
5,perception_invalid,1788172079.109298,1788172078.809289,e05_1788172078.809289.png
5,perception_invalid,1788172079.109298,1788172079.009707,e05_1788172079.009707.png
5,perception_invalid,1788172079.109298,1788172079.059381,e05_1788172079.059381.png
5,perception_invalid,1788172079.109298,1788172079.159530,e05_1788172079.159530.png
5,perception_invalid,1788172079.109298,1788172079.210216,e05_1788172079.210216.png
5,perception_invalid,1788172079.109298,1788172079.309067,e05_1788172079.309067.png
5,perception_invalid,1788172079.109298,1788172079.361371,e05_1788172079.361371.png
5,perception_invalid,1788172079.109298,1788172079.411397,e05_1788172079.411397.png
5,perception_invalid,1788172079.109298,1788172079.459374,e05_1788172079.459374.png
5,perception_invalid,1788172079.109298,1788172079.509291,e05_1788172079.509291.png
5,perception_invalid,1788172079.109298,1788172079.559036,e05_1788172079.559036.png
5,perception_invalid,1788172079.109298,1788172079.609493,e05_1788172079.609493.png
5,perception_invalid,1788172079.109298,1788172079.709005,e05_1788172079.709005.png
5,perception_invalid,1788172079.109298,1788172079.759629,e05_1788172079.759629.png
5,perception_invalid,1788172079.109298,1788172079.808945,e05_1788172079.808945.png
5,perception_invalid,1788172079.109298,1788172079.859405,e05_1788172079.859405.png
5,perception_invalid,1788172079.109298,1788172079.909086,e05_1788172079.909086.png
5,perception_invalid,1788172079.109298,1788172079.959110,e05_1788172079.959110.png
5,perception_invalid,1788172079.109298,1788172080.009207,e05_1788172080.009207.png
5,perception_invalid,1788172079.109298,1788172080.109173,e05_1788172080.109173.png
5,perception_invalid,1788172079.109298,1788172080.159335,e05_1788172080.159335.png
5,perception_invalid,1788172079.109298,1788172080.209157,e05_1788172080.209157.png
5,perception_invalid,1788172079.109298,1788172080.259348,e05_1788172080.259348.png
5,perception_invalid,1788172079.109298,1788172080.509949,e05_1788172080.509949.png
5,perception_invalid,1788172079.109298,1788172080.559879,e05_1788172080.559879.png
5,perception_invalid,1788172079.109298,1788172080.609513,e05_1788172080.609513.png
5,perception_invalid,1788172079.109298,1788172080.659890,e05_1788172080.659890.png
5,perception_invalid,1788172079.109298,1788172080.709232,e05_1788172080.709232.png
5,perception_invalid,1788172079.109298,1788172080.809493,e05_1788172080.809493.png
5,perception_invalid,1788172079.109298,1788172080.859692,e05_1788172080.859692.png
5,perception_invalid,1788172079.109298,1788172080.909807,e05_1788172080.909807.png
5,perception_invalid,1788172079.109298,1788172080.960094,e05_1788172080.960094.png
5,perception_invalid,1788172079.109298,1788172081.009344,e05_1788172081.009344.png
5,perception_invalid,1788172079.109298,1788172081.062584,e05_1788172081.062584.png
5,perception_invalid,1788172079.109298,1788172081.109209,e05_1788172081.109209.png
5,perception_invalid,1788172079.109298,1788172081.161167,e05_1788172081.161167.png
5,perception_invalid,1788172079.109298,1788172081.211517,e05_1788172081.211517.png
5,perception_invalid,1788172079.109298,1788172081.262002,e05_1788172081.262002.png
5,perception_invalid,1788172079.109298,1788172081.309056,e05_1788172081.309056.png
5,perception_invalid,1788172079.109298,1788172081.359383,e05_1788172081.359383.png
6,perception_invalid,1788172081.503157,1788172081.509031,e06_1788172081.509031.png
6,perception_invalid,1788172081.503157,1788172081.560196,e06_1788172081.560196.png
6,perception_invalid,1788172081.503157,1788172081.611067,e06_1788172081.611067.png
6,perception_invalid,1788172081.503157,1788172081.661468,e06_1788172081.661468.png
6,perception_invalid,1788172081.503157,1788172081.710369,e06_1788172081.710369.png
6,perception_invalid,1788172081.503157,1788172081.809531,e06_1788172081.809531.png
6,perception_invalid,1788172081.503157,1788172081.909372,e06_1788172081.909372.png
6,perception_invalid,1788172081.503157,1788172081.959450,e06_1788172081.959450.png
6,perception_invalid,1788172081.503157,1788172082.009272,e06_1788172082.009272.png
6,perception_invalid,1788172081.503157,1788172082.110150,e06_1788172082.110150.png
6,perception_invalid,1788172081.503157,1788172082.160807,e06_1788172082.160807.png
6,perception_invalid,1788172081.503157,1788172082.209611,e06_1788172082.209611.png
6,perception_invalid,1788172081.503157,1788172082.309203,e06_1788172082.309203.png
6,perception_invalid,1788172081.503157,1788172082.408847,e06_1788172082.408847.png
6,perception_invalid,1788172081.503157,1788172082.559729,e06_1788172082.559729.png
6,perception_invalid,1788172081.503157,1788172082.609273,e06_1788172082.609273.png
6,perception_invalid,1788172081.503157,1788172082.659798,e06_1788172082.659798.png
6,perception_invalid,1788172081.503157,1788172082.709456,e06_1788172082.709456.png
6,perception_invalid,1788172081.503157,1788172082.809740,e06_1788172082.809740.png
6,perception_invalid,1788172081.503157,1788172082.861037,e06_1788172082.861037.png
6,perception_invalid,1788172081.503157,1788172082.908881,e06_1788172082.908881.png
6,perception_invalid,1788172081.503157,1788172082.959146,e06_1788172082.959146.png
6,perception_invalid,1788172081.503157,1788172083.009042,e06_1788172083.009042.png
6,perception_invalid,1788172081.503157,1788172083.109196,e06_1788172083.109196.png
6,perception_invalid,1788172081.503157,1788172083.162898,e06_1788172083.162898.png
6,perception_invalid,1788172081.503157,1788172083.209284,e06_1788172083.209284.png
6,perception_invalid,1788172081.503157,1788172083.261368,e06_1788172083.261368.png
6,perception_invalid,1788172081.503157,1788172083.309462,e06_1788172083.309462.png
6,perception_invalid,1788172081.503157,1788172083.359519,e06_1788172083.359519.png
6,perception_invalid,1788172081.503157,1788172083.459742,e06_1788172083.459742.png
6,perception_invalid,1788172081.503157,1788172083.510187,e06_1788172083.510187.png
6,perception_invalid,1788172081.503157,1788172083.609069,e06_1788172083.609069.png
6,perception_invalid,1788172081.503157,1788172083.661479,e06_1788172083.661479.png
6,perception_invalid,1788172081.503157,1788172083.709788,e06_1788172083.709788.png
6,perception_invalid,1788172081.503157,1788172083.759617,e06_1788172083.759617.png
6,perception_invalid,1788172081.503157,1788172083.808745,e06_1788172083.808745.png
6,perception_invalid,1788172081.503157,1788172083.909119,e06_1788172083.909119.png
6,perception_invalid,1788172081.503157,1788172083.959358,e06_1788172083.959358.png
6,perception_invalid,1788172081.503157,1788172084.010162,e06_1788172084.010162.png
6,perception_invalid,1788172081.503157,1788172084.109055,e06_1788172084.109055.png
6,perception_invalid,1788172081.503157,1788172084.208940,e06_1788172084.208940.png
6,perception_invalid,1788172081.503157,1788172084.309018,e06_1788172084.309018.png
6,perception_invalid,1788172081.503157,1788172084.359492,e06_1788172084.359492.png
6,perception_invalid,1788172081.503157,1788172084.411696,e06_1788172084.411696.png
6,perception_invalid,1788172081.503157,1788172084.459337,e06_1788172084.459337.png
6,perception_invalid,1788172081.503157,1788172084.508980,e06_1788172084.508980.png
6,perception_invalid,1788172081.503157,1788172084.559370,e06_1788172084.559370.png
6,perception_invalid,1788172081.503157,1788172084.608996,e06_1788172084.608996.png
6,perception_invalid,1788172081.503157,1788172084.659344,e06_1788172084.659344.png
6,perception_invalid,1788172081.503157,1788172084.709529,e06_1788172084.709529.png
6,perception_invalid,1788172081.503157,1788172084.759976,e06_1788172084.759976.png
6,perception_invalid,1788172081.503157,1788172084.860904,e06_1788172084.860904.png
6,perception_invalid,1788172081.503157,1788172084.909394,e06_1788172084.909394.png
6,perception_invalid,1788172081.503157,1788172085.008955,e06_1788172085.008955.png
6,perception_invalid,1788172081.503157,1788172085.160564,e06_1788172085.160564.png
6,perception_invalid,1788172081.503157,1788172085.209538,e06_1788172085.209538.png
6,perception_invalid,1788172081.503157,1788172085.309017,e06_1788172085.309017.png
6,perception_invalid,1788172081.503157,1788172085.359803,e06_1788172085.359803.png
6,perception_invalid,1788172081.503157,1788172085.408856,e06_1788172085.408856.png
6,perception_invalid,1788172081.503157,1788172085.459464,e06_1788172085.459464.png
6,perception_invalid,1788172081.503157,1788172085.509218,e06_1788172085.509218.png
6,perception_invalid,1788172081.503157,1788172085.609512,e06_1788172085.609512.png
6,perception_invalid,1788172081.503157,1788172085.665505,e06_1788172085.665505.png
6,perception_invalid,1788172081.503157,1788172085.710981,e06_1788172085.710981.png
6,perception_invalid,1788172081.503157,1788172085.763069,e06_1788172085.763069.png
6,perception_invalid,1788172081.503157,1788172085.861471,e06_1788172085.861471.png
6,perception_invalid,1788172081.503157,1788172085.909088,e06_1788172085.909088.png
6,perception_invalid,1788172081.503157,1788172085.961579,e06_1788172085.961579.png
6,perception_invalid,1788172081.503157,1788172086.010280,e06_1788172086.010280.png
6,perception_invalid,1788172081.503157,1788172086.059749,e06_1788172086.059749.png
6,perception_invalid,1788172081.503157,1788172086.109051,e06_1788172086.109051.png
6,perception_invalid,1788172081.503157,1788172086.159022,e06_1788172086.159022.png
6,perception_invalid,1788172081.503157,1788172086.210219,e06_1788172086.210219.png
6,perception_invalid,1788172081.503157,1788172086.260355,e06_1788172086.260355.png
6,perception_invalid,1788172081.503157,1788172086.361922,e06_1788172086.361922.png
6,perception_invalid,1788172081.503157,1788172086.409754,e06_1788172086.409754.png
6,perception_invalid,1788172081.503157,1788172086.509350,e06_1788172086.509350.png
6,perception_invalid,1788172081.503157,1788172086.559669,e06_1788172086.559669.png
6,perception_invalid,1788172081.503157,1788172086.610303,e06_1788172086.610303.png
6,perception_invalid,1788172081.503157,1788172086.660244,e06_1788172086.660244.png
6,perception_invalid,1788172081.503157,1788172086.709295,e06_1788172086.709295.png
6,perception_invalid,1788172081.503157,1788172086.761619,e06_1788172086.761619.png
6,perception_invalid,1788172081.503157,1788172086.809345,e06_1788172086.809345.png
6,perception_invalid,1788172081.503157,1788172086.860370,e06_1788172086.860370.png
6,perception_invalid,1788172081.503157,1788172086.909128,e06_1788172086.909128.png
7,perception_invalid,1788172087.006533,1788172087.009294,e07_1788172087.009294.png
7,perception_invalid,1788172087.006533,1788172087.059692,e07_1788172087.059692.png
7,perception_invalid,1788172087.006533,1788172087.109472,e07_1788172087.109472.png
7,perception_invalid,1788172087.006533,1788172087.160142,e07_1788172087.160142.png
7,perception_invalid,1788172087.006533,1788172087.209682,e07_1788172087.209682.png
7,perception_invalid,1788172087.006533,1788172087.261782,e07_1788172087.261782.png
7,perception_invalid,1788172087.006533,1788172087.308972,e07_1788172087.308972.png
7,perception_invalid,1788172087.006533,1788172087.410928,e07_1788172087.410928.png
7,perception_invalid,1788172087.006533,1788172087.509848,e07_1788172087.509848.png
7,perception_invalid,1788172087.006533,1788172087.561223,e07_1788172087.561223.png
7,perception_invalid,1788172087.006533,1788172087.609372,e07_1788172087.609372.png
7,perception_invalid,1788172087.006533,1788172087.709751,e07_1788172087.709751.png
7,perception_invalid,1788172087.006533,1788172087.809178,e07_1788172087.809178.png
7,perception_invalid,1788172087.006533,1788172087.960068,e07_1788172087.960068.png
7,perception_invalid,1788172087.006533,1788172088.061601,e07_1788172088.061601.png
7,perception_invalid,1788172087.006533,1788172088.160868,e07_1788172088.160868.png
7,perception_invalid,1788172087.006533,1788172088.262425,e07_1788172088.262425.png
7,perception_invalid,1788172087.006533,1788172088.309310,e07_1788172088.309310.png
7,perception_invalid,1788172087.006533,1788172088.360068,e07_1788172088.360068.png
7,perception_invalid,1788172087.006533,1788172088.409567,e07_1788172088.409567.png
7,perception_invalid,1788172087.006533,1788172088.460491,e07_1788172088.460491.png
7,perception_invalid,1788172087.006533,1788172088.659991,e07_1788172088.659991.png
7,perception_invalid,1788172087.006533,1788172088.709217,e07_1788172088.709217.png
7,perception_invalid,1788172087.006533,1788172088.760958,e07_1788172088.760958.png
7,perception_invalid,1788172087.006533,1788172088.809003,e07_1788172088.809003.png
7,perception_invalid,1788172087.006533,1788172088.860898,e07_1788172088.860898.png
7,perception_invalid,1788172087.006533,1788172088.908917,e07_1788172088.908917.png
7,perception_invalid,1788172087.006533,1788172088.959805,e07_1788172088.959805.png
7,perception_invalid,1788172087.006533,1788172089.009294,e07_1788172089.009294.png
7,perception_invalid,1788172087.006533,1788172089.060714,e07_1788172089.060714.png
7,perception_invalid,1788172087.006533,1788172089.210666,e07_1788172089.210666.png
7,perception_invalid,1788172087.006533,1788172089.259979,e07_1788172089.259979.png
7,perception_invalid,1788172087.006533,1788172089.309285,e07_1788172089.309285.png
7,perception_invalid,1788172087.006533,1788172089.360200,e07_1788172089.360200.png
7,perception_invalid,1788172087.006533,1788172089.409581,e07_1788172089.409581.png
7,perception_invalid,1788172087.006533,1788172089.459705,e07_1788172089.459705.png
7,perception_invalid,1788172087.006533,1788172089.509011,e07_1788172089.509011.png
7,perception_invalid,1788172087.006533,1788172089.560133,e07_1788172089.560133.png
7,perception_invalid,1788172087.006533,1788172089.609185,e07_1788172089.609185.png
7,perception_invalid,1788172087.006533,1788172089.710926,e07_1788172089.710926.png
7,perception_invalid,1788172087.006533,1788172089.762942,e07_1788172089.762942.png
7,perception_invalid,1788172087.006533,1788172089.810162,e07_1788172089.810162.png
7,perception_invalid,1788172087.006533,1788172089.859571,e07_1788172089.859571.png
7,perception_invalid,1788172087.006533,1788172089.908864,e07_1788172089.908864.png
7,perception_invalid,1788172087.006533,1788172089.959562,e07_1788172089.959562.png
7,perception_invalid,1788172087.006533,1788172090.009263,e07_1788172090.009263.png
7,perception_invalid,1788172087.006533,1788172090.059658,e07_1788172090.059658.png
7,perception_invalid,1788172087.006533,1788172090.109296,e07_1788172090.109296.png
7,perception_invalid,1788172087.006533,1788172090.560533,e07_1788172090.560533.png
7,perception_invalid,1788172087.006533,1788172090.710606,e07_1788172090.710606.png
7,perception_invalid,1788172087.006533,1788172090.761139,e07_1788172090.761139.png
7,perception_invalid,1788172087.006533,1788172090.809152,e07_1788172090.809152.png
7,perception_invalid,1788172087.006533,1788172090.861532,e07_1788172090.861532.png
7,perception_invalid,1788172087.006533,1788172091.010201,e07_1788172091.010201.png
7,perception_invalid,1788172087.006533,1788172091.061199,e07_1788172091.061199.png
7,perception_invalid,1788172087.006533,1788172091.109279,e07_1788172091.109279.png
7,perception_invalid,1788172087.006533,1788172091.161530,e07_1788172091.161530.png
7,perception_invalid,1788172087.006533,1788172091.209228,e07_1788172091.209228.png
7,perception_invalid,1788172087.006533,1788172091.259416,e07_1788172091.259416.png
7,perception_invalid,1788172087.006533,1788172091.359885,e07_1788172091.359885.png
7,perception_invalid,1788172087.006533,1788172091.409215,e07_1788172091.409215.png
7,perception_invalid,1788172087.006533,1788172091.460210,e07_1788172091.460210.png
7,perception_invalid,1788172087.006533,1788172091.509423,e07_1788172091.509423.png
7,perception_invalid,1788172087.006533,1788172091.610130,e07_1788172091.610130.png
7,perception_invalid,1788172087.006533,1788172091.661471,e07_1788172091.661471.png
7,perception_invalid,1788172087.006533,1788172091.709153,e07_1788172091.709153.png
7,perception_invalid,1788172087.006533,1788172091.760020,e07_1788172091.760020.png
7,perception_invalid,1788172087.006533,1788172091.808931,e07_1788172091.808931.png
7,perception_invalid,1788172087.006533,1788172091.859916,e07_1788172091.859916.png
7,perception_invalid,1788172087.006533,1788172091.909151,e07_1788172091.909151.png
7,perception_invalid,1788172087.006533,1788172092.060195,e07_1788172092.060195.png
7,perception_invalid,1788172087.006533,1788172092.110198,e07_1788172092.110198.png
7,perception_invalid,1788172087.006533,1788172092.209344,e07_1788172092.209344.png
7,perception_invalid,1788172087.006533,1788172092.259768,e07_1788172092.259768.png
7,perception_invalid,1788172087.006533,1788172092.359569,e07_1788172092.359569.png
7,perception_invalid,1788172087.006533,1788172092.409399,e07_1788172092.409399.png
7,perception_invalid,1788172087.006533,1788172092.459669,e07_1788172092.459669.png
7,perception_invalid,1788172087.006533,1788172092.509179,e07_1788172092.509179.png
7,perception_invalid,1788172087.006533,1788172092.609239,e07_1788172092.609239.png
7,perception_invalid,1788172087.006533,1788172092.710013,e07_1788172092.710013.png
7,perception_invalid,1788172087.006533,1788172092.761456,e07_1788172092.761456.png
7,perception_invalid,1788172087.006533,1788172092.808911,e07_1788172092.808911.png
7,perception_invalid,1788172087.006533,1788172092.860275,e07_1788172092.860275.png
7,perception_invalid,1788172087.006533,1788172093.062142,e07_1788172093.062142.png
7,perception_invalid,1788172087.006533,1788172093.109267,e07_1788172093.109267.png
7,perception_invalid,1788172087.006533,1788172093.160748,e07_1788172093.160748.png
7,perception_invalid,1788172087.006533,1788172093.209418,e07_1788172093.209418.png
7,perception_invalid,1788172087.006533,1788172093.260138,e07_1788172093.260138.png
7,perception_invalid,1788172087.006533,1788172093.308871,e07_1788172093.308871.png
7,perception_invalid,1788172087.006533,1788172093.409076,e07_1788172093.409076.png
7,perception_invalid,1788172087.006533,1788172093.459359,e07_1788172093.459359.png
7,perception_invalid,1788172087.006533,1788172093.509745,e07_1788172093.509745.png
7,perception_invalid,1788172087.006533,1788172093.559619,e07_1788172093.559619.png
7,perception_invalid,1788172087.006533,1788172093.608938,e07_1788172093.608938.png
7,perception_invalid,1788172087.006533,1788172093.660420,e07_1788172093.660420.png
7,perception_invalid,1788172087.006533,1788172093.709511,e07_1788172093.709511.png
7,perception_invalid,1788172087.006533,1788172093.760619,e07_1788172093.760619.png
7,perception_invalid,1788172087.006533,1788172093.809408,e07_1788172093.809408.png
7,perception_invalid,1788172087.006533,1788172093.959825,e07_1788172093.959825.png
7,perception_invalid,1788172087.006533,1788172094.009011,e07_1788172094.009011.png
8,perception_invalid,1788172094.619246,1788172094.259624,e08_1788172094.259624.png
8,perception_invalid,1788172094.619246,1788172094.310235,e08_1788172094.310235.png
8,perception_invalid,1788172094.619246,1788172094.359602,e08_1788172094.359602.png
8,perception_invalid,1788172094.619246,1788172094.409068,e08_1788172094.409068.png
8,perception_invalid,1788172094.619246,1788172094.459802,e08_1788172094.459802.png
8,perception_invalid,1788172094.619246,1788172094.560285,e08_1788172094.560285.png
8,perception_invalid,1788172094.619246,1788172094.609743,e08_1788172094.609743.png
8,perception_invalid,1788172094.619246,1788172094.660209,e08_1788172094.660209.png
8,perception_invalid,1788172094.619246,1788172094.709284,e08_1788172094.709284.png
8,perception_invalid,1788172094.619246,1788172094.767184,e08_1788172094.767184.png
8,perception_invalid,1788172094.619246,1788172094.810007,e08_1788172094.810007.png
8,perception_invalid,1788172094.619246,1788172094.859958,e08_1788172094.859958.png
8,perception_invalid,1788172094.619246,1788172094.910316,e08_1788172094.910316.png
8,perception_invalid,1788172094.619246,1788172095.009637,e08_1788172095.009637.png
8,perception_invalid,1788172094.619246,1788172095.109324,e08_1788172095.109324.png
8,perception_invalid,1788172094.619246,1788172095.161599,e08_1788172095.161599.png
8,perception_invalid,1788172094.619246,1788172095.209107,e08_1788172095.209107.png
8,perception_invalid,1788172094.619246,1788172095.260821,e08_1788172095.260821.png
8,perception_invalid,1788172094.619246,1788172095.363265,e08_1788172095.363265.png
8,perception_invalid,1788172094.619246,1788172095.410991,e08_1788172095.410991.png
8,perception_invalid,1788172094.619246,1788172095.462105,e08_1788172095.462105.png
8,perception_invalid,1788172094.619246,1788172095.661427,e08_1788172095.661427.png
8,perception_invalid,1788172094.619246,1788172095.709457,e08_1788172095.709457.png
8,perception_invalid,1788172094.619246,1788172095.760357,e08_1788172095.760357.png
8,perception_invalid,1788172094.619246,1788172095.809266,e08_1788172095.809266.png
8,perception_invalid,1788172094.619246,1788172095.859558,e08_1788172095.859558.png
8,perception_invalid,1788172094.619246,1788172095.911089,e08_1788172095.911089.png
8,perception_invalid,1788172094.619246,1788172096.109734,e08_1788172096.109734.png
8,perception_invalid,1788172094.619246,1788172096.209587,e08_1788172096.209587.png
8,perception_invalid,1788172094.619246,1788172096.259772,e08_1788172096.259772.png
8,perception_invalid,1788172094.619246,1788172096.309413,e08_1788172096.309413.png
8,perception_invalid,1788172094.619246,1788172096.360413,e08_1788172096.360413.png
8,perception_invalid,1788172094.619246,1788172096.509175,e08_1788172096.509175.png
8,perception_invalid,1788172094.619246,1788172096.659498,e08_1788172096.659498.png
8,perception_invalid,1788172094.619246,1788172096.760153,e08_1788172096.760153.png
8,perception_invalid,1788172094.619246,1788172096.810144,e08_1788172096.810144.png
8,perception_invalid,1788172094.619246,1788172096.859489,e08_1788172096.859489.png
8,perception_invalid,1788172094.619246,1788172096.910198,e08_1788172096.910198.png
8,perception_invalid,1788172094.619246,1788172097.009460,e08_1788172097.009460.png
8,perception_invalid,1788172094.619246,1788172097.109887,e08_1788172097.109887.png
8,perception_invalid,1788172094.619246,1788172097.161283,e08_1788172097.161283.png
8,perception_invalid,1788172094.619246,1788172097.309192,e08_1788172097.309192.png
8,perception_invalid,1788172094.619246,1788172097.359657,e08_1788172097.359657.png
8,perception_invalid,1788172094.619246,1788172097.409194,e08_1788172097.409194.png
8,perception_invalid,1788172094.619246,1788172097.460028,e08_1788172097.460028.png
8,perception_invalid,1788172094.619246,1788172097.559390,e08_1788172097.559390.png
8,perception_invalid,1788172094.619246,1788172097.608949,e08_1788172097.608949.png
8,perception_invalid,1788172094.619246,1788172097.659558,e08_1788172097.659558.png
8,perception_invalid,1788172094.619246,1788172097.810495,e08_1788172097.810495.png
8,perception_invalid,1788172094.619246,1788172097.859706,e08_1788172097.859706.png
8,perception_invalid,1788172094.619246,1788172098.060932,e08_1788172098.060932.png
8,perception_invalid,1788172094.619246,1788172098.159891,e08_1788172098.159891.png
8,perception_invalid,1788172094.619246,1788172098.209297,e08_1788172098.209297.png
8,perception_invalid,1788172094.619246,1788172098.260705,e08_1788172098.260705.png
8,perception_invalid,1788172094.619246,1788172098.311095,e08_1788172098.311095.png
8,perception_invalid,1788172094.619246,1788172098.359360,e08_1788172098.359360.png
8,perception_invalid,1788172094.619246,1788172098.409296,e08_1788172098.409296.png
8,perception_invalid,1788172094.619246,1788172098.459244,e08_1788172098.459244.png
8,perception_invalid,1788172094.619246,1788172098.508952,e08_1788172098.508952.png
8,perception_invalid,1788172094.619246,1788172098.559142,e08_1788172098.559142.png
8,perception_invalid,1788172094.619246,1788172098.713253,e08_1788172098.713253.png
8,perception_invalid,1788172094.619246,1788172098.759651,e08_1788172098.759651.png
8,perception_invalid,1788172094.619246,1788172098.812217,e08_1788172098.812217.png
8,perception_invalid,1788172094.619246,1788172098.860449,e08_1788172098.860449.png
8,perception_invalid,1788172094.619246,1788172098.909159,e08_1788172098.909159.png
8,perception_invalid,1788172094.619246,1788172098.959449,e08_1788172098.959449.png
8,perception_invalid,1788172094.619246,1788172099.008922,e08_1788172099.008922.png
8,perception_invalid,1788172094.619246,1788172099.062463,e08_1788172099.062463.png
8,perception_invalid,1788172094.619246,1788172099.209346,e08_1788172099.209346.png
8,perception_invalid,1788172094.619246,1788172099.259474,e08_1788172099.259474.png
8,perception_invalid,1788172094.619246,1788172099.309193,e08_1788172099.309193.png
8,perception_invalid,1788172094.619246,1788172099.359212,e08_1788172099.359212.png
8,perception_invalid,1788172094.619246,1788172099.509840,e08_1788172099.509840.png
8,perception_invalid,1788172094.619246,1788172099.609528,e08_1788172099.609528.png
8,perception_invalid,1788172094.619246,1788172099.660081,e08_1788172099.660081.png
8,perception_invalid,1788172094.619246,1788172099.709758,e08_1788172099.709758.png
8,perception_invalid,1788172094.619246,1788172099.762226,e08_1788172099.762226.png
8,perception_invalid,1788172094.619246,1788172099.808906,e08_1788172099.808906.png
8,perception_invalid,1788172094.619246,1788172099.859516,e08_1788172099.859516.png
8,perception_invalid,1788172094.619246,1788172099.909261,e08_1788172099.909261.png
8,perception_invalid,1788172094.619246,1788172099.959252,e08_1788172099.959252.png
8,perception_invalid,1788172094.619246,1788172100.009567,e08_1788172100.009567.png
8,perception_invalid,1788172094.619246,1788172100.109221,e08_1788172100.109221.png
8,perception_invalid,1788172094.619246,1788172100.160345,e08_1788172100.160345.png
8,perception_invalid,1788172094.619246,1788172100.209582,e08_1788172100.209582.png
8,perception_invalid,1788172094.619246,1788172100.259705,e08_1788172100.259705.png
8,perception_invalid,1788172094.619246,1788172100.309620,e08_1788172100.309620.png
8,perception_invalid,1788172094.619246,1788172100.361068,e08_1788172100.361068.png
8,perception_invalid,1788172094.619246,1788172100.409224,e08_1788172100.409224.png
8,perception_invalid,1788172094.619246,1788172100.459281,e08_1788172100.459281.png
8,perception_invalid,1788172094.619246,1788172100.509119,e08_1788172100.509119.png
8,perception_invalid,1788172094.619246,1788172100.562556,e08_1788172100.562556.png
8,perception_invalid,1788172094.619246,1788172100.610340,e08_1788172100.610340.png
8,perception_invalid,1788172094.619246,1788172100.710655,e08_1788172100.710655.png
8,perception_invalid,1788172094.619246,1788172100.759953,e08_1788172100.759953.png
8,perception_invalid,1788172094.619246,1788172100.861427,e08_1788172100.861427.png
8,perception_invalid,1788172094.619246,1788172100.912102,e08_1788172100.912102.png
8,perception_invalid,1788172094.619246,1788172100.959755,e08_1788172100.959755.png
8,perception_invalid,1788172094.619246,1788172101.009598,e08_1788172101.009598.png
8,perception_invalid,1788172094.619246,1788172101.060214,e08_1788172101.060214.png
8,perception_invalid,1788172094.619246,1788172101.109717,e08_1788172101.109717.png
8,perception_invalid,1788172094.619246,1788172101.160552,e08_1788172101.160552.png
8,perception_invalid,1788172094.619246,1788172101.209099,e08_1788172101.209099.png
8,perception_invalid,1788172094.619246,1788172101.261172,e08_1788172101.261172.png
8,perception_invalid,1788172094.619246,1788172101.309945,e08_1788172101.309945.png
8,perception_invalid,1788172094.619246,1788172101.409452,e08_1788172101.409452.png
8,perception_invalid,1788172094.619246,1788172101.509580,e08_1788172101.509580.png
8,perception_invalid,1788172094.619246,1788172101.560322,e08_1788172101.560322.png
8,perception_invalid,1788172094.619246,1788172101.610363,e08_1788172101.610363.png
8,perception_invalid,1788172094.619246,1788172101.660509,e08_1788172101.660509.png
8,perception_invalid,1788172094.619246,1788172101.709331,e08_1788172101.709331.png
8,perception_invalid,1788172094.619246,1788172101.763128,e08_1788172101.763128.png
8,perception_invalid,1788172094.619246,1788172101.861040,e08_1788172101.861040.png
8,perception_invalid,1788172094.619246,1788172101.910055,e08_1788172101.910055.png
8,perception_invalid,1788172094.619246,1788172101.959434,e08_1788172101.959434.png
8,perception_invalid,1788172094.619246,1788172102.009504,e08_1788172102.009504.png
8,perception_invalid,1788172094.619246,1788172102.113627,e08_1788172102.113627.png
8,perception_invalid,1788172094.619246,1788172102.160103,e08_1788172102.160103.png
8,perception_invalid,1788172094.619246,1788172102.209435,e08_1788172102.209435.png
8,perception_invalid,1788172094.619246,1788172102.309439,e08_1788172102.309439.png
8,perception_invalid,1788172094.619246,1788172102.409335,e08_1788172102.409335.png
8,perception_invalid,1788172094.619246,1788172102.459254,e08_1788172102.459254.png
8,perception_invalid,1788172094.619246,1788172102.559547,e08_1788172102.559547.png
8,perception_invalid,1788172094.619246,1788172102.759682,e08_1788172102.759682.png
8,perception_invalid,1788172094.619246,1788172102.809539,e08_1788172102.809539.png
8,perception_invalid,1788172094.619246,1788172102.859804,e08_1788172102.859804.png
8,perception_invalid,1788172094.619246,1788172102.909300,e08_1788172102.909300.png
8,perception_invalid,1788172094.619246,1788172103.159847,e08_1788172103.159847.png
8,perception_invalid,1788172094.619246,1788172103.209166,e08_1788172103.209166.png
8,perception_invalid,1788172094.619246,1788172103.359547,e08_1788172103.359547.png
8,perception_invalid,1788172094.619246,1788172103.474321,e08_1788172103.474321.png
8,perception_invalid,1788172094.619246,1788172103.609084,e08_1788172103.609084.png
8,perception_invalid,1788172094.619246,1788172103.709021,e08_1788172103.709021.png
8,perception_invalid,1788172094.619246,1788172103.759506,e08_1788172103.759506.png
8,perception_invalid,1788172094.619246,1788172103.859451,e08_1788172103.859451.png
8,perception_invalid,1788172094.619246,1788172103.959457,e08_1788172103.959457.png
8,perception_invalid,1788172094.619246,1788172104.009269,e08_1788172104.009269.png
8,perception_invalid,1788172094.619246,1788172104.060249,e08_1788172104.060249.png
8,perception_invalid,1788172094.619246,1788172104.109046,e08_1788172104.109046.png
8,perception_invalid,1788172094.619246,1788172104.161785,e08_1788172104.161785.png
8,perception_invalid,1788172094.619246,1788172104.209010,e08_1788172104.209010.png
8,perception_invalid,1788172094.619246,1788172104.260075,e08_1788172104.260075.png
8,perception_invalid,1788172094.619246,1788172104.311667,e08_1788172104.311667.png
8,perception_invalid,1788172094.619246,1788172104.361477,e08_1788172104.361477.png
8,perception_invalid,1788172094.619246,1788172104.609453,e08_1788172104.609453.png
8,perception_invalid,1788172094.619246,1788172104.661519,e08_1788172104.661519.png
8,perception_invalid,1788172094.619246,1788172104.709097,e08_1788172104.709097.png
8,perception_invalid,1788172094.619246,1788172104.759393,e08_1788172104.759393.png
8,perception_invalid,1788172094.619246,1788172104.808958,e08_1788172104.808958.png
8,perception_invalid,1788172094.619246,1788172104.859309,e08_1788172104.859309.png
8,perception_invalid,1788172094.619246,1788172104.909343,e08_1788172104.909343.png
8,perception_invalid,1788172094.619246,1788172104.959971,e08_1788172104.959971.png
8,perception_invalid,1788172094.619246,1788172105.009598,e08_1788172105.009598.png
8,perception_invalid,1788172094.619246,1788172105.059395,e08_1788172105.059395.png
8,perception_invalid,1788172094.619246,1788172105.109470,e08_1788172105.109470.png
8,perception_invalid,1788172094.619246,1788172105.209256,e08_1788172105.209256.png
8,perception_invalid,1788172094.619246,1788172105.259533,e08_1788172105.259533.png
8,perception_invalid,1788172094.619246,1788172105.309987,e08_1788172105.309987.png
8,perception_invalid,1788172094.619246,1788172105.359528,e08_1788172105.359528.png
8,perception_invalid,1788172094.619246,1788172105.409650,e08_1788172105.409650.png
8,perception_invalid,1788172094.619246,1788172105.459876,e08_1788172105.459876.png
8,perception_invalid,1788172094.619246,1788172105.559689,e08_1788172105.559689.png
8,perception_invalid,1788172094.619246,1788172105.609903,e08_1788172105.609903.png
8,perception_invalid,1788172094.619246,1788172105.663005,e08_1788172105.663005.png
8,perception_invalid,1788172094.619246,1788172105.709935,e08_1788172105.709935.png
8,perception_invalid,1788172094.619246,1788172105.762084,e08_1788172105.762084.png
8,perception_invalid,1788172094.619246,1788172105.809404,e08_1788172105.809404.png
8,perception_invalid,1788172094.619246,1788172105.859592,e08_1788172105.859592.png
8,perception_invalid,1788172094.619246,1788172105.909394,e08_1788172105.909394.png
8,perception_invalid,1788172094.619246,1788172106.009337,e08_1788172106.009337.png
8,perception_invalid,1788172094.619246,1788172106.059465,e08_1788172106.059465.png
8,perception_invalid,1788172094.619246,1788172106.109872,e08_1788172106.109872.png
8,perception_invalid,1788172094.619246,1788172106.159281,e08_1788172106.159281.png
8,perception_invalid,1788172094.619246,1788172106.359712,e08_1788172106.359712.png
8,perception_invalid,1788172094.619246,1788172106.460158,e08_1788172106.460158.png
8,perception_invalid,1788172094.619246,1788172106.509174,e08_1788172106.509174.png
8,perception_invalid,1788172094.619246,1788172106.560908,e08_1788172106.560908.png
8,perception_invalid,1788172094.619246,1788172106.609311,e08_1788172106.609311.png
8,perception_invalid,1788172094.619246,1788172106.659808,e08_1788172106.659808.png
8,perception_invalid,1788172094.619246,1788172106.710264,e08_1788172106.710264.png
8,perception_invalid,1788172094.619246,1788172106.759522,e08_1788172106.759522.png
8,perception_invalid,1788172094.619246,1788172106.860912,e08_1788172106.860912.png
8,perception_invalid,1788172094.619246,1788172106.910361,e08_1788172106.910361.png
8,perception_invalid,1788172094.619246,1788172106.959515,e08_1788172106.959515.png
8,perception_invalid,1788172094.619246,1788172107.008935,e08_1788172107.008935.png
8,perception_invalid,1788172094.619246,1788172107.059596,e08_1788172107.059596.png
8,perception_invalid,1788172094.619246,1788172107.109252,e08_1788172107.109252.png
8,perception_invalid,1788172094.619246,1788172107.160224,e08_1788172107.160224.png
8,perception_invalid,1788172094.619246,1788172107.209011,e08_1788172107.209011.png
8,perception_invalid,1788172094.619246,1788172107.309607,e08_1788172107.309607.png
8,perception_invalid,1788172094.619246,1788172107.359450,e08_1788172107.359450.png
8,perception_invalid,1788172094.619246,1788172107.409080,e08_1788172107.409080.png
8,perception_invalid,1788172094.619246,1788172107.509167,e08_1788172107.509167.png
8,perception_invalid,1788172094.619246,1788172107.559496,e08_1788172107.559496.png
8,perception_invalid,1788172094.619246,1788172107.609317,e08_1788172107.609317.png
8,perception_invalid,1788172094.619246,1788172107.659586,e08_1788172107.659586.png
8,perception_invalid,1788172094.619246,1788172107.760004,e08_1788172107.760004.png
8,perception_invalid,1788172094.619246,1788172107.811229,e08_1788172107.811229.png
8,perception_invalid,1788172094.619246,1788172107.859049,e08_1788172107.859049.png
8,perception_invalid,1788172094.619246,1788172107.909109,e08_1788172107.909109.png
8,perception_invalid,1788172094.619246,1788172107.959064,e08_1788172107.959064.png
8,perception_invalid,1788172094.619246,1788172108.011051,e08_1788172108.011051.png
8,perception_invalid,1788172094.619246,1788172108.059234,e08_1788172108.059234.png
8,perception_invalid,1788172094.619246,1788172108.159841,e08_1788172108.159841.png
8,perception_invalid,1788172094.619246,1788172108.209042,e08_1788172108.209042.png
8,perception_invalid,1788172094.619246,1788172108.259281,e08_1788172108.259281.png
8,perception_invalid,1788172094.619246,1788172108.308992,e08_1788172108.308992.png
8,perception_invalid,1788172094.619246,1788172108.359616,e08_1788172108.359616.png
8,perception_invalid,1788172094.619246,1788172108.409199,e08_1788172108.409199.png
8,perception_invalid,1788172094.619246,1788172108.459558,e08_1788172108.459558.png
8,perception_invalid,1788172094.619246,1788172108.508905,e08_1788172108.508905.png
8,perception_invalid,1788172094.619246,1788172108.559474,e08_1788172108.559474.png
8,perception_invalid,1788172094.619246,1788172108.608918,e08_1788172108.608918.png
8,perception_invalid,1788172094.619246,1788172108.660022,e08_1788172108.660022.png
8,perception_invalid,1788172094.619246,1788172108.709187,e08_1788172108.709187.png
8,perception_invalid,1788172094.619246,1788172108.759333,e08_1788172108.759333.png
8,perception_invalid,1788172094.619246,1788172108.859702,e08_1788172108.859702.png
8,perception_invalid,1788172094.619246,1788172109.059362,e08_1788172109.059362.png
8,perception_invalid,1788172094.619246,1788172109.109890,e08_1788172109.109890.png
8,perception_invalid,1788172094.619246,1788172109.260185,e08_1788172109.260185.png
8,perception_invalid,1788172094.619246,1788172109.410917,e08_1788172109.410917.png
8,perception_invalid,1788172094.619246,1788172109.460662,e08_1788172109.460662.png
8,perception_invalid,1788172094.619246,1788172109.508965,e08_1788172109.508965.png
8,perception_invalid,1788172094.619246,1788172109.559213,e08_1788172109.559213.png
8,perception_invalid,1788172094.619246,1788172109.609465,e08_1788172109.609465.png
8,perception_invalid,1788172094.619246,1788172109.659367,e08_1788172109.659367.png
8,perception_invalid,1788172094.619246,1788172109.711477,e08_1788172109.711477.png
8,perception_invalid,1788172094.619246,1788172109.860119,e08_1788172109.860119.png
8,perception_invalid,1788172094.619246,1788172109.960513,e08_1788172109.960513.png
8,perception_invalid,1788172094.619246,1788172110.009552,e08_1788172110.009552.png
8,perception_invalid,1788172094.619246,1788172110.059203,e08_1788172110.059203.png
8,perception_invalid,1788172094.619246,1788172110.159087,e08_1788172110.159087.png
8,perception_invalid,1788172094.619246,1788172110.259747,e08_1788172110.259747.png
8,perception_invalid,1788172094.619246,1788172110.309486,e08_1788172110.309486.png
8,perception_invalid,1788172094.619246,1788172110.359455,e08_1788172110.359455.png
8,perception_invalid,1788172094.619246,1788172110.409434,e08_1788172110.409434.png
8,perception_invalid,1788172094.619246,1788172110.459746,e08_1788172110.459746.png
8,perception_invalid,1788172094.619246,1788172110.510247,e08_1788172110.510247.png
8,perception_invalid,1788172094.619246,1788172110.709056,e08_1788172110.709056.png
8,perception_invalid,1788172094.619246,1788172110.759781,e08_1788172110.759781.png
8,perception_invalid,1788172094.619246,1788172110.909454,e08_1788172110.909454.png
8,perception_invalid,1788172094.619246,1788172111.113146,e08_1788172111.113146.png
8,perception_invalid,1788172094.619246,1788172111.209538,e08_1788172111.209538.png
8,perception_invalid,1788172094.619246,1788172111.259962,e08_1788172111.259962.png
8,perception_invalid,1788172094.619246,1788172111.362113,e08_1788172111.362113.png
8,perception_invalid,1788172094.619246,1788172111.409730,e08_1788172111.409730.png
8,perception_invalid,1788172094.619246,1788172111.459695,e08_1788172111.459695.png
8,perception_invalid,1788172094.619246,1788172111.509908,e08_1788172111.509908.png
8,perception_invalid,1788172094.619246,1788172111.559687,e08_1788172111.559687.png
8,perception_invalid,1788172094.619246,1788172111.609365,e08_1788172111.609365.png
8,perception_invalid,1788172094.619246,1788172111.660353,e08_1788172111.660353.png
8,perception_invalid,1788172094.619246,1788172111.710393,e08_1788172111.710393.png
8,perception_invalid,1788172094.619246,1788172111.760494,e08_1788172111.760494.png
8,perception_invalid,1788172094.619246,1788172111.909873,e08_1788172111.909873.png
8,perception_invalid,1788172094.619246,1788172112.009371,e08_1788172112.009371.png
8,perception_invalid,1788172094.619246,1788172112.059955,e08_1788172112.059955.png
8,perception_invalid,1788172094.619246,1788172112.109197,e08_1788172112.109197.png
8,perception_invalid,1788172094.619246,1788172112.359573,e08_1788172112.359573.png
8,perception_invalid,1788172094.619246,1788172112.560718,e08_1788172112.560718.png
8,perception_invalid,1788172094.619246,1788172112.611344,e08_1788172112.611344.png
8,perception_invalid,1788172094.619246,1788172112.859571,e08_1788172112.859571.png
8,perception_invalid,1788172094.619246,1788172112.910243,e08_1788172112.910243.png
8,perception_invalid,1788172094.619246,1788172112.959454,e08_1788172112.959454.png
8,perception_invalid,1788172094.619246,1788172113.109450,e08_1788172113.109450.png
8,perception_invalid,1788172094.619246,1788172113.159830,e08_1788172113.159830.png
8,perception_invalid,1788172094.619246,1788172113.210210,e08_1788172113.210210.png
8,perception_invalid,1788172094.619246,1788172113.259274,e08_1788172113.259274.png
8,perception_invalid,1788172094.619246,1788172113.309017,e08_1788172113.309017.png
8,perception_invalid,1788172094.619246,1788172113.359780,e08_1788172113.359780.png
8,perception_invalid,1788172094.619246,1788172113.510458,e08_1788172113.510458.png
8,perception_invalid,1788172094.619246,1788172113.609335,e08_1788172113.609335.png
8,perception_invalid,1788172094.619246,1788172113.659356,e08_1788172113.659356.png
8,perception_invalid,1788172094.619246,1788172113.709446,e08_1788172113.709446.png
8,perception_invalid,1788172094.619246,1788172113.759453,e08_1788172113.759453.png
8,perception_invalid,1788172094.619246,1788172113.909160,e08_1788172113.909160.png
8,perception_invalid,1788172094.619246,1788172113.959107,e08_1788172113.959107.png
8,perception_invalid,1788172094.619246,1788172114.010426,e08_1788172114.010426.png
8,perception_invalid,1788172094.619246,1788172114.060615,e08_1788172114.060615.png
8,perception_invalid,1788172094.619246,1788172114.110890,e08_1788172114.110890.png
8,perception_invalid,1788172094.619246,1788172114.159497,e08_1788172114.159497.png
8,perception_invalid,1788172094.619246,1788172114.209161,e08_1788172114.209161.png
8,perception_invalid,1788172094.619246,1788172114.259441,e08_1788172114.259441.png
8,perception_invalid,1788172094.619246,1788172114.309520,e08_1788172114.309520.png
8,perception_invalid,1788172094.619246,1788172114.409750,e08_1788172114.409750.png
8,perception_invalid,1788172094.619246,1788172114.459545,e08_1788172114.459545.png
8,perception_invalid,1788172094.619246,1788172114.509183,e08_1788172114.509183.png
8,perception_invalid,1788172094.619246,1788172114.559450,e08_1788172114.559450.png
