timestamp,mode,cage_version,raw_steering,raw_throttle,safe_steering,safe_throttle,emergency,rules_fired,cycles_since_last_state,oscillation_persistent,osc_rate_c01,osc_rate_c02,osc_rate_c03
0.050000,,0.5.0,-0.0,0.5,-0.0,0.5,0,,0,0,0.0,0.0,0.0
0.101000,,0.5.0,-7.173465299030868e-26,0.5,-7.173465299030868e-26,0.5,0,,0,0,0.0,0.0,0.0
0.150000,,0.5.0,1.0,0.5,0.15,0.5,0,C-06,0,0,0.0,0.0,0.0
0.200000,,0.5.0,-1.0,0.5,0.0,0.5,0,C-06,0,0,0.0,0.0,0.0
0.250000,,0.5.0,-0.009718626380101692,0.5,-0.009718626380101692,0.5,0,,0,0,0.0,0.0,0.0
0.300000,,0.5.0,-0.009483238661280181,0.5,-0.009483238661280181,0.5,0,,0,0,0.0,0.0,0.0
0.350000,,0.5.0,-0.009409900671594747,0.5,-0.009409900671594747,0.5,0,,0,0,0.0,0.0,0.0
0.400000,,0.5.0,1.0,0.5,0.14059009932840524,0.5,0,C-06,0,0,0.0,0.0,0.0
0.450000,,0.5.0,-1.0,0.5,-0.00940990067159475,0.5,0,C-06,0,0,0.0,0.0,0.0
0.501000,,0.5.0,-0.01927762258580361,0.5,-0.01927762258580361,0.5,0,,0,0,0.0,0.0,0.0
0.550000,,0.5.0,-0.017893027890920073,0.5,-0.017893027890920073,0.5,0,,0,0,0.0,0.0,0.0
0.600000,,0.5.0,-0.01728790610957014,0.5,-0.01728790610957014,0.5,0,,0,0,0.0,0.0,0.0
0.650000,,0.5.0,-0.017104506731640906,0.5,-0.017104506731640906,0.5,0,,0,0,0.0,0.0,0.0
0.700000,,0.5.0,-0.015802119041281596,0.5,-0.015802119041281596,0.5,0,,0,0,0.0,0.0,0.0
0.750000,,0.5.0,-0.015524451436394596,0.5,-0.015524451436394596,0.5,0,,0,0,0.0,0.0,0.0
0.800000,,0.5.0,-0.014362735158441949,0.5,-0.014362735158441949,0.5,0,,0,0,0.0,0.0,0.0
0.850000,,0.5.0,1.0,0.5,0.13563726484155805,0.5,0,C-06,0,0,0.0,0.0,0.0
0.900000,,0.5.0,-1.0,0.5,-0.014362735158441942,0.5,0,C-06,0,0,0.0,0.0,0.0
0.950000,,0.5.0,-0.023243954300215003,0.5,-0.023243954300215003,0.5,0,,0,0,0.0,0.0,0.0
1.001000,,0.5.0,-0.021771482830624363,0.5,-0.021771482830624363,0.5,0,,0,0,0.0,0.0,0.0
1.050000,,0.5.0,1.0,0.5,0.12822851716937564,0.5,0,C-06,0,0,0.0,0.0,0.0
1.100000,,0.5.0,0.645047399943321,0.5,0.27822851716937563,0.5,0,C-06,0,0,0.0,0.0,0.0
1.150000,,0.5.0,0.6309343909891062,0.5,0.4282285171693756,0.5,0,C-06,0,0,0.0,0.0,0.0
1.200000,,0.5.0,0.6152395638400924,0.5,0.5782285171693756,0.5,0,C-06,0,0,0.0,0.0,0.0
1.250000,,0.5.0,-1.0,0.5,0.4282285171693756,0.5,0,C-06,0,0,0.0,0.0,0.0
1.300000,,0.5.0,-0.13647364432422418,0.5,0.2782285171693756,0.5,0,C-06,0,0,0.0,0.0,0.0
1.350000,,0.5.0,1.0,0.5,0.4282285171693756,0.5,0,C-06,0,0,0.0,0.0,0.0
1.400000,,0.5.0,-1.0,0.5,0.2782285171693756,0.5,0,C-06,0,0,0.0,0.0,0.0
1.450000,,0.5.0,-0.23409404244827367,0.5,0.12822851716937558,0.5,0,C-06,0,0,0.0,0.0,0.0
1.500000,,0.5.0,1.0,0.5,0.2782285171693756,0.5,0,C-06,0,0,0.0,0.0,0.0
1.550000,,0.5.0,-1.0,0.5,0.12822851716937558,0.5,0,C-06,0,0,0.0,0.0,0.0
1.600000,,0.5.0,-0.28019031160963564,0.5,-0.02177148283062441,0.5,0,C-06,0,0,0.0,0.0,0.0
1.650000,,0.5.0,-0.30301717440703696,0.5,-0.1717714828306244,0.5,0,C-06,0,0,0.0,0.0,0.0
1.700000,,0.5.0,1.0,0.5,-0.02177148283062441,0.5,0,C-06,0,0,0.0,0.0,0.0
1.750000,,0.5.0,0.4303420940555088,0.5,0.12822851716937558,0.5,0,C-06,0,0,0.0,0.0,0.0
1.800000,,0.5.0,-1.0,0.5,-0.02177148283062441,0.5,0,C-06,0,0,0.0,0.0,0.0
1.850000,,0.5.0,1.0,0.5,0.12822851716937558,0.5,0,C-06,0,0,0.0,0.0,0.0
1.901000,,0.5.0,-1.0,0.5,-0.02177148283062441,0.5,0,C-06,0,0,0.0,0.0,0.0
1.950000,,0.5.0,-0.3458136176657086,0.5,-0.1717714828306244,0.5,0,C-06,0,0,0.0,0.0,0.0
2.000000,,0.5.0,1.0,0.5,-0.02177148283062441,0.5,0,C-06,0,0,0.0,0.0,0.0
2.050000,,0.5.0,0.3955199548685346,0.5,0.12822851716937558,0.5,0,C-06,0,0,0.0,0.0,0.0
2.100000,,0.5.0,-1.0,0.5,-0.02177148283062441,0.5,0,C-06,0,0,0.0,0.0,0.0
2.150000,,0.5.0,-0.36772048086385395,0.5,-0.1717714828306244,0.5,0,C-06,0,0,0.0,0.0,0.0
2.200000,,0.5.0,-0.3557618248632347,0.5,-0.3217714828306244,0.5,0,C-06,0,0,0.0,0.0,0.0
2.250000,,0.5.0,1.0,0.5,-0.1717714828306244,0.5,0,C-06,0,0,0.0,0.0,0.0
2.300000,,0.5.0,-1.0,0.5,-0.3217714828306244,0.5,0,C-06,0,0,0.0,0.0,0.0
2.350000,,0.5.0,1.0,0.5,-0.1717714828306244,0.5,0,C-06,0,0,0.0,0.0,0.0
2.400000,,0.5.0,-1.0,0.5,-0.3217714828306244,0.5,0,C-06,0,0,0.0,0.0,0.0
2.450000,,0.5.0,-0.30545441720590627,0.5,-0.30545441720590627,0.5,0,,0,0,0.0,0.0,0.0
2.500000,,0.5.0,1.0,0.5,-0.15545441720590628,0.5,0,C-06,0,0,0.0,0.0,0.0
2.550000,,0.5.0,-1.0,0.5,-0.30545441720590627,0.5,0,C-06,0,0,0.0,0.0,0.0
2.600000,,0.5.0,-0.26049186270818786,0.5,-0.26049186270818786,0.5,0,,0,0,0.0,0.0,0.0
2.650000,,0.5.0,-0.24548264211785922,0.5,-0.24548264211785922,0.5,0,,0,0,0.0,0.0,0.0
2.700000,,0.5.0,1.0,0.5,-0.09548264211785923,0.5,0,C-06,0,0,0.0,0.0,0.0
2.750000,,0.5.0,0.4792585154099568,0.5,0.054517357882140766,0.5,0,C-06,0,0,0.0,0.0,0.0
2.800000,,0.5.0,-1.0,0.5,-0.09548264211785923,0.5,0,C-06,0,0,0.0,0.0,0.0
2.850000,,0.5.0,-0.22096841011213827,0.5,-0.22096841011213827,0.5,0,,0,0,0.0,0.0,0.0
2.900000,,0.5.0,-0.21023077781224642,0.5,-0.21023077781224642,0.5,0,,0,0,0.0,0.0,0.0
2.950000,,0.5.0,-0.195379649119609,0.5,-0.195379649119609,0.5,0,,0,0,0.0,0.0,0.0
3.000000,,0.5.0,-0.1835731541173574,0.5,-0.1835731541173574,0.5,0,,0,0,0.0,0.0,0.0
3.050000,,0.5.0,-0.16848570599563825,0.5,-0.16848570599563825,0.5,0,,0,0,0.0,0.0,0.0
3.100000,,0.5.0,1.0,0.5,-0.018485705995638257,0.5,0,C-06,0,0,0.0,0.0,0.0
3.150000,,0.5.0,-1.0,0.5,-0.16848570599563825,0.5,0,C-06,0,0,0.0,0.0,0.0
3.200000,,0.5.0,1.0,0.5,-0.018485705995638257,0.5,0,C-06,0,0,0.0,0.0,0.0
3.250000,,0.5.0,0.5567847262225112,0.5,0.13151429400436174,0.5,0,C-06,0,0,0.0,0.0,0.0
3.300000,,0.5.0,0.553417590685254,0.5,0.28151429400436173,0.5,0,C-06,0,0,0.0,0.0,0.0
3.350000,,0.5.0,-1.0,0.5,0.13151429400436174,0.5,0,C-06,0,0,0.0,0.0,0.0
3.400000,,0.5.0,-0.16694295877524612,0.5,-0.018485705995638257,0.5,0,C-06,0,0,0.0,0.0,0.0
3.450000,,0.5.0,1.0,0.5,0.13151429400436174,0.5,0,C-06,0,0,0.0,0.0,0.0
3.500000,,0.5.0,-1.0,0.5,-0.018485705995638257,0.5,0,C-06,0,0,0.0,0.0,0.0
3.550000,,0.5.0,1.0,0.5,0.13151429400436174,0.5,0,C-06,0,0,0.0,0.0,0.0
3.600000,,0.5.0,0.5212899028866224,0.5,0.28151429400436173,0.5,0,C-06,0,0,0.0,0.0,0.0
3.650000,,0.5.0,-1.0,0.5,0.13151429400436174,0.5,0,C-06,0,0,0.0,0.0,0.0
3.700000,,0.5.0,1.0,0.5,0.28151429400436173,0.5,0,C-06,0,0,0.0,0.0,0.0
3.750000,,0.5.0,-1.0,0.5,0.13151429400436174,0.5,0,C-06,0,0,0.0,0.0,0.0
3.800000,,0.5.0,-0.24147996090754809,0.5,-0.018485705995638257,0.5,0,C-06,0,0,0.0,0.0,0.0
3.850000,,0.5.0,1.0,0.5,0.13151429400436174,0.5,0,C-06,0,0,0.0,0.0,0.0
3.900000,,0.5.0,-1.0,0.5,-0.018485705995638257,0.5,0,C-06,0,0,0.0,0.0,0.0
3.950000,,0.5.0,1.0,0.5,0.13151429400436174,0.5,0,C-06,0,0,0.0,0.0,0.0
4.000000,,0.5.0,-1.0,0.5,-0.018485705995638257,0.5,0,C-06,0,0,0.0,0.0,0.0
4.050000,,0.5.0,-0.27517672318277997,0.5,-0.16848570599563825,0.5,0,C-06,0,0,0.0,0.0,0.0
4.100000,,0.5.0,1.0,0.5,-0.018485705995638257,0.5,0,C-06,0,0,0.0,0.0,0.0
4.150000,,0.5.0,0.4548909394553381,0.5,0.13151429400436174,0.5,0,C-06,0,0,0.0,0.0,0.0
4.200000,,0.5.0,-1.0,0.5,-0.018485705995638257,0.5,0,C-06,0,0,0.0,0.0,0.0
4.250000,,0.5.0,-0.2789394052205264,0.5,-0.16848570599563825,0.5,0,C-06,0,0,0.0,0.0,0.0
4.300000,,0.5.0,-0.27088199964963816,0.5,-0.27088199964963816,0.5,0,,0,0,0.0,0.0,0.0
4.350000,,0.5.0,-0.2580849879181042,0.5,-0.2580849879181042,0.5,0,,0,0,0.0,0.0,0.0
4.400000,,0.5.0,-0.24194604447972234,0.5,-0.24194604447972234,0.5,0,,0,0,0.0,0.0,0.0
4.450000,,0.5.0,1.0,0.5,-0.09194604447972235,0.5,0,C-06,0,0,0.0,0.0,0.0
4.500000,,0.5.0,-1.0,0.5,-0.24194604447972234,0.5,0,C-06,0,0,0.0,0.0,0.0
4.550000,,0.5.0,1.0,0.5,-0.09194604447972235,0.5,0,C-06,0,0,0.0,0.0,0.0
4.600000,,0.5.0,0.5126959200638096,0.5,0.058053955520277645,0.5,0,C-06,0,0,0.0,0.0,0.0
4.650000,,0.5.0,0.5162762687044837,0.5,0.20805395552027764,0.5,0,C-06,0,0,0.0,0.0,0.0
4.700000,,0.5.0,0.510909705071526,0.5,0.35805395552027763,0.5,0,C-06,0,0,0.0,0.0,0.0
4.750000,,0.5.0,-1.0,0.5,0.20805395552027764,0.5,0,C-06,0,0,0.0,0.0,0.0
4.800000,,0.5.0,1.0,0.5,0.35805395552027763,0.5,0,C-06,0,0,0.0,0.0,0.0
4.850000,,0.5.0,-1.0,0.5,0.20805395552027764,0.5,0,C-06,0,0,0.0,0.0,0.0
4.900000,,0.5.0,-0.2804644108762595,0.5,0.058053955520277645,0.5,0,C-06,0,0,0.0,0.0,0.0
4.950000,,0.5.0,1.0,0.5,0.20805395552027764,0.5,0,C-06,0,0,0.0,0.0,0.0
5.000000,,0.5.0,-1.0,0.5,0.058053955520277645,0.5,0,C-06,0,0,0.0,0.0,0.0
5.050000,,0.5.0,1.0,0.5,0.20805395552027764,0.5,0,C-06,0,0,0.0,0.0,0.0
5.100000,,0.5.0,0.41533710123423945,0.5,0.35805395552027763,0.5,0,C-06,0,0,0.0,0.0,0.0
5.150000,,0.5.0,0.3921951088755824,0.5,0.3921951088755824,0.5,0,,0,0,0.0,0.0,0.0
5.200000,,0.5.0,-1.0,0.5,0.2421951088755824,0.5,0,C-06,0,0,0.0,0.0,0.0
5.250000,,0.5.0,-0.4163584444018601,0.5,0.09219510887558241,0.5,0,C-06,0,0,0.0,0.0,0.0
5.300000,,0.5.0,-0.4207435996539111,0.46236250582765775,-0.057804891124417584,0.46236250582765775,0,C-06,0,0,0.0,0.0,0.0
5.350000,,0.5.0,1.0,0.46236250582765775,0.09219510887558241,0.46236250582765775,0,C-06,0,0,0.0,0.0,0.0
5.400000,,0.5.0,0.33157483737057436,0.46236250582765775,0.2421951088755824,0.46236250582765775,0,C-06,0,0,0.0,0.0,0.0
5.450000,,0.5.0,0.30846791747299224,0.46236250582765775,0.30846791747299224,0.46236250582765775,0,,0,0,0.0,0.0,0.0
5.500000,,0.5.0,-1.0,0.46236250582765775,0.15846791747299224,0.46236250582765775,0,C-06,0,0,0.0,0.0,0.0
5.550000,,0.5.0,-0.5118345655415415,0.46236250582765775,0.008467917472992248,0.46236250582765775,0,C-06,0,0,0.0,0.0,0.0
5.600000,,0.5.0,1.0,0.46236250582765775,0.15846791747299224,0.46236250582765775,0,C-06,0,0,0.0,0.0,0.0
5.650000,,0.5.0,-1.0,0.46236250582765775,0.008467917472992248,0.46236250582765775,0,C-06,0,0,0.0,0.0,0.0
5.700000,,0.5.0,-0.5354820894792234,0.46236250582765775,-0.14153208252700775,0.46236250582765775,0,C-06,0,0,0.0,0.0,0.0
5.750000,,0.5.0,-0.5494732586885414,0.46236250582765775,-0.29153208252700774,0.46236250582765775,0,C-06,0,0,0.0,0.0,0.0
5.800000,,0.5.0,-0.5304994381526278,0.38717938980242295,-0.4415320825270077,0.38717938980242295,0,C-06,0,0,0.0,0.0,0.0
5.850000,,0.5.0,-0.518510519593345,0.38717938980242295,-0.518510519593345,0.38717938980242295,0,,0,0,0.0,0.0,0.0
5.900000,,0.5.0,-0.48608970497375226,0.38717938980242295,-0.48608970497375226,0.38717938980242295,0,,0,0,0.0,0.0,0.0
5.950000,,0.5.0,-0.45958423027022477,0.38717938980242295,-0.45958423027022477,0.38717938980242295,0,,0,0,0.0,0.0,0.0
6.000000,,0.5.0,-0.4296919763516546,0.38717938980242295,-0.4296919763516546,0.38717938980242295,0,,0,0,0.0,0.0,0.0
6.050000,,0.5.0,-0.40241997736211554,0.38717938980242295,-0.40241997736211554,0.38717938980242295,0,,0,0,0.0,0.0,0.0
6.100000,,0.5.0,1.0,0.38717938980242295,-0.2524199773621155,0.38717938980242295,0,C-06,0,0,0.0,0.0,0.0
6.150000,,0.5.0,-1.0,0.38717938980242295,-0.40241997736211554,0.38717938980242295,0,C-06,0,0,0.0,0.0,0.0
6.200000,,0.5.0,-0.33533632778984107,0.38717938980242295,-0.33533632778984107,0.38717938980242295,0,,0,0,0.0,0.0,0.0
6.250000,,0.5.0,-0.3061099217083887,0.38717938980242295,-0.3061099217083887,0.38717938980242295,0,,0,0,0.0,0.0,0.0
6.300000,,0.5.0,-0.2885639060024731,0.3114723400012136,-0.2885639060024731,0.3114723400012136,0,,0,0,0.0,0.0,0.0
6.350000,,0.5.0,1.0,0.3114723400012136,-0.13856390600247312,0.3114723400012136,0,C-06,0,0,0.0,0.0,0.0
6.400000,,0.5.0,-1.0,0.3114723400012136,-0.2885639060024731,0.3114723400012136,0,C-06,0,0,0.0,0.0,0.0
6.450000,,0.5.0,-0.22644706467514103,0.3114723400012136,-0.22644706467514103,0.3114723400012136,0,,0,0,0.0,0.0,0.0
6.500000,,0.5.0,-0.2146265417393876,0.3114723400012136,-0.2146265417393876,0.3114723400012136,0,,0,0,0.0,0.0,0.0
6.550000,,0.5.0,1.0,0.3114723400012136,-0.06462654173938762,0.3114723400012136,0,C-06,0,0,0.0,0.0,0.0
6.600000,,0.5.0,-1.0,0.3114723400012136,-0.2146265417393876,0.3114723400012136,0,C-06,0,0,0.0,0.0,0.0
6.650000,,0.5.0,-0.1601629222665809,0.3114723400012136,-0.1601629222665809,0.3114723400012136,0,,0,0,0.0,0.0,0.0
6.700000,,0.5.0,1.0,0.3114723400012136,-0.010162922266580915,0.3114723400012136,0,C-06,0,0,0.0,0.0,0.0
6.750000,,0.5.0,0.5557382481518924,0.3114723400012136,0.13983707773341908,0.3114723400012136,0,C-06,0,0,0.0,0.0,0.0
6.801000,,0.5.0,-1.0,0.23670901995585597,-0.010162922266580915,0.23670901995585597,0,C-06,0,0,0.0,0.0,0.0
6.850000,,0.5.0,-0.11573248797575564,0.23670901995585597,-0.11573248797575564,0.23670901995585597,0,,0,0,0.0,0.0,0.0
6.900000,,0.5.0,-0.11511133664863732,0.23670901995585597,-0.11511133664863732,0.23670901995585597,0,,0,0,0.0,0.0,0.0
6.950000,,0.5.0,-0.09289615901722323,0.23670901995585597,-0.09289615901722323,0.23670901995585597,0,,0,0,0.0,0.0,0.0
7.000000,,0.5.0,1.0,0.23670901995585597,0.057103840982776766,0.23670901995585597,0,C-06,0,0,0.0,0.0,0.0
7.050000,,0.5.0,0.6111978928371762,0.23670901995585597,0.20710384098277676,0.23670901995585597,0,C-06,0,0,0.0,0.0,0.0
7.100000,,0.5.0,-1.0,0.23670901995585597,0.057103840982776766,0.23670901995585597,0,C-06,0,0,0.0,0.0,0.0
7.150000,,0.5.0,1.0,0.23670901995585597,0.20710384098277676,0.23670901995585597,0,C-06,0,0,0.0,0.0,0.0
7.200000,,0.5.0,-1.0,0.23670901995585597,0.057103840982776766,0.23670901995585597,0,C-06,0,0,0.0,0.0,0.0
7.250000,,0.5.0,1.0,0.23670901995585597,0.20710384098277676,0.23670901995585597,0,C-06,0,0,0.0,0.0,0.0
7.300000,,0.5.0,-1.0,0.16205838701445452,0.057103840982776766,0.16205838701445452,0,C-06,0,0,0.0,0.0,0.0
7.350000,,0.5.0,1.0,0.16205838701445452,0.20710384098277676,0.16205838701445452,0,C-06,0,0,0.0,0.0,0.0
7.400000,,0.5.0,-1.0,0.16205838701445452,0.057103840982776766,0.16205838701445452,0,C-06,0,0,0.0,0.0,0.0
7.450000,,0.5.0,-0.06158139631555448,0.16205838701445452,-0.06158139631555448,0.16205838701445452,0,,0,0,0.0,0.0,0.0
7.500000,,0.5.0,-0.06309811644883359,0.16205838701445452,-0.06309811644883359,0.16205838701445452,0,,0,0,0.0,0.0,0.0
7.550000,,0.5.0,1.0,0.16205838701445452,0.0869018835511664,0.16205838701445452,0,C-06,0,0,0.0,0.0,0.0
7.600000,,0.5.0,-1.0,0.16205838701445452,-0.06309811644883359,0.16205838701445452,0,C-06,0,0,0.0,0.0,0.0
7.650000,,0.5.0,1.0,0.16205838701445452,0.0869018835511664,0.16205838701445452,0,C-06,0,0,0.0,0.0,0.0
7.700000,,0.5.0,0.6548393995909986,0.16205838701445452,0.2369018835511664,0.16205838701445452,0,C-06,0,0,0.0,0.0,0.0
7.750000,,0.5.0,-1.0,0.16205838701445452,0.0869018835511664,0.16205838701445452,0,C-06,0,0,0.0,0.0,0.0
7.800000,,0.5.0,0.03652138767929694,0.12482046311185563,0.03652138767929694,0.12482046311185563,0,,0,0,0.0,0.0,0.0
7.850000,,0.5.0,0.05091037730944872,0.12482046311185563,0.05091037730944872,0.12482046311185563,0,,0,0,0.0,0.0,0.0
7.900000,,0.5.0,1.0,0.12482046311185563,0.20091037730944872,0.12482046311185563,0,C-06,0,0,0.0,0.0,0.0
7.950000,,0.5.0,0.7607397328345704,0.12482046311185563,0.35091037730944874,0.12482046311185563,0,C-06,0,0,0.0,0.0,0.0
8.000000,,0.5.0,-1.0,0.12482046311185563,0.20091037730944875,0.12482046311185563,0,C-06,0,0,0.0,0.0,0.0
8.050000,,0.5.0,0.017596395104059415,0.12482046311185563,0.05091037730944875,0.12482046311185563,0,C-06,0,0,0.0,0.0,0.0
8.100000,,0.5.0,1.0,0.12482046311185563,0.20091037730944875,0.12482046311185563,0,C-06,0,0,0.0,0.0,0.0
8.150000,,0.5.0,-1.0,0.12482046311185563,0.05091037730944875,0.12482046311185563,0,C-06,0,0,0.0,0.0,0.0
8.200000,,0.5.0,1.0,0.12482046311185563,0.20091037730944875,0.12482046311185563,0,C-06,0,0,0.0,0.0,0.0
8.250000,,0.5.0,-1.0,0.12482046311185563,0.05091037730944875,0.12482046311185563,0,C-06,0,0,0.0,0.0,0.0
8.300000,,0.5.0,1.0,0.12482046311185563,0.20091037730944875,0.12482046311185563,0,C-06,0,0,0.0,0.0,0.0
8.350000,,0.5.0,-1.0,0.12438418194044992,0.05091037730944875,0.12438418194044992,0,C-06,0,0,0.0,0.0,0.0
8.400000,,0.5.0,0.1448281616195049,0.12438418194044992,0.1448281616195049,0.12438418194044992,0,,0,0,0.0,0.0,0.0
8.450000,,0.5.0,0.1594455577117844,0.12438418194044992,0.1594455577117844,0.12438418194044992,0,,0,0,0.0,0.0,0.0
8.500000,,0.5.0,0.144267422577614,0.12438418194044992,0.144267422577614,0.12438418194044992,0,,0,0,0.0,0.0,0.0
8.550000,,0.5.0,0.154045292950899,0.12438418194044992,0.154045292950899,0.12438418194044992,0,,0,0,0.0,0.0,0.0
8.600000,,0.5.0,1.0,0.12438418194044992,0.304045292950899,0.12438418194044992,0,C-06,0,0,0.0,0.0,0.0
8.650000,,0.5.0,-1.0,0.12438418194044992,0.154045292950899,0.12438418194044992,0,C-06,0,0,0.0,0.0,0.0
8.700000,,0.5.0,1.0,0.12438418194044992,0.304045292950899,0.12438418194044992,0,C-06,0,0,0.0,0.0,0.0
8.750000,,0.5.0,0.8769379386422307,0.12438418194044992,0.454045292950899,0.12438418194044992,0,C-06,0,0,0.0,0.0,0.0
8.800000,,0.5.0,-1.0,0.12563446779158682,0.304045292950899,0.12563446779158682,0,C-06,0,0,0.0,0.0,0.0
8.850000,,0.5.0,0.2913061979118415,0.12563446779158682,0.2913061979118415,0.12563446779158682,0,,0,0,0.0,0.0,0.0
8.900000,,0.5.0,0.2659654893501419,0.12563446779158682,0.2659654893501419,0.12563446779158682,0,,0,0,0.0,0.0,0.0
8.950000,,0.5.0,0.27163588907926894,0.12563446779158682,0.27163588907926894,0.12563446779158682,0,,0,0,0.0,0.0,0.0
9.000000,,0.5.0,0.2487740764655981,0.12563446779158682,0.2487740764655981,0.12563446779158682,0,,0,0,0.0,0.0,0.0
9.050000,,0.5.0,1.0,0.12563446779158682,0.6928826778664341,-0.5,1,C-06;C-03;C-05,0,0,0.0,0.0,0.0
9.100000,,0.5.0,-1.0,0.12563446779158682,0.6928826778664341,-0.5,1,C-06;C-05,0,0,0.0,0.0,0.0
9.150000,,0.5.0,1.0,0.12563446779158682,0.6928826778664341,-0.5,1,C-06;C-05,0,0,0.0,0.0,0.0
9.200000,,0.5.0,-1.0,0.12563446779158682,0.6928826778664341,-0.5,1,C-06;C-05,0,0,0.0,0.0,0.0
9.250000,,0.5.0,1.0,0.12563446779158682,0.6928826778664341,-0.5,1,C-06;C-05,0,0,0.0,0.0,0.0
9.300000,,0.5.0,0.9536688478901908,0.12563446779158682,0.6928826778664341,-0.5,1,C-06;C-05,0,0,0.0,0.0,0.0
9.350000,,0.5.0,-1.0,0.12563446779158682,0.6928826778664341,-0.5,1,C-06;C-05,0,0,0.0,0.0,0.0
9.400000,,0.5.0,1.0,0.12563446779158682,0.6928826778664341,-0.5,1,C-06;C-05,0,0,0.0,0.0,0.0
9.450000,,0.5.0,0.953668847891677,0.12563446779158682,0.6928826778664341,-0.5,1,C-06;C-05,0,0,0.0,0.0,0.0
9.500000,,0.5.0,0.953668847891677,0.12563446779158682,0.6928826778664341,-0.5,1,C-06;C-05,0,0,0.0,0.0,0.0
9.550000,,0.5.0,0.953668847891677,0.12563446779158682,0.6928826778664341,-0.5,1,C-06;C-05,0,0,0.0,0.0,0.0
9.600000,,0.5.0,-1.0,0.12563446779158682,0.6928826778664341,-0.5,1,C-06;C-05,0,0,0.0,0.0,0.0
9.650000,,0.5.0,1.0,0.12563446779158682,0.6928826778664341,-0.5,1,C-06;C-05,0,0,0.0,0.0,0.0
9.700000,,0.5.0,-1.0,0.12563446779158682,0.6928826778664341,-0.5,1,C-06;C-05,0,0,0.0,0.0,0.0
9.750000,,0.5.0,1.0,0.12563446779158682,0.6928826778664341,-0.5,1,C-06;C-05,0,0,0.0,0.0,0.0
9.800000,,0.5.0,0.953668847891677,0.12563446779158682,0.6928826778664341,-0.5,1,C-06;C-05,0,0,0.0,0.0,0.0
9.850000,,0.5.0,-1.0,0.12563446779158682,0.6928826778664341,-0.5,1,C-06;C-05,0,0,0.0,0.0,0.0
9.900000,,0.5.0,1.0,0.12563446779158682,0.6928826778664341,-0.5,1,C-06;C-05,0,0,0.0,0.0,0.0
9.950000,,0.5.0,-1.0,0.12563446779158682,0.6928826778664341,-0.5,1,C-06;C-05,0,0,0.0,0.0,0.0
10.000000,,0.5.0,0.17765514861493453,0.12563446779158682,0.6928826778664341,-0.5,1,C-06;C-05,0,0,0.0,0.0,0.0
10.050000,,0.5.0,0.17765514861493453,0.12563446779158682,0.6928826778664341,-0.5,1,C-06;C-05,0,0,0.0,0.0,0.0
10.100000,,0.5.0,0.17765514861493453,0.12563446779158682,0.6928826778664341,-0.5,1,C-06;C-05,0,0,0.0,0.0,0.0
10.150000,,0.5.0,0.17765514861493453,0.12563446779158682,0.6928826778664341,-0.5,1,C-06;C-05,0,0,0.0,0.0,0.0
10.200000,,0.5.0,1.0,0.12563446779158682,0.6928826778664341,-0.5,1,C-06;C-05,0,0,0.0,0.0,0.0
10.250000,,0.5.0,-1.0,0.12563446779158682,0.6928826778664341,-0.5,1,C-06;C-05,0,0,0.0,0.0,0.0
10.300000,,0.5.0,0.17765514861493453,0.12563446779158682,0.6928826778664341,-0.5,1,C-06;C-05,0,0,0.0,0.0,0.0
10.350000,,0.5.0,0.17765514861493453,0.12563446779158682,0.6928826778664341,-0.5,1,C-06;C-05,0,0,0.0,0.0,0.0
10.400000,,0.5.0,0.17765514861493453,0.12563446779158682,0.6928826778664341,-0.5,1,C-06;C-05,0,0,0.0,0.0,0.0
10.450000,,0.5.0,1.0,0.12563446779158682,0.6928826778664341,-0.5,1,C-06;C-05,0,0,0.0,0.0,0.0
10.500000,,0.5.0,-1.0,0.12563446779158682,0.6928826778664341,-0.5,1,C-06;C-05,0,0,0.0,0.0,0.0
10.550000,,0.5.0,0.17765514861493453,0.12563446779158682,0.6928826778664341,-0.5,1,C-06;C-05,0,0,0.0,0.0,0.0
10.601000,,0.5.0,0.17765514861493453,0.12563446779158682,0.6928826778664341,-0.5,1,C-06;C-05,0,0,0.0,0.0,0.0
10.650000,,0.5.0,0.17765514861493453,0.12563446779158682,0.6928826778664341,-0.5,1,C-06;C-05,0,0,0.0,0.0,0.0
10.700000,,0.5.0,1.0,0.12563446779158682,0.6928826778664341,-0.5,1,C-06;C-05,0,0,0.0,0.0,0.0
10.750000,,0.5.0,-1.0,0.12563446779158682,0.6928826778664341,-0.5,1,C-06;C-05,0,0,0.0,0.0,0.0
10.800000,,0.5.0,1.0,0.12563446779158682,0.6928826778664341,-0.5,1,C-06;C-05,0,0,0.0,0.0,0.0
10.850000,,0.5.0,-1.0,0.12563446779158682,0.6928826778664341,-0.5,1,C-06;C-05,0,0,0.0,0.0,0.0
10.900000,,0.5.0,1.0,0.12563446779158682,0.6928826778664341,-0.5,1,C-06;C-05,0,0,0.0,0.0,0.0
10.950000,,0.5.0,-1.0,0.12563446779158682,0.6928826778664341,-0.5,1,C-06;C-05,0,0,0.0,0.0,0.0
11.000000,,0.5.0,0.17765514861493453,0.12563446779158682,0.6928826778664341,-0.5,1,C-06;C-05,0,0,0.0,0.0,0.0
11.050000,,0.5.0,1.0,0.12563446779158682,0.6928826778664341,-0.5,1,C-06;C-05,0,0,0.0,0.0,0.0
11.100000,,0.5.0,-1.0,0.12563446779158682,0.6928826778664341,-0.5,1,C-06;C-05,0,0,0.0,0.0,0.0
11.150000,,0.5.0,0.17765514861493453,0.12563446779158682,0.6928826778664341,-0.5,1,C-06;C-05,0,0,0.0,0.0,0.0
11.200000,,0.5.0,1.0,0.12563446779158682,0.6928826778664341,-0.5,1,C-06;C-05,0,0,0.0,0.0,0.0
11.250000,,0.5.0,-1.0,0.12563446779158682,0.6928826778664341,-0.5,1,C-06;C-05,0,0,0.0,0.0,0.0
11.300000,,0.5.0,0.17765514861493453,0.12563446779158682,0.6928826778664341,-0.5,1,C-06;C-05,0,0,0.0,0.0,0.0
11.350000,,0.5.0,0.17765514861493453,0.12563446779158682,0.6928826778664341,-0.5,1,C-06;C-05,0,0,0.0,0.0,0.0
11.400000,,0.5.0,0.17765514861493453,0.12563446779158682,0.6928826778664341,-0.5,1,C-06;C-05,0,0,0.0,0.0,0.0
11.450000,,0.5.0,0.17765514861493453,0.12563446779158682,0.6928826778664341,-0.5,1,C-06;C-05,0,0,0.0,0.0,0.0
11.500000,,0.5.0,0.17765514861493453,0.12563446779158682,0.6928826778664341,-0.5,1,C-06;C-05,0,0,0.0,0.0,0.0
11.550000,,0.5.0,0.17765514861493453,0.12563446779158682,0.6928826778664341,-0.5,1,C-06;C-05,0,0,0.0,0.0,0.0
11.600000,,0.5.0,0.17765514861493453,0.12563446779158682,0.6928826778664341,-0.5,1,C-06;C-05,0,0,0.0,0.0,0.0
11.650000,,0.5.0,1.0,0.12563446779158682,0.6928826778664341,-0.5,1,C-06;C-05,0,0,0.0,0.0,0.0
11.701000,,0.5.0,0.953668847891677,0.12563446779158682,0.6928826778664341,-0.5,1,C-06;C-05,0,0,0.0,0.0,0.0
11.750000,,0.5.0,-1.0,0.12563446779158682,0.6928826778664341,-0.5,1,C-06;C-05,0,0,0.0,0.0,0.0
11.800000,,0.5.0,0.17765514861493453,0.12563446779158682,0.6928826778664341,-0.5,1,C-06;C-05,0,0,0.0,0.0,0.0
11.850000,,0.5.0,0.17765514861493453,0.12563446779158682,0.6928826778664341,-0.5,1,C-06;C-05,0,0,0.0,0.0,0.0
11.900000,,0.5.0,0.17765514861493453,0.12563446779158682,0.6928826778664341,-0.5,1,C-06;C-05,0,0,0.0,0.0,0.0
11.950000,,0.5.0,0.17765514861493453,0.12563446779158682,0.6928826778664341,-0.5,1,C-06;C-05,0,0,0.0,0.0,0.0
12.000000,,0.5.0,1.0,0.12563446779158682,0.6928826778664341,-0.5,1,C-06;C-05,0,0,0.0,0.0,0.0
12.050000,,0.5.0,0.953668847891677,0.12563446779158682,0.6928826778664341,-0.5,1,C-06;C-05,0,0,0.0,0.0,0.0
12.100000,,0.5.0,-1.0,0.12563446779158682,0.6928826778664341,-0.5,1,C-06;C-05,0,0,0.0,0.0,0.0
12.150000,,0.5.0,0.17765514861493453,0.12563446779158682,0.6928826778664341,-0.5,1,C-06;C-05,0,0,0.0,0.0,0.0
12.200000,,0.5.0,1.0,0.12563446779158682,0.6928826778664341,-0.5,1,C-06;C-05,0,0,0.0,0.0,0.0
12.250000,,0.5.0,-1.0,0.12563446779158682,0.6928826778664341,-0.5,1,C-06;C-05,0,0,0.0,0.0,0.0
12.300000,,0.5.0,0.17765514861493453,0.12563446779158682,0.6928826778664341,-0.5,1,C-06;C-05,0,0,0.0,0.0,0.0
12.350000,,0.5.0,1.0,0.12563446779158682,0.6928826778664341,-0.5,1,C-06;C-05,0,0,0.0,0.0,0.0
12.400000,,0.5.0,0.953668847891677,0.12563446779158682,0.6928826778664341,-0.5,1,C-06;C-05,0,0,0.0,0.0,0.0
12.450000,,0.5.0,0.953668847891677,0.12563446779158682,0.6928826778664341,-0.5,1,C-06;C-05,0,0,0.0,0.0,0.0
12.500000,,0.5.0,-1.0,0.12563446779158682,0.6928826778664341,-0.5,1,C-06;C-05,0,0,0.0,0.0,0.0
12.550000,,0.5.0,1.0,0.12563446779158682,0.6928826778664341,-0.5,1,C-06;C-05,0,0,0.0,0.0,0.0
12.600000,,0.5.0,-1.0,0.12563446779158682,0.6928826778664341,-0.5,1,C-06;C-05,0,0,0.0,0.0,0.0
12.650000,,0.5.0,1.0,0.12563446779158682,0.6928826778664341,-0.5,1,C-06;C-05,0,0,0.0,0.0,0.0
12.700000,,0.5.0,-1.0,0.12563446779158682,0.6928826778664341,-0.5,1,C-06;C-05,0,0,0.0,0.0,0.0
12.750000,,0.5.0,0.17765514861493453,0.12563446779158682,0.6928826778664341,-0.5,1,C-06;C-05,0,0,0.0,0.0,0.0
12.800000,,0.5.0,1.0,0.12563446779158682,0.6928826778664341,-0.5,1,C-06;C-05,0,0,0.0,0.0,0.0
12.850000,,0.5.0,-1.0,0.12563446779158682,0.6928826778664341,-0.5,1,C-06;C-05,0,0,0.0,0.0,0.0
12.900000,,0.5.0,0.17765514861493453,0.12563446779158682,0.6928826778664341,-0.5,1,C-06;C-05,0,0,0.0,0.0,0.0
12.950000,,0.5.0,1.0,0.12563446779158682,0.6928826778664341,-0.5,1,C-06;C-05,0,0,0.0,0.0,0.0
13.000000,,0.5.0,-1.0,0.12563446779158682,0.6928826778664341,-0.5,1,C-06;C-05,0,0,0.0,0.0,0.0
13.050000,,0.5.0,0.17765514861493453,0.12563446779158682,0.6928826778664341,-0.5,1,C-06;C-05,0,0,0.0,0.0,0.0
13.100000,,0.5.0,0.17765514861493453,0.12563446779158682,0.6928826778664341,-0.5,1,C-06;C-05,0,0,0.0,0.0,0.0
13.150000,,0.5.0,0.17765514861493453,0.12563446779158682,0.6928826778664341,-0.5,1,C-06;C-05,0,0,0.0,0.0,0.0
13.200000,,0.5.0,0.17765514861493453,0.12563446779158682,0.6928826778664341,-0.5,1,C-06;C-05,0,0,0.0,0.0,0.0
13.250000,,0.5.0,0.17765514861493453,0.12563446779158682,0.6928826778664341,-0.5,1,C-06;C-05,0,0,0.0,0.0,0.0
13.300000,,0.5.0,0.17765514861493453,0.12563446779158682,0.6928826778664341,-0.5,1,C-06;C-05,0,0,0.0,0.0,0.0
13.350000,,0.5.0,1.0,0.12563446779158682,0.6928826778664341,-0.5,1,C-06;C-05,0,0,0.0,0.0,0.0
13.400000,,0.5.0,-1.0,0.12563446779158682,0.6928826778664341,-0.5,1,C-06;C-05,0,0,0.0,0.0,0.0
13.450000,,0.5.0,1.0,0.12563446779158682,0.6928826778664341,-0.5,1,C-06;C-05,0,0,0.0,0.0,0.0
13.500000,,0.5.0,-1.0,0.12563446779158682,0.6928826778664341,-0.5,1,C-06;C-05,0,0,0.0,0.0,0.0
13.550000,,0.5.0,0.17765514861493453,0.12563446779158682,0.6928826778664341,-0.5,1,C-06;C-05,0,0,0.0,0.0,0.0
13.600000,,0.5.0,1.0,0.12563446779158682,0.6928826778664341,-0.5,1,C-06;C-05,0,0,0.0,0.0,0.0
13.650000,,0.5.0,-1.0,0.12563446779158682,0.6928826778664341,-0.5,1,C-06;C-05,0,0,0.0,0.0,0.0
13.700000,,0.5.0,0.17765514861493453,0.12563446779158682,0.6928826778664341,-0.5,1,C-06;C-05,0,0,0.0,0.0,0.0
13.750000,,0.5.0,0.17765514861493453,0.12563446779158682,0.6928826778664341,-0.5,1,C-06;C-05,0,0,0.0,0.0,0.0
13.800000,,0.5.0,0.17765514861493453,0.12563446779158682,0.6928826778664341,-0.5,1,C-06;C-05,0,0,0.0,0.0,0.0
13.850000,,0.5.0,0.17765514861493453,0.12563446779158682,0.6928826778664341,-0.5,1,C-06;C-05,0,0,0.0,0.0,0.0
13.900000,,0.5.0,1.0,0.12563446779158682,0.6928826778664341,-0.5,1,C-06;C-05,0,0,0.0,0.0,0.0
13.950000,,0.5.0,0.953668847891677,0.12563446779158682,0.6928826778664341,-0.5,1,C-06;C-05,0,0,0.0,0.0,0.0
14.000000,,0.5.0,-1.0,0.12563446779158682,0.6928826778664341,-0.5,1,C-06;C-05,0,0,0.0,0.0,0.0
14.050000,,0.5.0,1.0,0.12563446779158682,0.6928826778664341,-0.5,1,C-06;C-05,0,0,0.0,0.0,0.0
14.100000,,0.5.0,-1.0,0.12563446779158682,0.6928826778664341,-0.5,1,C-06;C-05,0,0,0.0,0.0,0.0
14.150000,,0.5.0,1.0,0.12563446779158682,0.6928826778664341,-0.5,1,C-06;C-05,0,0,0.0,0.0,0.0
14.200000,,0.5.0,-1.0,0.12563446779158682,0.6928826778664341,-0.5,1,C-06;C-05,0,0,0.0,0.0,0.0
14.250000,,0.5.0,0.17765514861493453,0.12563446779158682,0.6928826778664341,-0.5,1,C-06;C-05,0,0,0.0,0.0,0.0
14.300000,,0.5.0,1.0,0.12563446779158682,0.6928826778664341,-0.5,1,C-06;C-05,0,0,0.0,0.0,0.0
14.350000,,0.5.0,-1.0,0.12563446779158682,0.6928826778664341,-0.5,1,C-06;C-05,0,0,0.0,0.0,0.0
14.400000,,0.5.0,0.17765514861493453,0.12563446779158682,0.6928826778664341,-0.5,1,C-06;C-05,0,0,0.0,0.0,0.0
14.450000,,0.5.0,1.0,0.12563446779158682,0.6928826778664341,-0.5,1,C-06;C-05,0,0,0.0,0.0,0.0
14.500000,,0.5.0,0.953668847891677,0.12563446779158682,0.6928826778664341,-0.5,1,C-06;C-05,0,0,0.0,0.0,0.0
14.550000,,0.5.0,-1.0,0.12563446779158682,0.6928826778664341,-0.5,1,C-06;C-05,0,0,0.0,0.0,0.0
14.600000,,0.5.0,0.17765514861493453,0.12563446779158682,0.6928826778664341,-0.5,1,C-06;C-05,0,0,0.0,0.0,0.0
14.650000,,0.5.0,0.17765514861493453,0.12563446779158682,0.6928826778664341,-0.5,1,C-06;C-05,0,0,0.0,0.0,0.0
14.700000,,0.5.0,0.17765514861493453,0.12563446779158682,0.6928826778664341,-0.5,1,C-06;C-05,0,0,0.0,0.0,0.0
14.750000,,0.5.0,1.0,0.12563446779158682,0.6928826778664341,-0.5,1,C-06;C-05,0,0,0.0,0.0,0.0
14.800000,,0.5.0,-1.0,0.12563446779158682,0.6928826778664341,-0.5,1,C-06;C-05,0,0,0.0,0.0,0.0
14.850000,,0.5.0,0.17765514861493453,0.12563446779158682,0.6928826778664341,-0.5,1,C-06;C-05,0,0,0.0,0.0,0.0
14.900000,,0.5.0,1.0,0.12563446779158682,0.6928826778664341,-0.5,1,C-06;C-05,0,0,0.0,0.0,0.0
14.950000,,0.5.0,-1.0,0.12563446779158682,0.6928826778664341,-0.5,1,C-06;C-05,0,0,0.0,0.0,0.0
15.000000,,0.5.0,1.0,0.12563446779158682,0.6928826778664341,-0.5,1,C-06;C-05,0,0,0.0,0.0,0.0
15.050000,,0.5.0,-1.0,0.12563446779158682,0.6928826778664341,-0.5,1,C-06;C-05,0,0,0.0,0.0,0.0
15.100000,,0.5.0,1.0,0.12563446779158682,0.6928826778664341,-0.5,1,C-06;C-05,0,0,0.0,0.0,0.0
15.150000,,0.5.0,0.953668847891677,0.12563446779158682,0.6928826778664341,-0.5,1,C-06;C-05,0,0,0.0,0.0,0.0
15.200000,,0.5.0,-1.0,0.12563446779158682,0.6928826778664341,-0.5,1,C-06;C-05,0,0,0.0,0.0,0.0
15.250000,,0.5.0,0.17765514861493453,0.12563446779158682,0.6928826778664341,-0.5,1,C-06;C-05,0,0,0.0,0.0,0.0
15.300000,,0.5.0,0.17765514861493453,0.12563446779158682,0.6928826778664341,-0.5,1,C-06;C-05,0,0,0.0,0.0,0.0
15.350000,,0.5.0,0.17765514861493453,0.12563446779158682,0.6928826778664341,-0.5,1,C-06;C-05,0,0,0.0,0.0,0.0
15.400000,,0.5.0,0.17765514861493453,0.12563446779158682,0.6928826778664341,-0.5,1,C-06;C-05,0,0,0.0,0.0,0.0
15.450000,,0.5.0,0.17765514861493453,0.12563446779158682,0.6928826778664341,-0.5,1,C-06;C-05,0,0,0.0,0.0,0.0
15.500000,,0.5.0,0.17765514861493453,0.12563446779158682,0.6928826778664341,-0.5,1,C-06;C-05,0,0,0.0,0.0,0.0
15.550000,,0.5.0,1.0,0.12563446779158682,0.6928826778664341,-0.5,1,C-06;C-05,0,0,0.0,0.0,0.0
15.600000,,0.5.0,-1.0,0.12563446779158682,0.6928826778664341,-0.5,1,C-06;C-05,0,0,0.0,0.0,0.0
15.650000,,0.5.0,0.17765514861493453,0.12563446779158682,0.6928826778664341,-0.5,1,C-06;C-05,0,0,0.0,0.0,0.0
15.700000,,0.5.0,1.0,0.12563446779158682,0.6928826778664341,-0.5,1,C-06;C-05,0,0,0.0,0.0,0.0
15.750000,,0.5.0,0.953668847891677,0.12563446779158682,0.6928826778664341,-0.5,1,C-06;C-05,0,0,0.0,0.0,0.0
15.800000,,0.5.0,0.953668847891677,0.12563446779158682,0.6928826778664341,-0.5,1,C-06;C-05,0,0,0.0,0.0,0.0
15.850000,,0.5.0,-1.0,0.12563446779158682,0.6928826778664341,-0.5,1,C-06;C-05,0,0,0.0,0.0,0.0
15.900000,,0.5.0,0.17765514861493453,0.12563446779158682,0.6928826778664341,-0.5,1,C-06;C-05,0,0,0.0,0.0,0.0
15.950000,,0.5.0,0.17765514861493453,0.12563446779158682,0.6928826778664341,-0.5,1,C-06;C-05,0,0,0.0,0.0,0.0
16.000000,,0.5.0,0.17765514861493453,0.12563446779158682,0.6928826778664341,-0.5,1,C-06;C-05,0,0,0.0,0.0,0.0
16.050000,,0.5.0,1.0,0.12563446779158682,0.6928826778664341,-0.5,1,C-06;C-05,0,0,0.0,0.0,0.0
16.100000,,0.5.0,0.953668847891677,0.12563446779158682,0.6928826778664341,-0.5,1,C-06;C-05,0,0,0.0,0.0,0.0
16.150000,,0.5.0,0.953668847891677,0.12563446779158682,0.6928826778664341,-0.5,1,C-06;C-05,0,0,0.0,0.0,0.0
16.200000,,0.5.0,0.953668847891677,0.12563446779158682,0.6928826778664341,-0.5,1,C-06;C-05,0,0,0.0,0.0,0.0
16.250000,,0.5.0,-1.0,0.12563446779158682,0.6928826778664341,-0.5,1,C-06;C-05,0,0,0.0,0.0,0.0
16.300000,,0.5.0,0.17765514861493453,0.12563446779158682,0.6928826778664341,-0.5,1,C-06;C-05,0,0,0.0,0.0,0.0
16.350000,,0.5.0,0.17765514861493453,0.12563446779158682,0.6928826778664341,-0.5,1,C-06;C-05,0,0,0.0,0.0,0.0
16.400000,,0.5.0,1.0,0.12563446779158682,0.6928826778664341,-0.5,1,C-06;C-05,0,0,0.0,0.0,0.0
16.450000,,0.5.0,-1.0,0.12563446779158682,0.6928826778664341,-0.5,1,C-06;C-05,0,0,0.0,0.0,0.0
16.500000,,0.5.0,1.0,0.12563446779158682,0.6928826778664341,-0.5,1,C-06;C-05,0,0,0.0,0.0,0.0
16.550000,,0.5.0,-1.0,0.12563446779158682,0.6928826778664341,-0.5,1,C-06;C-05,0,0,0.0,0.0,0.0
16.600000,,0.5.0,0.17765514861493453,0.12563446779158682,0.6928826778664341,-0.5,1,C-06;C-05,0,0,0.0,0.0,0.0
16.650000,,0.5.0,1.0,0.12563446779158682,0.6928826778664341,-0.5,1,C-06;C-05,0,0,0.0,0.0,0.0
16.700000,,0.5.0,-1.0,0.12563446779158682,0.6928826778664341,-0.5,1,C-06;C-05,0,0,0.0,0.0,0.0
16.750000,,0.5.0,1.0,0.12563446779158682,0.6928826778664341,-0.5,1,C-06;C-05,0,0,0.0,0.0,0.0
16.800000,,0.5.0,-1.0,0.12563446779158682,0.6928826778664341,-0.5,1,C-06;C-05,0,0,0.0,0.0,0.0
16.850000,,0.5.0,0.17765514861493453,0.12563446779158682,0.6928826778664341,-0.5,1,C-06;C-05,0,0,0.0,0.0,0.0
16.900000,,0.5.0,1.0,0.12563446779158682,0.6928826778664341,-0.5,1,C-06;C-05,0,0,0.0,0.0,0.0
16.950000,,0.5.0,-1.0,0.12563446779158682,0.6928826778664341,-0.5,1,C-06;C-05,0,0,0.0,0.0,0.0
17.000000,,0.5.0,0.17765514861493453,0.12563446779158682,0.6928826778664341,-0.5,1,C-06;C-05,0,0,0.0,0.0,0.0
17.050000,,0.5.0,1.0,0.12563446779158682,0.6928826778664341,-0.5,1,C-06;C-05,0,0,0.0,0.0,0.0
17.100000,,0.5.0,-1.0,0.12563446779158682,0.6928826778664341,-0.5,1,C-06;C-05,0,0,0.0,0.0,0.0
17.150000,,0.5.0,1.0,0.12563446779158682,0.6928826778664341,-0.5,1,C-06;C-05,0,0,0.0,0.0,0.0
17.200000,,0.5.0,-1.0,0.12563446779158682,0.6928826778664341,-0.5,1,C-06;C-05,0,0,0.0,0.0,0.0
17.250000,,0.5.0,1.0,0.12563446779158682,0.6928826778664341,-0.5,1,C-06;C-05,0,0,0.0,0.0,0.0
17.300000,,0.5.0,-1.0,0.12563446779158682,0.6928826778664341,-0.5,1,C-06;C-05,0,0,0.0,0.0,0.0
17.350000,,0.5.0,0.17765514861493453,0.12563446779158682,0.6928826778664341,-0.5,1,C-06;C-05,0,0,0.0,0.0,0.0
17.400000,,0.5.0,0.17765514861493453,0.12563446779158682,0.6928826778664341,-0.5,1,C-06;C-05,0,0,0.0,0.0,0.0
17.450000,,0.5.0,1.0,0.12563446779158682,0.6928826778664341,-0.5,1,C-06;C-05,0,0,0.0,0.0,0.0
17.500000,,0.5.0,0.953668847891677,0.12563446779158682,0.6928826778664341,-0.5,1,C-06;C-05,0,0,0.0,0.0,0.0
17.550000,,0.5.0,-1.0,0.12563446779158682,0.6928826778664341,-0.5,1,C-06;C-05,0,0,0.0,0.0,0.0
17.600000,,0.5.0,0.17765514861493453,0.12563446779158682,0.6928826778664341,-0.5,1,C-06;C-05,0,0,0.0,0.0,0.0
17.650000,,0.5.0,1.0,0.12563446779158682,0.6928826778664341,-0.5,1,C-06;C-05,0,0,0.0,0.0,0.0
17.700000,,0.5.0,-1.0,0.12563446779158682,0.6928826778664341,-0.5,1,C-06;C-05,0,0,0.0,0.0,0.0
17.750000,,0.5.0,0.17765514861493453,0.12563446779158682,0.6928826778664341,-0.5,1,C-06;C-05,0,0,0.0,0.0,0.0
17.800000,,0.5.0,0.17765514861493453,0.12563446779158682,0.6928826778664341,-0.5,1,C-06;C-05,0,0,0.0,0.0,0.0
17.850000,,0.5.0,0.17765514861493453,0.12563446779158682,0.6928826778664341,-0.5,1,C-06;C-05,0,0,0.0,0.0,0.0
17.900000,,0.5.0,1.0,0.12563446779158682,0.6928826778664341,-0.5,1,C-06;C-05,0,0,0.0,0.0,0.0
17.950000,,0.5.0,-1.0,0.12563446779158682,0.6928826778664341,-0.5,1,C-06;C-05,0,0,0.0,0.0,0.0
18.000000,,0.5.0,1.0,0.12563446779158682,0.6928826778664341,-0.5,1,C-06;C-05,0,0,0.0,0.0,0.0
18.050000,,0.5.0,-1.0,0.12563446779158682,0.6928826778664341,-0.5,1,C-06;C-05,0,0,0.0,0.0,0.0
18.100000,,0.5.0,0.17765514861493453,0.12563446779158682,0.6928826778664341,-0.5,1,C-06;C-05,0,0,0.0,0.0,0.0
18.150000,,0.5.0,0.17765514861493453,0.12563446779158682,0.6928826778664341,-0.5,1,C-06;C-05,0,0,0.0,0.0,0.0
18.200000,,0.5.0,0.17765514861493453,0.12563446779158682,0.6928826778664341,-0.5,1,C-06;C-05,0,0,0.0,0.0,0.0
18.250000,,0.5.0,1.0,0.12563446779158682,0.6928826778664341,-0.5,1,C-06;C-05,0,0,0.0,0.0,0.0
18.300000,,0.5.0,-1.0,0.12563446779158682,0.6928826778664341,-0.5,1,C-06;C-05,0,0,0.0,0.0,0.0
18.350000,,0.5.0,0.17765514861493453,0.12563446779158682,0.6928826778664341,-0.5,1,C-06;C-05,0,0,0.0,0.0,0.0
18.400000,,0.5.0,0.17765514861493453,0.12563446779158682,0.6928826778664341,-0.5,1,C-06;C-05,0,0,0.0,0.0,0.0
18.450000,,0.5.0,0.17765514861493453,0.12563446779158682,0.6928826778664341,-0.5,1,C-06;C-05,0,0,0.0,0.0,0.0
18.500000,,0.5.0,1.0,0.12563446779158682,0.6928826778664341,-0.5,1,C-06;C-05,0,0,0.0,0.0,0.0
18.550000,,0.5.0,0.953668847891677,0.12563446779158682,0.6928826778664341,-0.5,1,C-06;C-05,0,0,0.0,0.0,0.0
18.600000,,0.5.0,0.953668847891677,0.12563446779158682,0.6928826778664341,-0.5,1,C-06;C-05,0,0,0.0,0.0,0.0
18.650000,,0.5.0,0.953668847891677,0.12563446779158682,0.6928826778664341,-0.5,1,C-06;C-05,0,0,0.0,0.0,0.0
18.700000,,0.5.0,0.953668847891677,0.12563446779158682,0.6928826778664341,-0.5,1,C-06;C-05,0,0,0.0,0.0,0.0
18.750000,,0.5.0,0.953668847891677,0.12563446779158682,0.6928826778664341,-0.5,1,C-06;C-05,0,0,0.0,0.0,0.0
18.800000,,0.5.0,-1.0,0.12563446779158682,0.6928826778664341,-0.5,1,C-06;C-05,0,0,0.0,0.0,0.0
18.850000,,0.5.0,1.0,0.12563446779158682,0.6928826778664341,-0.5,1,C-06;C-05,0,0,0.0,0.0,0.0
18.900000,,0.5.0,-1.0,0.12563446779158682,0.6928826778664341,-0.5,1,C-06;C-05,0,0,0.0,0.0,0.0
18.950000,,0.5.0,0.17765514861493453,0.12563446779158682,0.6928826778664341,-0.5,1,C-06;C-05,0,0,0.0,0.0,0.0
19.001000,,0.5.0,1.0,0.12563446779158682,0.6928826778664341,-0.5,1,C-06;C-05,0,0,0.0,0.0,0.0
19.050000,,0.5.0,-1.0,0.12563446779158682,0.6928826778664341,-0.5,1,C-06;C-05,0,0,0.0,0.0,0.0
19.100000,,0.5.0,0.17765514861493453,0.12563446779158682,0.6928826778664341,-0.5,1,C-06;C-05,0,0,0.0,0.0,0.0
19.150000,,0.5.0,0.17765514861493453,0.12563446779158682,0.6928826778664341,-0.5,1,C-06;C-05,0,0,0.0,0.0,0.0
19.200000,,0.5.0,1.0,0.12563446779158682,0.6928826778664341,-0.5,1,C-06;C-05,0,0,0.0,0.0,0.0
19.250000,,0.5.0,-1.0,0.12563446779158682,0.6928826778664341,-0.5,1,C-06;C-05,0,0,0.0,0.0,0.0
19.300000,,0.5.0,1.0,0.12563446779158682,0.6928826778664341,-0.5,1,C-06;C-05,0,0,0.0,0.0,0.0
19.350000,,0.5.0,-1.0,0.12563446779158682,0.6928826778664341,-0.5,1,C-06;C-05,0,0,0.0,0.0,0.0
19.400000,,0.5.0,0.17765514861493453,0.12563446779158682,0.6928826778664341,-0.5,1,C-06;C-05,0,0,0.0,0.0,0.0
19.450000,,0.5.0,0.17765514861493453,0.12563446779158682,0.6928826778664341,-0.5,1,C-06;C-05,0,0,0.0,0.0,0.0
19.500000,,0.5.0,1.0,0.12563446779158682,0.6928826778664341,-0.5,1,C-06;C-05,0,0,0.0,0.0,0.0
19.550000,,0.5.0,-1.0,0.12563446779158682,0.6928826778664341,-0.5,1,C-06;C-05,0,0,0.0,0.0,0.0
19.600000,,0.5.0,0.17765514861493453,0.12563446779158682,0.6928826778664341,-0.5,1,C-06;C-05,0,0,0.0,0.0,0.0
19.650000,,0.5.0,0.17765514861493453,0.12563446779158682,0.6928826778664341,-0.5,1,C-06;C-05,0,0,0.0,0.0,0.0
19.700000,,0.5.0,1.0,0.12563446779158682,0.6928826778664341,-0.5,1,C-06;C-05,0,0,0.0,0.0,0.0
19.750000,,0.5.0,-1.0,0.12563446779158682,0.6928826778664341,-0.5,1,C-06;C-05,0,0,0.0,0.0,0.0
19.800000,,0.5.0,1.0,0.12563446779158682,0.6928826778664341,-0.5,1,C-06;C-05,0,0,0.0,0.0,0.0
19.850000,,0.5.0,0.953668847891677,0.12563446779158682,0.6928826778664341,-0.5,1,C-06;C-05,0,0,0.0,0.0,0.0
19.900000,,0.5.0,-1.0,0.12563446779158682,0.6928826778664341,-0.5,1,C-06;C-05,0,0,0.0,0.0,0.0
19.950000,,0.5.0,0.17765514861493453,0.12563446779158682,0.6928826778664341,-0.5,1,C-06;C-05,0,0,0.0,0.0,0.0
20.000000,,0.5.0,0.17765514861493453,0.12563446779158682,0.6928826778664341,-0.5,1,C-06;C-05,0,0,0.0,0.0,0.0
20.050000,,0.5.0,0.17765514861493453,0.12563446779158682,0.6928826778664341,-0.5,1,C-06;C-05,0,0,0.0,0.0,0.0
20.100000,,0.5.0,0.17765514861493453,0.12563446779158682,0.6928826778664341,-0.5,1,C-06;C-05,0,0,0.0,0.0,0.0
20.150000,,0.5.0,1.0,0.12563446779158682,0.6928826778664341,-0.5,1,C-06;C-05,0,0,0.0,0.0,0.0
20.200000,,0.5.0,0.953668847891677,0.12563446779158682,0.6928826778664341,-0.5,1,C-06;C-05,0,0,0.0,0.0,0.0
20.250000,,0.5.0,-1.0,0.12563446779158682,0.6928826778664341,-0.5,1,C-06;C-05,0,0,0.0,0.0,0.0
20.300000,,0.5.0,0.17765514861493453,0.12563446779158682,0.6928826778664341,-0.5,1,C-06;C-05,0,0,0.0,0.0,0.0
20.350000,,0.5.0,0.17765514861493453,0.12563446779158682,0.6928826778664341,-0.5,1,C-06;C-05,0,0,0.0,0.0,0.0
20.400000,,0.5.0,0.17765514861493453,0.12563446779158682,0.6928826778664341,-0.5,1,C-06;C-05,0,0,0.0,0.0,0.0
20.450000,,0.5.0,0.17765514861493453,0.12563446779158682,0.6928826778664341,-0.5,1,C-06;C-05,0,0,0.0,0.0,0.0
20.500000,,0.5.0,1.0,0.12563446779158682,0.6928826778664341,-0.5,1,C-06;C-05,0,0,0.0,0.0,0.0
20.550000,,0.5.0,-1.0,0.12563446779158682,0.6928826778664341,-0.5,1,C-06;C-05,0,0,0.0,0.0,0.0
20.600000,,0.5.0,0.17765514861493453,0.12563446779158682,0.6928826778664341,-0.5,1,C-06;C-05,0,0,0.0,0.0,0.0
20.650000,,0.5.0,0.17765514861493453,0.12563446779158682,0.6928826778664341,-0.5,1,C-06;C-05,0,0,0.0,0.0,0.0
20.700000,,0.5.0,1.0,0.12563446779158682,0.6928826778664341,-0.5,1,C-06;C-05,0,0,0.0,0.0,0.0
20.750000,,0.5.0,-1.0,0.12563446779158682,0.6928826778664341,-0.5,1,C-06;C-05,0,0,0.0,0.0,0.0
20.800000,,0.5.0,0.17765514861493453,0.12563446779158682,0.6928826778664341,-0.5,1,C-06;C-05,0,0,0.0,0.0,0.0
20.850000,,0.5.0,0.17765514861493453,0.12563446779158682,0.6928826778664341,-0.5,1,C-06;C-05,0,0,0.0,0.0,0.0
20.900000,,0.5.0,0.17765514861493453,0.12563446779158682,0.6928826778664341,-0.5,1,C-06;C-05,0,0,0.0,0.0,0.0
20.950000,,0.5.0,0.17765514861493453,0.12563446779158682,0.6928826778664341,-0.5,1,C-06;C-05,0,0,0.0,0.0,0.0
21.000000,,0.5.0,0.17765514861493453,0.12563446779158682,0.6928826778664341,-0.5,1,C-06;C-05,0,0,0.0,0.0,0.0
21.050000,,0.5.0,0.17765514861493453,0.12563446779158682,0.6928826778664341,-0.5,1,C-06;C-05,0,0,0.0,0.0,0.0
21.100000,,0.5.0,1.0,0.12563446779158682,0.6928826778664341,-0.5,1,C-06;C-05,0,0,0.0,0.0,0.0
21.150000,,0.5.0,-1.0,0.12563446779158682,0.6928826778664341,-0.5,1,C-06;C-05,0,0,0.0,0.0,0.0
21.200000,,0.5.0,0.17765514861493453,0.12563446779158682,0.6928826778664341,-0.5,1,C-06;C-05,0,0,0.0,0.0,0.0
21.251000,,0.5.0,0.17765514861493453,0.12563446779158682,0.6928826778664341,-0.5,1,C-06;C-05,0,0,0.0,0.0,0.0
21.300000,,0.5.0,0.17765514861493453,0.12563446779158682,0.6928826778664341,-0.5,1,C-06;C-05,0,0,0.0,0.0,0.0
21.350000,,0.5.0,1.0,0.12563446779158682,0.6928826778664341,-0.5,1,C-06;C-05,0,0,0.0,0.0,0.0
21.400000,,0.5.0,0.953668847891677,0.12563446779158682,0.6928826778664341,-0.5,1,C-06;C-05,0,0,0.0,0.0,0.0
21.450000,,0.5.0,-1.0,0.12563446779158682,0.6928826778664341,-0.5,1,C-06;C-05,0,0,0.0,0.0,0.0
21.500000,,0.5.0,0.17765514861493453,0.12563446779158682,0.6928826778664341,-0.5,1,C-06;C-05,0,0,0.0,0.0,0.0
21.550000,,0.5.0,0.17765514861493453,0.12563446779158682,0.6928826778664341,-0.5,1,C-06;C-05,0,0,0.0,0.0,0.0
21.600000,,0.5.0,0.17765514861493453,0.12563446779158682,0.6928826778664341,-0.5,1,C-06;C-05,0,0,0.0,0.0,0.0
21.650000,,0.5.0,1.0,0.12563446779158682,0.6928826778664341,-0.5,1,C-06;C-05,0,0,0.0,0.0,0.0
21.700000,,0.5.0,0.953668847891677,0.12563446779158682,0.6928826778664341,-0.5,1,C-06;C-05,0,0,0.0,0.0,0.0
21.750000,,0.5.0,-1.0,0.12563446779158682,0.6928826778664341,-0.5,1,C-06;C-05,0,0,0.0,0.0,0.0
21.800000,,0.5.0,1.0,0.12563446779158682,0.6928826778664341,-0.5,1,C-06;C-05,0,0,0.0,0.0,0.0
21.850000,,0.5.0,0.953668847891677,0.12563446779158682,0.6928826778664341,-0.5,1,C-06;C-05,0,0,0.0,0.0,0.0
21.901000,,0.5.0,-1.0,0.12563446779158682,0.6928826778664341,-0.5,1,C-06;C-05,0,0,0.0,0.0,0.0
21.950000,,0.5.0,1.0,0.12563446779158682,0.6928826778664341,-0.5,1,C-06;C-05,0,0,0.0,0.0,0.0
22.000000,,0.5.0,-1.0,0.12563446779158682,0.6928826778664341,-0.5,1,C-06;C-05,0,0,0.0,0.0,0.0
22.050000,,0.5.0,1.0,0.12563446779158682,0.6928826778664341,-0.5,1,C-06;C-05,0,0,0.0,0.0,0.0
22.100000,,0.5.0,-1.0,0.12563446779158682,0.6928826778664341,-0.5,1,C-06;C-05,0,0,0.0,0.0,0.0
22.150000,,0.5.0,1.0,0.12563446779158682,0.6928826778664341,-0.5,1,C-06;C-05,0,0,0.0,0.0,0.0
22.200000,,0.5.0,0.953668847891677,0.12563446779158682,0.6928826778664341,-0.5,1,C-06;C-05,0,0,0.0,0.0,0.0
22.250000,,0.5.0,0.953668847891677,0.12563446779158682,0.6928826778664341,-0.5,1,C-06;C-05,0,0,0.0,0.0,0.0
22.300000,,0.5.0,0.953668847891677,0.12563446779158682,0.6928826778664341,-0.5,1,C-06;C-05,0,0,0.0,0.0,0.0
22.351000,,0.5.0,-1.0,0.12563446779158682,0.6928826778664341,-0.5,1,C-06;C-05,0,0,0.0,0.0,0.0
22.400000,,0.5.0,0.17765514861493453,0.12563446779158682,0.6928826778664341,-0.5,1,C-06;C-05,0,0,0.0,0.0,0.0
22.450000,,0.5.0,0.17765514861493453,0.12563446779158682,0.6928826778664341,-0.5,1,C-06;C-05,0,0,0.0,0.0,0.0
22.500000,,0.5.0,0.17765514861493453,0.12563446779158682,0.6928826778664341,-0.5,1,C-06;C-05,0,0,0.0,0.0,0.0
22.550000,,0.5.0,0.17765514861493453,0.12563446779158682,0.6928826778664341,-0.5,1,C-06;C-05,0,0,0.0,0.0,0.0
22.600000,,0.5.0,0.17765514861493453,0.12563446779158682,0.6928826778664341,-0.5,1,C-06;C-05,0,0,0.0,0.0,0.0
22.650000,,0.5.0,0.17765514861493453,0.12563446779158682,0.6928826778664341,-0.5,1,C-06;C-05,0,0,0.0,0.0,0.0
22.700000,,0.5.0,0.17765514861493453,0.12563446779158682,0.6928826778664341,-0.5,1,C-06;C-05,0,0,0.0,0.0,0.0
22.750000,,0.5.0,0.17765514861493453,0.12563446779158682,0.6928826778664341,-0.5,1,C-06;C-05,0,0,0.0,0.0,0.0
22.800000,,0.5.0,0.17765514861493453,0.12563446779158682,0.6928826778664341,-0.5,1,C-06;C-05,0,0,0.0,0.0,0.0
22.850000,,0.5.0,0.17765514861493453,0.12563446779158682,0.6928826778664341,-0.5,1,C-06;C-05,0,0,0.0,0.0,0.0
22.900000,,0.5.0,0.17765514861493453,0.12563446779158682,0.6928826778664341,-0.5,1,C-06;C-05,0,0,0.0,0.0,0.0
22.950000,,0.5.0,0.17765514861493453,0.12563446779158682,0.6928826778664341,-0.5,1,C-06;C-05,0,0,0.0,0.0,0.0
23.000000,,0.5.0,1.0,0.12563446779158682,0.6928826778664341,-0.5,1,C-06;C-05,0,0,0.0,0.0,0.0
23.050000,,0.5.0,-1.0,0.12563446779158682,0.6928826778664341,-0.5,1,C-06;C-05,0,0,0.0,0.0,0.0
23.100000,,0.5.0,0.17765514861493453,0.12563446779158682,0.6928826778664341,-0.5,1,C-06;C-05,0,0,0.0,0.0,0.0
23.150000,,0.5.0,1.0,0.12563446779158682,0.6928826778664341,-0.5,1,C-06;C-05,0,0,0.0,0.0,0.0
23.200000,,0.5.0,-1.0,0.12563446779158682,0.6928826778664341,-0.5,1,C-06;C-05,0,0,0.0,0.0,0.0
23.250000,,0.5.0,1.0,0.12563446779158682,0.6928826778664341,-0.5,1,C-06;C-05,0,0,0.0,0.0,0.0
23.300000,,0.5.0,-1.0,0.12563446779158682,0.6928826778664341,-0.5,1,C-06;C-05,0,0,0.0,0.0,0.0
23.350000,,0.5.0,1.0,0.12563446779158682,0.6928826778664341,-0.5,1,C-06;C-05,0,0,0.0,0.0,0.0
23.400000,,0.5.0,0.953668847891677,0.12563446779158682,0.6928826778664341,-0.5,1,C-06;C-05,0,0,0.0,0.0,0.0
23.450000,,0.5.0,-1.0,0.12563446779158682,0.6928826778664341,-0.5,1,C-06;C-05,0,0,0.0,0.0,0.0
23.500000,,0.5.0,0.17765514861493453,0.12563446779158682,0.6928826778664341,-0.5,1,C-06;C-05,0,0,0.0,0.0,0.0
23.550000,,0.5.0,0.17765514861493453,0.12563446779158682,0.6928826778664341,-0.5,1,C-06;C-05,0,0,0.0,0.0,0.0
23.600000,,0.5.0,0.17765514861493453,0.12563446779158682,0.6928826778664341,-0.5,1,C-06;C-05,0,0,0.0,0.0,0.0
23.650000,,0.5.0,0.17765514861493453,0.12563446779158682,0.6928826778664341,-0.5,1,C-06;C-05,0,0,0.0,0.0,0.0
23.700000,,0.5.0,1.0,0.12563446779158682,0.6928826778664341,-0.5,1,C-06;C-05,0,0,0.0,0.0,0.0
23.751000,,0.5.0,-1.0,0.12563446779158682,0.6928826778664341,-0.5,1,C-06;C-05,0,0,0.0,0.0,0.0
23.800000,,0.5.0,0.17765514861493453,0.12563446779158682,0.6928826778664341,-0.5,1,C-06;C-05,0,0,0.0,0.0,0.0
23.850000,,0.5.0,0.17765514861493453,0.12563446779158682,0.6928826778664341,-0.5,1,C-06;C-05,0,0,0.0,0.0,0.0
23.900000,,0.5.0,1.0,0.12563446779158682,0.6928826778664341,-0.5,1,C-06;C-05,0,0,0.0,0.0,0.0
23.950000,,0.5.0,0.953668847891677,0.12563446779158682,0.6928826778664341,-0.5,1,C-06;C-05,0,0,0.0,0.0,0.0
24.000000,,0.5.0,-1.0,0.12563446779158682,0.6928826778664341,-0.5,1,C-06;C-05,0,0,0.0,0.0,0.0
24.050000,,0.5.0,0.17765514861493453,0.12563446779158682,0.6928826778664341,-0.5,1,C-06;C-05,0,0,0.0,0.0,0.0
24.100000,,0.5.0,0.17765514861493453,0.12563446779158682,0.6928826778664341,-0.5,1,C-06;C-05,0,0,0.0,0.0,0.0
24.150000,,0.5.0,1.0,0.12563446779158682,0.6928826778664341,-0.5,1,C-06;C-05,0,0,0.0,0.0,0.0
24.201000,,0.5.0,-1.0,0.12563446779158682,0.6928826778664341,-0.5,1,C-06;C-05,0,0,0.0,0.0,0.0
24.250000,,0.5.0,1.0,0.12563446779158682,0.6928826778664341,-0.5,1,C-06;C-05,0,0,0.0,0.0,0.0
24.300000,,0.5.0,-1.0,0.12563446779158682,0.6928826778664341,-0.5,1,C-06;C-05,0,0,0.0,0.0,0.0
24.350000,,0.5.0,0.17765514861493453,0.12563446779158682,0.6928826778664341,-0.5,1,C-06;C-05,0,0,0.0,0.0,0.0
24.400000,,0.5.0,0.17765514861493453,0.12563446779158682,0.6928826778664341,-0.5,1,C-06;C-05,0,0,0.0,0.0,0.0
24.450000,,0.5.0,0.17765514861493453,0.12563446779158682,0.6928826778664341,-0.5,1,C-06;C-05,0,0,0.0,0.0,0.0
24.500000,,0.5.0,1.0,0.12563446779158682,0.6928826778664341,-0.5,1,C-06;C-05,0,0,0.0,0.0,0.0
24.550000,,0.5.0,-1.0,0.12563446779158682,0.6928826778664341,-0.5,1,C-06;C-05,0,0,0.0,0.0,0.0
24.600000,,0.5.0,0.17765514861493453,0.12563446779158682,0.6928826778664341,-0.5,1,C-06;C-05,0,0,0.0,0.0,0.0
24.650000,,0.5.0,0.17765514861493453,0.12563446779158682,0.6928826778664341,-0.5,1,C-06;C-05,0,0,0.0,0.0,0.0
24.700000,,0.5.0,1.0,0.12563446779158682,0.6928826778664341,-0.5,1,C-06;C-05,0,0,0.0,0.0,0.0
24.750000,,0.5.0,-1.0,0.12563446779158682,0.6928826778664341,-0.5,1,C-06;C-05,0,0,0.0,0.0,0.0
24.800000,,0.5.0,0.17765514861493453,0.12563446779158682,0.6928826778664341,-0.5,1,C-06;C-05,0,0,0.0,0.0,0.0
24.850000,,0.5.0,0.17765514861493453,0.12563446779158682,0.6928826778664341,-0.5,1,C-06;C-05,0,0,0.0,0.0,0.0
24.900000,,0.5.0,1.0,0.12563446779158682,0.6928826778664341,-0.5,1,C-06;C-05,0,0,0.0,0.0,0.0
24.950000,,0.5.0,0.953668847891677,0.12563446779158682,0.6928826778664341,-0.5,1,C-06;C-05,0,0,0.0,0.0,0.0
25.000000,,0.5.0,-1.0,0.12563446779158682,0.6928826778664341,-0.5,1,C-06;C-05,0,0,0.0,0.0,0.0
25.050000,,0.5.0,0.17765514861493453,0.12563446779158682,0.6928826778664341,-0.5,1,C-06;C-05,0,0,0.0,0.0,0.0
25.100000,,0.5.0,0.17765514861493453,0.12563446779158682,0.6928826778664341,-0.5,1,C-06;C-05,0,0,0.0,0.0,0.0
25.150000,,0.5.0,0.17765514861493453,0.12563446779158682,0.6928826778664341,-0.5,1,C-06;C-05,0,0,0.0,0.0,0.0
25.200000,,0.5.0,0.17765514861493453,0.12563446779158682,0.6928826778664341,-0.5,1,C-06;C-05,0,0,0.0,0.0,0.0
25.250000,,0.5.0,1.0,0.12563446779158682,0.6928826778664341,-0.5,1,C-06;C-05,0,0,0.0,0.0,0.0
25.300000,,0.5.0,-1.0,0.12563446779158682,0.6928826778664341,-0.5,1,C-06;C-05,0,0,0.0,0.0,0.0
25.350000,,0.5.0,1.0,0.12563446779158682,0.6928826778664341,-0.5,1,C-06;C-05,0,0,0.0,0.0,0.0
25.400000,,0.5.0,-1.0,0.12563446779158682,0.6928826778664341,-0.5,1,C-06;C-05,0,0,0.0,0.0,0.0
25.450000,,0.5.0,0.17765514861493453,0.12563446779158682,0.6928826778664341,-0.5,1,C-06;C-05,0,0,0.0,0.0,0.0
25.500000,,0.5.0,0.17765514861493453,0.12563446779158682,0.6928826778664341,-0.5,1,C-06;C-05,0,0,0.0,0.0,0.0
25.550000,,0.5.0,1.0,0.12563446779158682,0.6928826778664341,-0.5,1,C-06;C-05,0,0,0.0,0.0,0.0
25.600000,,0.5.0,-1.0,0.12563446779158682,0.6928826778664341,-0.5,1,C-06;C-05,0,0,0.0,0.0,0.0
25.650000,,0.5.0,0.17765514861493453,0.12563446779158682,0.6928826778664341,-0.5,1,C-06;C-05,0,0,0.0,0.0,0.0
25.700000,,0.5.0,1.0,0.12563446779158682,0.6928826778664341,-0.5,1,C-06;C-05,0,0,0.0,0.0,0.0
25.750000,,0.5.0,0.953668847891677,0.12563446779158682,0.6928826778664341,-0.5,1,C-06;C-05,0,0,0.0,0.0,0.0
25.800000,,0.5.0,-1.0,0.12563446779158682,0.6928826778664341,-0.5,1,C-06;C-05,0,0,0.0,0.0,0.0
25.850000,,0.5.0,0.17765514861493453,0.12563446779158682,0.6928826778664341,-0.5,1,C-06;C-05,0,0,0.0,0.0,0.0
25.900000,,0.5.0,1.0,0.12563446779158682,0.6928826778664341,-0.5,1,C-06;C-05,0,0,0.0,0.0,0.0
25.950000,,0.5.0,0.953668847891677,0.12563446779158682,0.6928826778664341,-0.5,1,C-06;C-05,0,0,0.0,0.0,0.0
26.000000,,0.5.0,-1.0,0.12563446779158682,0.6928826778664341,-0.5,1,C-06;C-05,0,0,0.0,0.0,0.0
26.050000,,0.5.0,0.17765514861493453,0.12563446779158682,0.6928826778664341,-0.5,1,C-06;C-05,0,0,0.0,0.0,0.0
26.100000,,0.5.0,1.0,0.12563446779158682,0.6928826778664341,-0.5,1,C-06;C-05,0,0,0.0,0.0,0.0
26.150000,,0.5.0,-1.0,0.12563446779158682,0.6928826778664341,-0.5,1,C-06;C-05,0,0,0.0,0.0,0.0
26.200000,,0.5.0,1.0,0.12563446779158682,0.6928826778664341,-0.5,1,C-06;C-05,0,0,0.0,0.0,0.0
26.250000,,0.5.0,0.953668847891677,0.12563446779158682,0.6928826778664341,-0.5,1,C-06;C-05,0,0,0.0,0.0,0.0
26.300000,,0.5.0,-1.0,0.12563446779158682,0.6928826778664341,-0.5,1,C-06;C-05,0,0,0.0,0.0,0.0
26.351000,,0.5.0,0.17765514861493453,0.12563446779158682,0.6928826778664341,-0.5,1,C-06;C-05,0,0,0.0,0.0,0.0
26.400000,,0.5.0,0.17765514861493453,0.12563446779158682,0.6928826778664341,-0.5,1,C-06;C-05,0,0,0.0,0.0,0.0
26.450000,,0.5.0,0.17765514861493453,0.12563446779158682,0.6928826778664341,-0.5,1,C-06;C-05,0,0,0.0,0.0,0.0
26.500000,,0.5.0,0.17765514861493453,0.12563446779158682,0.6928826778664341,-0.5,1,C-06;C-05,0,0,0.0,0.0,0.0
26.550000,,0.5.0,0.17765514861493453,0.12563446779158682,0.6928826778664341,-0.5,1,C-06;C-05,0,0,0.0,0.0,0.0
26.600000,,0.5.0,0.17765514861493453,0.12563446779158682,0.6928826778664341,-0.5,1,C-06;C-05,0,0,0.0,0.0,0.0
26.650000,,0.5.0,1.0,0.12563446779158682,0.6928826778664341,-0.5,1,C-06;C-05,0,0,0.0,0.0,0.0
26.700000,,0.5.0,-1.0,0.12563446779158682,0.6928826778664341,-0.5,1,C-06;C-05,0,0,0.0,0.0,0.0
26.750000,,0.5.0,0.17765514861493453,0.12563446779158682,0.6928826778664341,-0.5,1,C-06;C-05,0,0,0.0,0.0,0.0
26.800000,,0.5.0,1.0,0.12563446779158682,0.6928826778664341,-0.5,1,C-06;C-05,0,0,0.0,0.0,0.0
26.850000,,0.5.0,0.953668847891677,0.12563446779158682,0.6928826778664341,-0.5,1,C-06;C-05,0,0,0.0,0.0,0.0
26.900000,,0.5.0,-1.0,0.12563446779158682,0.6928826778664341,-0.5,1,C-06;C-05,0,0,0.0,0.0,0.0
26.950000,,0.5.0,0.17765514861493453,0.12563446779158682,0.6928826778664341,-0.5,1,C-06;C-05,0,0,0.0,0.0,0.0
27.000000,,0.5.0,1.0,0.12563446779158682,0.6928826778664341,-0.5,1,C-06;C-05,0,0,0.0,0.0,0.0
27.050000,,0.5.0,-1.0,0.12563446779158682,0.6928826778664341,-0.5,1,C-06;C-05,0,0,0.0,0.0,0.0
27.100000,,0.5.0,1.0,0.12563446779158682,0.6928826778664341,-0.5,1,C-06;C-05,0,0,0.0,0.0,0.0
27.150000,,0.5.0,-1.0,0.12563446779158682,0.6928826778664341,-0.5,1,C-06;C-05,0,0,0.0,0.0,0.0
27.200000,,0.5.0,0.17765514861493453,0.12563446779158682,0.6928826778664341,-0.5,1,C-06;C-05,0,0,0.0,0.0,0.0
27.250000,,0.5.0,0.17765514861493453,0.12563446779158682,0.6928826778664341,-0.5,1,C-06;C-05,0,0,0.0,0.0,0.0
27.300000,,0.5.0,1.0,0.12563446779158682,0.6928826778664341,-0.5,1,C-06;C-05,0,0,0.0,0.0,0.0
27.350000,,0.5.0,-1.0,0.12563446779158682,0.6928826778664341,-0.5,1,C-06;C-05,0,0,0.0,0.0,0.0
27.400000,,0.5.0,0.17765514861493453,0.12563446779158682,0.6928826778664341,-0.5,1,C-06;C-05,0,0,0.0,0.0,0.0
27.450000,,0.5.0,0.17765514861493453,0.12563446779158682,0.6928826778664341,-0.5,1,C-06;C-05,0,0,0.0,0.0,0.0
27.500000,,0.5.0,0.17765514861493453,0.12563446779158682,0.6928826778664341,-0.5,1,C-06;C-05,0,0,0.0,0.0,0.0
27.550000,,0.5.0,0.17765514861493453,0.12563446779158682,0.6928826778664341,-0.5,1,C-06;C-05,0,0,0.0,0.0,0.0
27.600000,,0.5.0,1.0,0.12563446779158682,0.6928826778664341,-0.5,1,C-06;C-05,0,0,0.0,0.0,0.0
27.650000,,0.5.0,0.953668847891677,0.12563446779158682,0.6928826778664341,-0.5,1,C-06;C-05,0,0,0.0,0.0,0.0
27.700000,,0.5.0,0.953668847891677,0.12563446779158682,0.6928826778664341,-0.5,1,C-06;C-05,0,0,0.0,0.0,0.0
27.750000,,0.5.0,0.953668847891677,0.12563446779158682,0.6928826778664341,-0.5,1,C-06;C-05,0,0,0.0,0.0,0.0
27.800000,,0.5.0,-1.0,0.12563446779158682,0.6928826778664341,-0.5,1,C-06;C-05,0,0,0.0,0.0,0.0
27.851000,,0.5.0,1.0,0.12563446779158682,0.6928826778664341,-0.5,1,C-06;C-05,0,0,0.0,0.0,0.0
27.900000,,0.5.0,0.953668847891677,0.12563446779158682,0.6928826778664341,-0.5,1,C-06;C-05,0,0,0.0,0.0,0.0
27.950000,,0.5.0,0.953668847891677,0.12563446779158682,0.6928826778664341,-0.5,1,C-06;C-05,0,0,0.0,0.0,0.0
28.000000,,0.5.0,0.953668847891677,0.12563446779158682,0.6928826778664341,-0.5,1,C-06;C-05,0,0,0.0,0.0,0.0
28.050000,,0.5.0,0.953668847891677,0.12563446779158682,0.6928826778664341,-0.5,1,C-06;C-05,0,0,0.0,0.0,0.0
28.101000,,0.5.0,-1.0,0.12563446779158682,0.6928826778664341,-0.5,1,C-06;C-05,0,0,0.0,0.0,0.0
28.150000,,0.5.0,0.17765514861493453,0.12563446779158682,0.6928826778664341,-0.5,1,C-06;C-05,0,0,0.0,0.0,0.0
28.200000,,0.5.0,0.17765514861493453,0.12563446779158682,0.6928826778664341,-0.5,1,C-06;C-05,0,0,0.0,0.0,0.0
28.250000,,0.5.0,0.17765514861493453,0.12563446779158682,0.6928826778664341,-0.5,1,C-06;C-05,0,0,0.0,0.0,0.0
28.300000,,0.5.0,0.17765514861493453,0.12563446779158682,0.6928826778664341,-0.5,1,C-06;C-05,0,0,0.0,0.0,0.0
28.350000,,0.5.0,1.0,0.12563446779158682,0.6928826778664341,-0.5,1,C-06;C-05,0,0,0.0,0.0,0.0
28.400000,,0.5.0,0.953668847891677,0.12563446779158682,0.6928826778664341,-0.5,1,C-06;C-05,0,0,0.0,0.0,0.0
28.450000,,0.5.0,-1.0,0.12563446779158682,0.6928826778664341,-0.5,1,C-06;C-05,0,0,0.0,0.0,0.0
28.500000,,0.5.0,1.0,0.12563446779158682,0.6928826778664341,-0.5,1,C-06;C-05,0,0,0.0,0.0,0.0
28.550000,,0.5.0,-1.0,0.12563446779158682,0.6928826778664341,-0.5,1,C-06;C-05,0,0,0.0,0.0,0.0
28.600000,,0.5.0,0.17765514861493453,0.12563446779158682,0.6928826778664341,-0.5,1,C-06;C-05,0,0,0.0,0.0,0.0
28.650000,,0.5.0,0.17765514861493453,0.12563446779158682,0.6928826778664341,-0.5,1,C-06;C-05,0,0,0.0,0.0,0.0
28.700000,,0.5.0,0.17765514861493453,0.12563446779158682,0.6928826778664341,-0.5,1,C-06;C-05,0,0,0.0,0.0,0.0
28.750000,,0.5.0,0.17765514861493453,0.12563446779158682,0.6928826778664341,-0.5,1,C-06;C-05,0,0,0.0,0.0,0.0
28.800000,,0.5.0,1.0,0.12563446779158682,0.6928826778664341,-0.5,1,C-06;C-05,0,0,0.0,0.0,0.0
28.850000,,0.5.0,-1.0,0.12563446779158682,0.6928826778664341,-0.5,1,C-06;C-05,0,0,0.0,0.0,0.0
28.900000,,0.5.0,0.17765514861493453,0.12563446779158682,0.6928826778664341,-0.5,1,C-06;C-05,0,0,0.0,0.0,0.0
28.950000,,0.5.0,0.17765514861493453,0.12563446779158682,0.6928826778664341,-0.5,1,C-06;C-05,0,0,0.0,0.0,0.0
29.000000,,0.5.0,0.17765514861493453,0.12563446779158682,0.6928826778664341,-0.5,1,C-06;C-05,0,0,0.0,0.0,0.0
29.050000,,0.5.0,0.17765514861493453,0.12563446779158682,0.6928826778664341,-0.5,1,C-06;C-05,0,0,0.0,0.0,0.0
29.100000,,0.5.0,0.17765514861493453,0.12563446779158682,0.6928826778664341,-0.5,1,C-06;C-05,0,0,0.0,0.0,0.0
29.150000,,0.5.0,1.0,0.12563446779158682,0.6928826778664341,-0.5,1,C-06;C-05,0,0,0.0,0.0,0.0
29.201000,,0.5.0,-1.0,0.12563446779158682,0.6928826778664341,-0.5,1,C-06;C-05,0,0,0.0,0.0,0.0
29.250000,,0.5.0,1.0,0.12563446779158682,0.6928826778664341,-0.5,1,C-06;C-05,0,0,0.0,0.0,0.0
29.300000,,0.5.0,0.953668847891677,0.12563446779158682,0.6928826778664341,-0.5,1,C-06;C-05,0,0,0.0,0.0,0.0
29.350000,,0.5.0,-1.0,0.12563446779158682,0.6928826778664341,-0.5,1,C-06;C-05,0,0,0.0,0.0,0.0
29.400000,,0.5.0,0.17765514861493453,0.12563446779158682,0.6928826778664341,-0.5,1,C-06;C-05,0,0,0.0,0.0,0.0
29.450000,,0.5.0,0.17765514861493453,0.12563446779158682,0.6928826778664341,-0.5,1,C-06;C-05,0,0,0.0,0.0,0.0
29.500000,,0.5.0,1.0,0.12563446779158682,0.6928826778664341,-0.5,1,C-06;C-05,0,0,0.0,0.0,0.0
29.550000,,0.5.0,-1.0,0.12563446779158682,0.6928826778664341,-0.5,1,C-06;C-05,0,0,0.0,0.0,0.0
29.600000,,0.5.0,0.17765514861493453,0.12563446779158682,0.6928826778664341,-0.5,1,C-06;C-05,0,0,0.0,0.0,0.0
29.650000,,0.5.0,0.17765514861493453,0.12563446779158682,0.6928826778664341,-0.5,1,C-06;C-05,0,0,0.0,0.0,0.0
29.700000,,0.5.0,0.17765514861493453,0.12563446779158682,0.6928826778664341,-0.5,1,C-06;C-05,0,0,0.0,0.0,0.0
29.750000,,0.5.0,0.17765514861493453,0.12563446779158682,0.6928826778664341,-0.5,1,C-06;C-05,0,0,0.0,0.0,0.0
29.800000,,0.5.0,0.17765514861493453,0.12563446779158682,0.6928826778664341,-0.5,1,C-06;C-05,0,0,0.0,0.0,0.0
29.850000,,0.5.0,0.17765514861493453,0.12563446779158682,0.6928826778664341,-0.5,1,C-06;C-05,0,0,0.0,0.0,0.0
29.900000,,0.5.0,0.17765514861493453,0.12563446779158682,0.6928826778664341,-0.5,1,C-06;C-05,0,0,0.0,0.0,0.0
29.950000,,0.5.0,0.17765514861493453,0.12563446779158682,0.6928826778664341,-0.5,1,C-06;C-05,0,0,0.0,0.0,0.0
30.000000,,0.5.0,0.17765514861493453,0.12563446779158682,0.6928826778664341,-0.5,1,C-06;C-05,0,0,0.0,0.0,0.0
30.050000,,0.5.0,0.17765514861493453,0.12563446779158682,0.6928826778664341,-0.5,1,C-06;C-05,0,0,0.0,0.0,0.0
30.100000,,0.5.0,0.17765514861493453,0.12563446779158682,0.6928826778664341,-0.5,1,C-06;C-05,0,0,0.0,0.0,0.0
30.150000,,0.5.0,0.17765514861493453,0.12563446779158682,0.6928826778664341,-0.5,1,C-06;C-05,0,0,0.0,0.0,0.0
30.201000,,0.5.0,1.0,0.12563446779158682,0.6928826778664341,-0.5,1,C-06;C-05,0,0,0.0,0.0,0.0
30.250000,,0.5.0,0.953668847891677,0.12563446779158682,0.6928826778664341,-0.5,1,C-06;C-05,0,0,0.0,0.0,0.0
30.300000,,0.5.0,-1.0,0.12563446779158682,0.6928826778664341,-0.5,1,C-06;C-05,0,0,0.0,0.0,0.0
30.350000,,0.5.0,0.17765514861493453,0.12563446779158682,0.6928826778664341,-0.5,1,C-06;C-05,0,0,0.0,0.0,0.0
30.400000,,0.5.0,0.17765514861493453,0.12563446779158682,0.6928826778664341,-0.5,1,C-06;C-05,0,0,0.0,0.0,0.0
30.450000,,0.5.0,0.17765514861493453,0.12563446779158682,0.6928826778664341,-0.5,1,C-06;C-05,0,0,0.0,0.0,0.0
30.500000,,0.5.0,0.17765514861493453,0.12563446779158682,0.6928826778664341,-0.5,1,C-06;C-05,0,0,0.0,0.0,0.0
30.550000,,0.5.0,1.0,0.12563446779158682,0.6928826778664341,-0.5,1,C-06;C-05,0,0,0.0,0.0,0.0
30.600000,,0.5.0,0.953668847891677,0.12563446779158682,0.6928826778664341,-0.5,1,C-06;C-05,0,0,0.0,0.0,0.0
30.650000,,0.5.0,-1.0,0.12563446779158682,0.6928826778664341,-0.5,1,C-06;C-05,0,0,0.0,0.0,0.0
30.700000,,0.5.0,0.17765514861493453,0.12563446779158682,0.6928826778664341,-0.5,1,C-06;C-05,0,0,0.0,0.0,0.0
30.750000,,0.5.0,1.0,0.12563446779158682,0.6928826778664341,-0.5,1,C-06;C-05,0,0,0.0,0.0,0.0
30.800000,,0.5.0,-1.0,0.12563446779158682,0.6928826778664341,-0.5,1,C-06;C-05,0,0,0.0,0.0,0.0
30.850000,,0.5.0,0.17765514861493453,0.12563446779158682,0.6928826778664341,-0.5,1,C-06;C-05,0,0,0.0,0.0,0.0
30.900000,,0.5.0,1.0,0.12563446779158682,0.6928826778664341,-0.5,1,C-06;C-05,0,0,0.0,0.0,0.0
30.950000,,0.5.0,0.953668847891677,0.12563446779158682,0.6928826778664341,-0.5,1,C-06;C-05,0,0,0.0,0.0,0.0
31.000000,,0.5.0,-1.0,0.12563446779158682,0.6928826778664341,-0.5,1,C-06;C-05,0,0,0.0,0.0,0.0
31.050000,,0.5.0,0.17765514861493453,0.12563446779158682,0.6928826778664341,-0.5,1,C-06;C-05,0,0,0.0,0.0,0.0
31.100000,,0.5.0,1.0,0.12563446779158682,0.6928826778664341,-0.5,1,C-06;C-05,0,0,0.0,0.0,0.0
31.150000,,0.5.0,0.953668847891677,0.12563446779158682,0.6928826778664341,-0.5,1,C-06;C-05,0,0,0.0,0.0,0.0
31.200000,,0.5.0,-1.0,0.12563446779158682,0.6928826778664341,-0.5,1,C-06;C-05,0,0,0.0,0.0,0.0
31.250000,,0.5.0,0.17765514861493453,0.12563446779158682,0.6928826778664341,-0.5,1,C-06;C-05,0,0,0.0,0.0,0.0
31.300000,,0.5.0,0.17765514861493453,0.12563446779158682,0.6928826778664341,-0.5,1,C-06;C-05,0,0,0.0,0.0,0.0
31.350000,,0.5.0,0.17765514861493453,0.12563446779158682,0.6928826778664341,-0.5,1,C-06;C-05,0,0,0.0,0.0,0.0
31.400000,,0.5.0,1.0,0.12563446779158682,0.6928826778664341,-0.5,1,C-06;C-05,0,0,0.0,0.0,0.0
31.450000,,0.5.0,-1.0,0.12563446779158682,0.6928826778664341,-0.5,1,C-06;C-05,0,0,0.0,0.0,0.0
31.500000,,0.5.0,1.0,0.12563446779158682,0.6928826778664341,-0.5,1,C-06;C-05,0,0,0.0,0.0,0.0
31.550000,,0.5.0,-1.0,0.12563446779158682,0.6928826778664341,-0.5,1,C-06;C-05,0,0,0.0,0.0,0.0
31.600000,,0.5.0,0.17765514861493453,0.12563446779158682,0.6928826778664341,-0.5,1,C-06;C-05,0,0,0.0,0.0,0.0
31.650000,,0.5.0,0.17765514861493453,0.12563446779158682,0.6928826778664341,-0.5,1,C-06;C-05,0,0,0.0,0.0,0.0
31.700000,,0.5.0,0.17765514861493453,0.12563446779158682,0.6928826778664341,-0.5,1,C-06;C-05,0,0,0.0,0.0,0.0
31.750000,,0.5.0,1.0,0.12563446779158682,0.6928826778664341,-0.5,1,C-06;C-05,0,0,0.0,0.0,0.0
31.800000,,0.5.0,0.953668847891677,0.12563446779158682,0.6928826778664341,-0.5,1,C-06;C-05,0,0,0.0,0.0,0.0
31.850000,,0.5.0,-1.0,0.12563446779158682,0.6928826778664341,-0.5,1,C-06;C-05,0,0,0.0,0.0,0.0
31.900000,,0.5.0,1.0,0.12563446779158682,0.6928826778664341,-0.5,1,C-06;C-05,0,0,0.0,0.0,0.0
31.950000,,0.5.0,-1.0,0.12563446779158682,0.6928826778664341,-0.5,1,C-06;C-05,0,0,0.0,0.0,0.0
32.000000,,0.5.0,0.17765514861493453,0.12563446779158682,0.6928826778664341,-0.5,1,C-06;C-05,0,0,0.0,0.0,0.0
32.050000,,0.5.0,1.0,0.12563446779158682,0.6928826778664341,-0.5,1,C-06;C-05,0,0,0.0,0.0,0.0
32.100000,,0.5.0,0.953668847891677,0.12563446779158682,0.6928826778664341,-0.5,1,C-06;C-05,0,0,0.0,0.0,0.0
32.150000,,0.5.0,-1.0,0.12563446779158682,0.6928826778664341,-0.5,1,C-06;C-05,0,0,0.0,0.0,0.0
32.200000,,0.5.0,1.0,0.12563446779158682,0.6928826778664341,-0.5,1,C-06;C-05,0,0,0.0,0.0,0.0
32.250000,,0.5.0,-1.0,0.12563446779158682,0.6928826778664341,-0.5,1,C-06;C-05,0,0,0.0,0.0,0.0
32.300000,,0.5.0,1.0,0.12563446779158682,0.6928826778664341,-0.5,1,C-06;C-05,0,0,0.0,0.0,0.0
32.350000,,0.5.0,0.953668847891677,0.12563446779158682,0.6928826778664341,-0.5,1,C-06;C-05,0,0,0.0,0.0,0.0
32.400000,,0.5.0,-1.0,0.12563446779158682,0.6928826778664341,-0.5,1,C-06;C-05,0,0,0.0,0.0,0.0
32.450000,,0.5.0,0.17765514861493453,0.12563446779158682,0.6928826778664341,-0.5,1,C-06;C-05,0,0,0.0,0.0,0.0
32.500000,,0.5.0,0.17765514861493453,0.12563446779158682,0.6928826778664341,-0.5,1,C-06;C-05,0,0,0.0,0.0,0.0
32.550000,,0.5.0,0.17765514861493453,0.12563446779158682,0.6928826778664341,-0.5,1,C-06;C-05,0,0,0.0,0.0,0.0
32.600000,,0.5.0,1.0,0.12563446779158682,0.6928826778664341,-0.5,1,C-06;C-05,0,0,0.0,0.0,0.0
32.650000,,0.5.0,-1.0,0.12563446779158682,0.6928826778664341,-0.5,1,C-06;C-05,0,0,0.0,0.0,0.0
32.700000,,0.5.0,1.0,0.12563446779158682,0.6928826778664341,-0.5,1,C-06;C-05,0,0,0.0,0.0,0.0
32.750000,,0.5.0,-1.0,0.12563446779158682,0.6928826778664341,-0.5,1,C-06;C-05,0,0,0.0,0.0,0.0
32.800000,,0.5.0,1.0,0.12563446779158682,0.6928826778664341,-0.5,1,C-06;C-05,0,0,0.0,0.0,0.0
32.851000,,0.5.0,-1.0,0.12563446779158682,0.6928826778664341,-0.5,1,C-06;C-05,0,0,0.0,0.0,0.0
32.900000,,0.5.0,0.17765514861493453,0.12563446779158682,0.6928826778664341,-0.5,1,C-06;C-05,0,0,0.0,0.0,0.0
32.950000,,0.5.0,0.17765514861493453,0.12563446779158682,0.6928826778664341,-0.5,1,C-06;C-05,0,0,0.0,0.0,0.0
33.000000,,0.5.0,1.0,0.12563446779158682,0.6928826778664341,-0.5,1,C-06;C-05,0,0,0.0,0.0,0.0
33.050000,,0.5.0,-1.0,0.12563446779158682,0.6928826778664341,-0.5,1,C-06;C-05,0,0,0.0,0.0,0.0
33.100000,,0.5.0,0.17765514861493453,0.12563446779158682,0.6928826778664341,-0.5,1,C-06;C-05,0,0,0.0,0.0,0.0
33.150000,,0.5.0,0.17765514861493453,0.12563446779158682,0.6928826778664341,-0.5,1,C-06;C-05,0,0,0.0,0.0,0.0
33.200000,,0.5.0,0.17765514861493453,0.12563446779158682,0.6928826778664341,-0.5,1,C-06;C-05,0,0,0.0,0.0,0.0
33.250000,,0.5.0,0.17765514861493453,0.12563446779158682,0.6928826778664341,-0.5,1,C-06;C-05,0,0,0.0,0.0,0.0
33.300000,,0.5.0,0.17765514861493453,0.12563446779158682,0.6928826778664341,-0.5,1,C-06;C-05,0,0,0.0,0.0,0.0
33.350000,,0.5.0,0.17765514861493453,0.12563446779158682,0.6928826778664341,-0.5,1,C-06;C-05,0,0,0.0,0.0,0.0
33.400000,,0.5.0,0.17765514861493453,0.12563446779158682,0.6928826778664341,-0.5,1,C-06;C-05,0,0,0.0,0.0,0.0
33.450000,,0.5.0,1.0,0.12563446779158682,0.6928826778664341,-0.5,1,C-06;C-05,0,0,0.0,0.0,0.0
33.500000,,0.5.0,-1.0,0.12563446779158682,0.6928826778664341,-0.5,1,C-06;C-05,0,0,0.0,0.0,0.0
33.550000,,0.5.0,1.0,0.12563446779158682,0.6928826778664341,-0.5,1,C-06;C-05,0,0,0.0,0.0,0.0
33.600000,,0.5.0,-1.0,0.12563446779158682,0.6928826778664341,-0.5,1,C-06;C-05,0,0,0.0,0.0,0.0
33.651000,,0.5.0,0.17765514861493453,0.12563446779158682,0.6928826778664341,-0.5,1,C-06;C-05,0,0,0.0,0.0,0.0
33.700000,,0.5.0,0.17765514861493453,0.12563446779158682,0.6928826778664341,-0.5,1,C-06;C-05,0,0,0.0,0.0,0.0
33.750000,,0.5.0,1.0,0.12563446779158682,0.6928826778664341,-0.5,1,C-06;C-05,0,0,0.0,0.0,0.0
33.801000,,0.5.0,0.953668847891677,0.12563446779158682,0.6928826778664341,-0.5,1,C-06;C-05,0,0,0.0,0.0,0.0
33.850000,,0.5.0,-1.0,0.12563446779158682,0.6928826778664341,-0.5,1,C-06;C-05,0,0,0.0,0.0,0.0
33.900000,,0.5.0,0.17765514861493453,0.12563446779158682,0.6928826778664341,-0.5,1,C-06;C-05,0,0,0.0,0.0,0.0
33.950000,,0.5.0,1.0,0.12563446779158682,0.6928826778664341,-0.5,1,C-06;C-05,0,0,0.0,0.0,0.0
34.000000,,0.5.0,0.953668847891677,0.12563446779158682,0.6928826778664341,-0.5,1,C-06;C-05,0,0,0.0,0.0,0.0
34.050000,,0.5.0,0.953668847891677,0.12563446779158682,0.6928826778664341,-0.5,1,C-06;C-05,0,0,0.0,0.0,0.0
34.100000,,0.5.0,-1.0,0.12563446779158682,0.6928826778664341,-0.5,1,C-06;C-05,0,0,0.0,0.0,0.0
34.150000,,0.5.0,0.17765514861493453,0.12563446779158682,0.6928826778664341,-0.5,1,C-06;C-05,0,0,0.0,0.0,0.0
34.200000,,0.5.0,0.17765514861493453,0.12563446779158682,0.6928826778664341,-0.5,1,C-06;C-05,0,0,0.0,0.0,0.0
34.250000,,0.5.0,1.0,0.12563446779158682,0.6928826778664341,-0.5,1,C-06;C-05,0,0,0.0,0.0,0.0
34.300000,,0.5.0,-1.0,0.12563446779158682,0.6928826778664341,-0.5,1,C-06;C-05,0,0,0.0,0.0,0.0
34.350000,,0.5.0,1.0,0.12563446779158682,0.6928826778664341,-0.5,1,C-06;C-05,0,0,0.0,0.0,0.0
34.400000,,0.5.0,0.953668847891677,0.12563446779158682,0.6928826778664341,-0.5,1,C-06;C-05,0,0,0.0,0.0,0.0
34.450000,,0.5.0,-1.0,0.12563446779158682,0.6928826778664341,-0.5,1,C-06;C-05,0,0,0.0,0.0,0.0
34.500000,,0.5.0,0.17765514861493453,0.12563446779158682,0.6928826778664341,-0.5,1,C-06;C-05,0,0,0.0,0.0,0.0
34.550000,,0.5.0,0.17765514861493453,0.12563446779158682,0.6928826778664341,-0.5,1,C-06;C-05,0,0,0.0,0.0,0.0
34.600000,,0.5.0,1.0,0.12563446779158682,0.6928826778664341,-0.5,1,C-06;C-05,0,0,0.0,0.0,0.0
34.650000,,0.5.0,0.953668847891677,0.12563446779158682,0.6928826778664341,-0.5,1,C-06;C-05,0,0,0.0,0.0,0.0
34.700000,,0.5.0,-1.0,0.12563446779158682,0.6928826778664341,-0.5,1,C-06;C-05,0,0,0.0,0.0,0.0
34.750000,,0.5.0,0.17765514861493453,0.12563446779158682,0.6928826778664341,-0.5,1,C-06;C-05,0,0,0.0,0.0,0.0
34.800000,,0.5.0,0.17765514861493453,0.12563446779158682,0.6928826778664341,-0.5,1,C-06;C-05,0,0,0.0,0.0,0.0
34.850000,,0.5.0,1.0,0.12563446779158682,0.6928826778664341,-0.5,1,C-06;C-05,0,0,0.0,0.0,0.0
