confidence,curvature_est,dpsi_cmd,epsi_err,epsi_est,epsi_true,ey_cmd,ey_err,ey_est,ey_true,lane_width_est,level,mode,n_lines,ok,reason,s
0.5833,-0.01321,-0.1,0.00342,-0.09658,-0.1,-0.06,-0.00744,-0.06744,-0.06,0.27282,0.0,clean,2,1,ok,2.0
0.625,-0.01204,0.0,-0.00222,-0.00222,-0.0,-0.06,0.00721,-0.05279,-0.06,0.26932,0.0,clean,2,1,ok,2.0
0.7708,-0.04907,0.1,-0.00341,0.09659,0.1,-0.06,0.02093,-0.03907,-0.06,0.26749,0.0,clean,2,1,ok,2.0
0.7292,-0.04298,-0.1,-0.00092,-0.10092,-0.1,0.0,-0.00282,-0.00282,0.0,0.26795,0.0,clean,2,1,ok,2.0
0.7292,-0.04096,0.0,-0.00239,-0.00239,0.0,0.0,0.00992,0.00992,0.0,0.26849,0.0,clean,2,1,ok,2.0
0.75,-0.04104,0.1,-0.00136,0.09864,0.1,0.0,0.02245,0.02245,0.0,0.26604,0.0,clean,3,1,ok,2.0
0.7083,-0.05023,-0.1,0.00053,-0.09947,-0.1,0.06,-0.00041,0.05959,0.06,0.26748,0.0,clean,2,1,ok,2.0
0.6042,-0.04862,0.0,-0.00281,-0.00281,0.0,0.06,0.01232,0.07232,0.06,0.26875,0.0,clean,3,1,ok,2.0
0.5833,-0.05598,0.1,0.00319,0.10319,0.1,0.06,0.02564,0.08564,0.06,0.26847,0.0,clean,3,1,ok,2.0
0.5625,-0.01525,-0.1,0.01453,-0.08547,-0.1,0.12,-0.00034,0.11966,0.12,0.26556,0.0,clean,3,1,ok,2.0
0.4583,-0.02192,0.0,-0.00096,-0.00096,-0.0,0.12,-0.25464,-0.13464,0.12,0.26794,0.0,clean,3,1,ok,2.0
0.5,-0.01859,0.1,-0.00388,0.09612,0.1,0.12,-0.24276,-0.12276,0.12,0.26784,0.0,clean,3,1,ok,2.0
0.5833,-0.01557,-0.1,-0.00751,-0.10751,-0.1,-0.06,-0.00671,-0.06671,-0.06,0.2716,0.0,clean,2,1,ok,2.2
0.625,-0.01369,0.0,-0.00154,-0.00154,-0.0,-0.06,0.00723,-0.05277,-0.06,0.26961,0.0,clean,2,1,ok,2.2
0.7917,-0.04982,0.1,-0.00382,0.09618,0.1,-0.06,0.02099,-0.03901,-0.06,0.26815,0.0,clean,2,1,ok,2.2
0.7292,-0.04528,-0.1,-0.00109,-0.10109,-0.1,0.0,-0.0027,-0.0027,0.0,0.26795,0.0,clean,2,1,ok,2.2
0.7292,-0.03353,0.0,-0.00239,-0.00239,-0.0,0.0,0.00964,0.00964,0.0,0.26793,0.0,clean,2,1,ok,2.2
0.75,-0.03953,0.1,-0.00123,0.09877,0.1,0.0,0.02231,0.02231,0.0,0.26595,0.0,clean,3,1,ok,2.2
0.7083,-0.0506,-0.1,0.00052,-0.09948,-0.1,0.06,-0.00035,0.05965,0.06,0.26737,0.0,clean,2,1,ok,2.2
0.6042,-0.03929,0.0,-0.00137,-0.00137,-0.0,0.06,0.01176,0.07176,0.06,0.26729,0.0,clean,3,1,ok,2.2
0.5625,-0.02473,0.1,0.00214,0.10214,0.1,0.06,0.02386,0.08386,0.06,0.26496,0.0,clean,3,1,ok,2.2
0.5625,-0.02358,-0.1,0.0143,-0.0857,-0.1,0.12,0.00028,0.12028,0.12,0.2668,0.0,clean,3,1,ok,2.2
0.4583,-0.02192,0.0,-0.0017,-0.0017,-0.0,0.12,-0.25459,-0.13459,0.12,0.26784,0.0,clean,3,1,ok,2.2
0.5,-0.01859,0.1,-0.00388,0.09612,0.1,0.12,-0.24295,-0.12295,0.12,0.26823,0.0,clean,3,1,ok,2.2
0.6042,-0.02355,-0.1,-0.00751,-0.10751,-0.1,-0.06,-0.00636,-0.06636,-0.06,0.27228,0.0,clean,2,1,ok,2.4
0.625,-0.01326,0.0,-0.00163,-0.00163,-0.0,-0.06,0.00723,-0.05277,-0.06,0.2693,0.0,clean,2,1,ok,2.4
0.7917,-0.04869,0.1,-0.00363,0.09637,0.1,-0.06,0.02086,-0.03914,-0.06,0.26823,0.0,clean,2,1,ok,2.4
0.7292,-0.04581,-0.1,-0.00155,-0.10155,-0.1,0.0,-0.00267,-0.00267,0.0,0.268,0.0,clean,2,1,ok,2.4
0.7292,-0.03353,0.0,-0.00239,-0.00239,-0.0,0.0,0.00964,0.00964,0.0,0.26793,0.0,clean,2,1,ok,2.4
0.75,-0.03807,0.1,0.00057,0.10057,0.1,0.0,0.02223,0.02223,0.0,0.26627,0.0,clean,3,1,ok,2.4
0.7083,-0.05242,-0.1,0.00073,-0.09927,-0.1,0.06,-0.00029,0.05971,0.06,0.26713,0.0,clean,2,1,ok,2.4
0.6042,-0.05728,0.0,-0.00207,-0.00207,-0.0,0.06,0.01283,0.07283,0.06,0.26977,0.0,clean,3,1,ok,2.4
0.5833,-0.05598,0.1,0.00319,0.10319,0.1,0.06,0.02564,0.08564,0.06,0.26847,0.0,clean,3,1,ok,2.4
0.5625,-0.01684,-0.1,0.0143,-0.0857,-0.1,0.12,-0.00017,0.11983,0.12,0.26591,0.0,clean,3,1,ok,2.4
0.4583,-0.02192,0.0,0.00999,0.00999,-0.0,0.12,-0.255,-0.135,0.12,0.26865,0.0,clean,3,1,ok,2.4
0.5,-0.01859,0.1,-0.00388,0.09612,0.1,0.12,-0.24295,-0.12295,0.12,0.26823,0.0,clean,3,1,ok,2.4
0.6042,-0.02338,-0.1,0.00342,-0.09658,-0.1,-0.06,-0.00648,-0.06648,-0.06,0.27278,0.0,clean,2,1,ok,2.6
0.6458,-0.01218,0.0,-0.00181,-0.00181,-0.0,-0.06,0.00709,-0.05291,-0.06,0.26933,0.0,clean,2,1,ok,2.6
0.7917,-0.05241,0.1,-0.00508,0.09492,0.1,-0.06,0.02114,-0.03886,-0.06,0.26835,0.0,clean,2,1,ok,2.6
0.7292,-0.04695,-0.1,-0.0032,-0.1032,-0.1,0.0,-0.00265,-0.00265,0.0,0.26779,0.0,clean,2,1,ok,2.6
0.7292,-0.04247,0.0,-0.00222,-0.00222,-0.0,0.0,0.0101,0.0101,0.0,0.26826,0.0,clean,2,1,ok,2.6
0.75,-0.0383,0.1,0.00107,0.10107,0.1,0.0,0.02217,0.02217,0.0,0.26613,0.0,clean,3,1,ok,2.6
0.7083,-0.05508,-0.1,-0.00124,-0.10124,-0.1,0.06,-0.00029,0.05971,0.06,0.26709,0.0,clean,2,1,ok,2.6
0.6042,-0.04055,0.0,-0.00178,-0.00178,-0.0,0.06,0.01174,0.07174,0.06,0.26727,0.0,clean,3,1,ok,2.6
0.5625,-0.03569,0.1,-0.00082,0.09918,0.1,0.06,0.02513,0.08513,0.06,0.26962,0.0,clean,3,1,ok,2.6
0.5625,-0.02199,-0.1,0.01453,-0.08547,-0.1,0.12,0.0001,0.1201,0.12,0.26645,0.0,clean,3,1,ok,2.6
0.4583,-0.02192,0.0,-0.0017,-0.0017,-0.0,0.12,-0.25518,-0.13518,0.12,0.26903,0.0,clean,3,1,ok,2.6
0.5,-0.01859,0.1,0.00044,0.10044,0.1,0.12,-0.24287,-0.12287,0.12,0.26794,0.0,clean,3,1,ok,2.6
0.5833,-0.01412,-0.1,-0.00743,-0.10743,-0.1,-0.06,-0.00709,-0.06709,-0.06,0.27158,0.0,clean,2,1,ok,2.8
0.6458,-0.01178,0.0,-0.00051,-0.00051,-0.0,-0.06,0.00702,-0.05298,-0.06,0.26948,0.0,clean,2,1,ok,2.8
0.7917,-0.05145,0.1,-0.0042,0.0958,0.1,-0.06,0.02105,-0.03895,-0.06,0.26829,0.0,clean,2,1,ok,2.8
0.7292,-0.04695,-0.1,-0.0032,-0.1032,-0.1,0.0,-0.00265,-0.00265,0.0,0.26779,0.0,clean,2,1,ok,2.8
0.75,-0.03371,0.0,-0.00204,-0.00204,-0.0,0.0,0.0097,0.0097,0.0,0.26795,0.0,clean,2,1,ok,2.8
0.75,-0.0383,0.1,0.00107,0.10107,0.1,0.0,0.02217,0.02217,0.0,0.26613,0.0,clean,3,1,ok,2.8
0.7083,-0.05483,-0.1,-0.00196,-0.10196,-0.1,0.06,-0.00033,0.05967,0.06,0.26668,0.0,clean,2,1,ok,2.8
0.625,-0.05055,0.0,-0.00273,-0.00273,-0.0,0.06,0.01253,0.07253,0.06,0.26919,0.0,clean,3,1,ok,2.8
0.5625,-0.02541,0.1,0.00319,0.10319,0.1,0.06,0.02408,0.08408,0.06,0.26537,0.0,clean,3,1,ok,2.8
0.5625,-0.02883,-0.1,0.01788,-0.08212,-0.1,0.12,0.00027,0.12027,0.12,0.26685,0.0,clean,3,1,ok,2.8
0.4792,-0.01757,0.0,-0.00153,-0.00153,0.0,0.12,-0.25487,-0.13487,0.12,0.26772,0.0,clean,3,1,ok,2.8
0.5,-0.01859,0.1,-0.00272,0.09728,0.1,0.12,-0.24274,-0.12274,0.12,0.26777,0.0,clean,3,1,ok,2.8
0.6042,-0.02336,-0.1,0.0144,-0.0856,-0.1,-0.06,-0.00669,-0.06669,-0.06,0.27353,0.0,clean,2,1,ok,3.0
0.6458,-0.01326,0.0,-0.00168,-0.00168,0.0,-0.06,0.00721,-0.05279,-0.06,0.26933,0.0,clean,2,1,ok,3.0
0.7708,-0.04527,0.1,-0.0023,0.0977,0.1,-0.06,0.02069,-0.03931,-0.06,0.26754,0.0,clean,2,1,ok,3.0
0.7292,-0.04036,-0.1,-0.00089,-0.10089,-0.1,0.0,-0.00283,-0.00283,0.0,0.26794,0.0,clean,2,1,ok,3.0
0.7292,-0.04373,0.0,-0.00305,-0.00305,0.0,0.0,0.01016,0.01016,0.0,0.26836,0.0,clean,2,1,ok,3.0
0.75,-0.0389,0.1,0.00023,0.10023,0.1,0.0,0.02227,0.02227,0.0,0.26637,0.0,clean,3,1,ok,3.0
0.7083,-0.05528,-0.1,-0.00136,-0.10136,-0.1,0.06,-0.00034,0.05966,0.06,0.26638,0.0,clean,2,1,ok,3.0
0.6042,-0.03976,0.0,-0.00251,-0.00251,0.0,0.06,0.01187,0.07187,0.06,0.26751,0.0,clean,3,1,ok,3.0
0.5833,-0.05275,0.1,0.00175,0.10175,0.1,0.06,0.02553,0.08553,0.06,0.26794,0.0,clean,3,1,ok,3.0
0.5625,-0.01525,-0.1,0.01453,-0.08547,-0.1,0.12,-0.00034,0.11966,0.12,0.26556,0.0,clean,3,1,ok,3.0
0.4792,-0.01757,0.0,-0.00153,-0.00153,0.0,0.12,-0.25497,-0.13497,0.12,0.26791,0.0,clean,3,1,ok,3.0
0.5,-0.01859,0.1,-0.00272,0.09728,0.1,0.12,-0.24274,-0.12274,0.12,0.26777,0.0,clean,3,1,ok,3.0
0.5833,-0.01526,-0.1,0.01428,-0.08572,-0.1,-0.06,-0.00705,-0.06705,-0.06,0.2728,0.0,clean,2,1,ok,3.2
0.6458,-0.00969,0.0,-0.00181,-0.00181,0.0,-0.06,0.00699,-0.05301,-0.06,0.26912,0.0,clean,2,1,ok,3.2
0.7917,-0.04796,0.1,-0.00363,0.09637,0.1,-0.06,0.021,-0.039,-0.06,0.26873,0.0,clean,2,1,ok,3.2
0.7292,-0.034,-0.1,-0.00155,-0.10155,-0.1,0.0,-0.00325,-0.00325,0.0,0.26763,0.0,clean,2,1,ok,3.2
0.75,-0.03276,0.0,-0.00209,-0.00209,0.0,0.0,0.00962,0.00962,0.0,0.26796,0.0,clean,2,1,ok,3.2
0.75,-0.03904,0.1,0.00023,0.10023,0.1,0.0,0.0223,0.0223,0.0,0.26643,0.0,clean,3,1,ok,3.2
0.7083,-0.05802,-0.1,-0.00124,-0.10124,-0.1,0.06,-0.00014,0.05986,0.06,0.26679,0.0,clean,2,1,ok,3.2
0.6042,-0.05012,0.0,-0.00251,-0.00251,0.0,0.06,0.01239,0.07239,0.06,0.26854,0.0,clean,3,1,ok,3.2
0.5833,-0.05155,0.1,0.00214,0.10214,0.1,0.06,0.0256,0.0856,0.06,0.26985,0.0,clean,3,1,ok,3.2
0.5625,-0.01731,-0.1,0.01543,-0.08457,-0.1,0.12,-0.0004,0.1196,0.12,0.26546,0.0,clean,3,1,ok,3.2
0.4792,-0.02092,0.0,-0.00153,-0.00153,0.0,0.12,-0.2546,-0.1346,0.12,0.26781,0.0,clean,3,1,ok,3.2
0.5208,-0.02815,0.1,-0.0003,0.0997,0.1,0.12,-0.24222,-0.12222,0.12,0.26668,0.0,clean,3,1,ok,3.2
0.5833,-0.01612,-0.1,0.00239,-0.09761,-0.1,-0.06,-0.00717,-0.06717,-0.06,0.27301,0.0,clean,2,1,ok,3.4
0.6875,-0.07404,0.0,-0.01012,-0.01012,0.0,-0.06,0.01015,-0.04985,-0.06,0.26414,0.0,clean,2,1,ok,3.4
0.7708,-0.04597,0.1,-0.00297,0.09703,0.1,-0.06,0.02071,-0.03929,-0.06,0.26721,0.0,clean,2,1,ok,3.4
0.7292,-0.04285,-0.1,-0.00232,-0.10232,-0.1,0.0,-0.00287,-0.00287,0.0,0.26836,0.0,clean,2,1,ok,3.4
0.75,-0.03552,0.0,-0.00296,-0.00296,0.0,0.0,0.00978,0.00978,0.0,0.26765,0.0,clean,2,1,ok,3.4
0.75,-0.03696,0.1,0.00023,0.10023,0.1,0.0,0.02221,0.02221,0.0,0.26594,0.0,clean,3,1,ok,3.4
0.7083,-0.05517,-0.1,-0.00128,-0.10128,-0.1,0.06,-0.00033,0.05967,0.06,0.26671,0.0,clean,2,1,ok,3.4
0.625,-0.04598,0.0,-0.00159,-0.00159,0.0,0.06,0.01213,0.07213,0.06,0.26839,0.0,clean,3,1,ok,3.4
0.5833,-0.07449,0.1,0.00319,0.10319,0.1,0.06,0.02684,0.08684,0.06,0.27086,0.0,clean,3,1,ok,3.4
0.5625,-0.02815,-0.1,0.01665,-0.08335,-0.1,0.12,0.00016,0.12016,0.12,0.26661,0.0,clean,3,1,ok,3.4
0.4792,-0.01757,0.0,-0.00153,-0.00153,0.0,0.12,-0.25476,-0.13476,0.12,0.2675,0.0,clean,3,1,ok,3.4
0.5208,-0.01819,0.1,-0.00272,0.09728,0.1,0.12,-0.24296,-0.12296,0.12,0.26821,0.0,clean,3,1,ok,3.4
0.5833,-0.01708,-0.1,0.01366,-0.08634,-0.1,-0.06,-0.00692,-0.06692,-0.06,0.27306,0.0,clean,2,1,ok,3.6
0.6667,-0.05413,0.0,-0.00212,-0.00212,0.0,-0.06,0.00865,-0.05135,-0.06,0.26613,0.0,clean,2,1,ok,3.6
0.75,-0.0454,0.1,-0.00359,0.09641,0.1,-0.06,0.02075,-0.03925,-0.06,0.26699,0.0,clean,2,1,ok,3.6
0.7292,-0.04946,-0.1,-0.0006,-0.1006,-0.1,0.0,-0.00261,-0.00261,0.0,0.26838,0.0,clean,2,1,ok,3.6
0.7292,-0.02689,0.0,-0.00211,-0.00211,0.0,0.0,0.00933,0.00933,0.0,0.26769,0.0,clean,2,1,ok,3.6
0.7292,-0.02731,0.1,0.00023,0.10023,0.1,0.0,0.02188,0.02188,0.0,0.26529,0.0,clean,3,1,ok,3.6
0.6875,-0.03393,-0.1,-0.00148,-0.10148,-0.1,0.06,-0.00113,0.05887,0.06,0.26503,0.0,clean,2,1,ok,3.6
0.6042,-0.04818,0.0,-0.00199,-0.00199,0.0,0.06,0.01241,0.07241,0.06,0.26896,0.0,clean,3,1,ok,3.6
0.5625,-0.0473,0.1,0.00319,0.10319,0.1,0.06,0.02521,0.08521,0.06,0.2676,0.0,clean,3,1,ok,3.6
0.5625,-0.01525,-0.1,0.01453,-0.08547,-0.1,0.12,-0.00034,0.11966,0.12,0.26556,0.0,clean,3,1,ok,3.6
0.4792,-0.02092,0.0,-0.00153,-0.00153,0.0,0.12,-0.25451,-0.13451,0.12,0.26762,0.0,clean,3,1,ok,3.6
0.5,-0.01859,0.1,0.00044,0.10044,0.1,0.12,-0.24287,-0.12287,0.12,0.26794,0.0,clean,3,1,ok,3.6
0.5625,-0.07059,-0.1,0.01388,-0.08612,-0.1,-0.06,-0.00615,-0.06615,-0.06,0.27752,0.0,clean,2,1,ok,3.8
0.6458,-0.12046,0.0,-0.00212,-0.00212,0.0,-0.06,0.01038,-0.04962,-0.06,0.26988,0.0,clean,2,1,ok,3.8
0.7292,-0.13754,0.1,-0.00447,0.09553,0.1,-0.06,0.02346,-0.03654,-0.06,0.27084,0.0,clean,2,1,ok,3.8
0.7083,-0.11722,-0.1,-0.00237,-0.10237,-0.1,0.0,-0.00079,-0.00079,0.0,0.27088,0.0,clean,2,1,ok,3.8
0.7292,-0.13387,0.0,-0.00297,-0.00297,0.0,0.0,0.01269,0.01269,0.0,0.27075,0.0,clean,2,1,ok,3.8
0.7083,-0.13796,0.1,0.00047,0.10047,0.1,0.0,0.02523,0.02523,0.0,0.27014,0.0,clean,3,1,ok,3.8
0.6875,-0.12147,-0.1,0.00017,-0.09983,-0.1,0.06,0.00137,0.06137,0.06,0.26918,0.0,clean,2,1,ok,3.8
0.5833,-0.12719,0.0,-0.00129,-0.00129,0.0,0.06,0.01493,0.07493,0.06,0.27165,0.0,clean,3,1,ok,3.8
0.5625,-0.18656,0.1,0.00319,0.10319,0.1,0.06,0.03103,0.09103,0.06,0.27892,0.0,clean,3,1,ok,3.8
0.5417,-0.14594,-0.1,0.01453,-0.08547,-0.1,0.12,0.00522,0.12522,0.12,0.27392,0.0,clean,3,1,ok,3.8
0.4792,-0.24597,0.0,-0.00153,-0.00153,0.0,0.12,-0.24282,-0.12282,0.12,0.24564,0.0,clean,3,1,ok,3.8
0.4792,-0.04999,0.1,-0.00388,0.09612,0.1,0.12,-0.24248,-0.12248,0.12,0.27064,0.0,clean,3,1,ok,3.8
0.5625,-0.10018,-0.1,0.04465,-0.05535,-0.1,-0.06,-0.01315,-0.07315,-0.06,0.27996,0.0,clean,2,1,ok,4.0
0.625,-0.2244,0.0,0.02175,0.02175,0.0,-0.06,0.00703,-0.05297,-0.06,0.26874,0.0,clean,2,1,ok,4.0
0.75,-0.21768,0.1,0.0179,0.1179,0.1,-0.06,0.0198,-0.0402,-0.06,0.26454,0.0,clean,2,1,ok,4.0
0.7083,-0.18289,-0.1,0.02353,-0.07647,-0.1,0.0,-0.00467,-0.00467,0.0,0.26863,0.0,clean,2,1,ok,4.0
0.7292,-0.20953,0.0,0.02145,0.02145,0.0,0.0,0.00868,0.00868,0.0,0.26488,0.0,clean,2,1,ok,4.0
0.7083,-0.22308,0.1,0.02587,0.12587,0.1,0.0,0.02201,0.02201,0.0,0.26475,0.0,clean,3,1,ok,4.0
0.6667,-0.18573,-0.1,0.0235,-0.0765,-0.1,0.06,-0.00273,0.05727,0.06,0.26738,0.0,clean,2,1,ok,4.0
0.6042,-0.18476,0.0,0.02798,0.02798,0.0,0.06,0.00927,0.06927,0.06,0.26524,0.0,clean,3,1,ok,4.0
0.5625,-0.15893,0.1,0.04193,0.14193,0.1,0.06,0.0202,0.0802,0.06,0.25743,0.0,clean,3,1,ok,4.0
0.5208,-0.14669,-0.1,0.03403,-0.06597,-0.1,0.12,-0.00333,0.11667,0.12,0.26147,0.0,clean,3,1,ok,4.0
0.5,-0.15461,0.0,0.0225,0.0225,0.0,0.12,0.00853,0.12853,0.12,0.26028,0.0,clean,3,1,ok,4.0
0.5,-0.09894,0.1,0.02679,0.12679,0.1,0.12,-0.24963,-0.12963,0.12,0.27859,0.0,clean,3,1,ok,4.0
0.5833,0.34268,-0.1,-0.17835,-0.2823,-0.10395,-0.06,0.02467,-0.03533,-0.06,0.18573,0.0,clean,2,1,ok,8.0
0.625,0.816,0.0,-0.22988,-0.23382,-0.00395,-0.06,-0.0048,-0.0648,-0.06,0.27089,0.0,clean,2,1,ok,8.0
0.7083,0.68585,0.1,-0.19792,-0.10186,0.09605,-0.06,0.01143,-0.04857,-0.06,0.27066,0.0,clean,2,1,ok,8.0
0.6667,0.86285,-0.1,-0.21135,-0.3153,-0.10395,0.0,-0.0149,-0.0149,-0.0,0.26231,0.0,clean,2,1,ok,8.0
0.75,0.81461,0.0,-0.19629,-0.20024,-0.00395,0.0,-0.003,-0.003,-0.0,0.27134,0.0,clean,2,1,ok,8.0
0.7708,0.6737,0.1,-0.18603,-0.08998,0.09605,0.0,0.01349,0.01349,-0.0,0.26995,0.0,clean,2,1,ok,8.0
0.7917,0.95453,-0.1,-0.1951,-0.29905,-0.10395,0.06,-0.01699,0.04301,0.06,0.273,0.0,clean,2,1,ok,8.0
0.6875,0.80848,0.0,-0.19852,-0.20247,-0.00395,0.06,-0.00096,0.05904,0.06,0.27272,0.0,clean,2,1,ok,8.0
0.6667,0.66923,0.1,-0.20995,-0.1139,0.09605,0.06,0.01572,0.07572,0.06,0.26879,0.0,clean,3,1,ok,8.0
0.6042,0.85066,-0.1,-0.1981,-0.30205,-0.10395,0.12,-0.01088,0.10912,0.12,0.26362,0.0,clean,2,1,ok,8.0
0.5625,0.76085,0.0,-0.19489,-0.19883,-0.00395,0.12,0.00106,0.12106,0.12,0.26311,0.0,clean,3,1,ok,8.0
0.5417,0.65586,0.1,-0.20565,-0.1096,0.09605,0.12,0.01943,0.13943,0.12,0.27664,0.0,clean,3,1,ok,8.0
0.5625,1.50534,-0.1,-0.20988,-0.3083,-0.09842,-0.06,-0.0525,-0.1125,-0.06,0.32009,0.0,clean,2,1,ok,8.2
0.5833,0.99312,0.0,-0.30904,-0.30746,0.00158,-0.06,-0.00577,-0.06577,-0.06,0.25538,0.0,clean,2,1,ok,8.2
0.7083,0.87022,0.1,-0.23052,-0.12894,0.10158,-0.06,0.0075,-0.0525,-0.06,0.26911,0.0,clean,2,1,ok,8.2
0.6667,1.17445,-0.1,-0.2613,-0.35973,-0.09842,0.0,-0.02206,-0.02206,0.0,0.26006,0.0,clean,2,1,ok,8.2
0.75,1.03203,0.0,-0.2186,-0.21702,0.00158,0.0,-0.00757,-0.00757,0.0,0.26701,0.0,clean,2,1,ok,8.2
0.8125,0.88824,0.1,-0.22362,-0.12204,0.10158,0.0,0.00867,0.00867,0.0,0.26904,0.0,clean,2,1,ok,8.2
0.7708,1.1454,-0.1,-0.23811,-0.33653,-0.09842,0.06,-0.01835,0.04165,0.06,0.26086,0.0,clean,2,1,ok,8.2
0.7292,1.03729,0.0,-0.21779,-0.21621,0.00158,0.06,-0.00652,0.05348,0.06,0.26556,0.0,clean,2,1,ok,8.2
0.7083,0.96727,0.1,-0.22766,-0.12608,0.10158,0.06,0.00659,0.06659,0.06,0.26853,0.0,clean,2,1,ok,8.2
0.625,1.14444,-0.1,-0.23907,-0.33749,-0.09842,0.12,-0.01709,0.10291,0.12,0.26062,0.0,clean,2,1,ok,8.2
0.5833,1.07441,0.0,-0.23123,-0.22965,0.00158,0.12,-0.00685,0.11315,0.12,0.26095,0.0,clean,2,1,ok,8.2
0.5,0.58448,0.1,-0.2345,-0.13292,0.10158,0.12,-0.20628,-0.08628,0.12,0.15366,0.0,clean,3,1,ok,8.2
0.4375,1.09455,-0.1,-0.01298,-0.11546,-0.10248,-0.06,-0.00522,-0.06522,-0.06,0.24284,0.0,clean,2,1,single_line,8.4
0.6042,1.14444,0.0,-0.35552,-0.358,-0.00248,-0.06,-0.00356,-0.06356,-0.06,0.25081,0.0,clean,2,1,ok,8.4
0.7292,1.0355,0.1,-0.27051,-0.17299,0.09752,-0.06,0.00835,-0.05165,-0.06,0.27018,0.0,clean,2,1,ok,8.4
0.6667,1.5198,-0.1,-0.30603,-0.4085,-0.10248,0.0,-0.02648,-0.02648,-0.0,0.26798,0.0,clean,2,1,ok,8.4
0.7917,1.17846,0.0,-0.26215,-0.26462,-0.00248,0.0,-0.00461,-0.00461,-0.0,0.26561,0.0,clean,2,1,ok,8.4
0.8542,1.12498,0.1,-0.26394,-0.16641,0.09752,0.0,0.0068,0.0068,-0.0,0.27202,0.0,clean,2,1,ok,8.4
0.8125,1.52538,-0.1,-0.27048,-0.37296,-0.10248,0.06,-0.02339,0.03661,0.06,0.26854,0.0,clean,2,1,ok,8.4
0.75,1.18779,0.0,-0.26374,-0.26621,-0.00248,0.06,-0.0035,0.0565,0.06,0.26297,0.0,clean,2,1,ok,8.4
0.7083,1.1068,0.1,-0.27933,-0.18181,0.09752,0.06,0.00947,0.06947,0.06,0.27265,0.0,clean,2,1,ok,8.4
0.6667,1.53515,-0.1,-0.26491,-0.36739,-0.10248,0.12,-0.02226,0.09774,0.12,0.26801,0.0,clean,2,1,ok,8.4
0.625,1.17962,0.0,-0.27738,-0.27985,-0.00248,0.12,-0.00113,0.11887,0.12,0.26393,0.0,clean,2,1,ok,8.4
0.5208,1.57398,0.1,-0.28381,-0.18628,0.09752,0.12,-0.25152,-0.13152,0.12,0.24405,0.0,clean,3,1,ok,8.4
0.4583,1.29709,-0.1,0.02147,-0.08137,-0.10284,-0.06,-0.01847,-0.07847,-0.06,0.2603,0.0,clean,1,1,single_line,8.6
0.6042,1.20912,0.0,-0.34752,-0.35036,-0.00284,-0.06,-0.00192,-0.06192,-0.06,0.2438,0.0,clean,2,1,ok,8.6
0.7292,1.07662,0.1,-0.29461,-0.19746,0.09716,-0.06,0.01044,-0.04956,-0.06,0.25911,0.0,clean,2,1,ok,8.6
0.6667,1.46329,-0.1,-0.29591,-0.39875,-0.10284,0.0,-0.01704,-0.01704,0.0,0.23896,0.0,clean,2,1,ok,8.6
0.8333,1.21398,0.0,-0.28693,-0.28978,-0.00284,0.0,-0.00267,-0.00267,0.0,0.25489,0.0,clean,2,1,ok,8.6
0.8542,1.08139,0.1,-0.28914,-0.19198,0.09716,0.0,0.01196,0.01196,0.0,0.26131,0.0,clean,2,1,ok,8.6
0.7917,1.50896,-0.1,-0.28355,-0.3864,-0.10284,0.06,-0.01878,0.04122,0.06,0.2521,0.0,clean,2,1,ok,8.6
0.7917,1.22588,0.0,-0.28795,-0.29079,-0.00284,0.06,-0.00157,0.05843,0.06,0.25364,0.0,clean,2,1,ok,8.6
0.7292,1.11666,0.1,-0.29404,-0.19689,0.09716,0.06,0.0116,0.0716,0.06,0.25951,0.0,clean,2,1,ok,8.6
0.6667,1.5083,-0.1,-0.28762,-0.39046,-0.10284,0.12,-0.01716,0.10284,0.12,0.24995,0.0,clean,2,1,ok,8.6
0.6667,1.27119,0.0,-0.29818,-0.30102,-0.00284,0.12,-0.00292,0.11708,0.12,0.24798,0.0,clean,2,1,ok,8.6
0.5833,1.10599,0.1,-0.30922,-0.21206,0.09716,0.12,0.01395,0.13395,0.12,0.26018,0.0,clean,3,1,ok,8.6
0.4583,1.01411,-0.1,-0.11932,-0.22132,-0.102,-0.06,-0.00453,-0.06453,-0.06,0.25454,0.0,clean,1,1,single_line,8.8
0.5625,0.82276,0.0,-0.30816,-0.31016,-0.002,-0.06,0.00775,-0.05225,-0.06,0.24094,0.0,clean,2,1,ok,8.8
0.7083,0.70978,0.1,-0.3621,-0.2641,0.098,-0.06,0.02259,-0.03741,-0.06,0.24583,0.0,clean,2,1,ok,8.8
0.5833,0.50578,-0.1,-0.30073,-0.40273,-0.102,0.0,0.03632,0.03632,-0.0,0.16384,0.0,clean,2,1,ok,8.8
0.7708,0.83801,0.0,-0.35927,-0.36127,-0.002,0.0,0.00784,0.00784,-0.0,0.24126,0.0,clean,2,1,ok,8.8
0.8333,0.77266,0.1,-0.35292,-0.25492,0.098,0.0,0.01918,0.01918,-0.0,0.25545,0.0,clean,2,1,ok,8.8
0.7708,1.06995,-0.1,-0.34896,-0.45096,-0.102,0.06,-0.00783,0.05217,0.06,0.24022,0.0,clean,2,1,ok,8.8
0.7917,0.85212,0.0,-0.34962,-0.35163,-0.002,0.06,0.00832,0.06832,0.06,0.24541,0.0,clean,2,1,ok,8.8
0.75,0.77594,0.1,-0.35988,-0.26188,0.098,0.06,0.02096,0.08096,0.06,0.25627,0.0,clean,2,1,ok,8.8
0.6875,1.03954,-0.1,-0.35577,-0.45777,-0.102,0.12,-0.00333,0.11667,0.12,0.23962,0.0,clean,2,1,ok,8.8
0.6667,0.82991,0.0,-0.36265,-0.36465,-0.002,0.12,0.01216,0.13216,0.12,0.24775,0.0,clean,2,1,ok,8.8
0.6458,0.78562,0.1,-0.37525,-0.27725,0.098,0.12,0.02188,0.14188,0.12,0.25453,0.0,clean,2,1,ok,8.8
0.5417,0.29564,-0.1,-0.26323,-0.36382,-0.10059,-0.06,0.02559,-0.03441,-0.06,0.19336,0.0,clean,2,1,ok,9.0
0.6042,0.5345,0.0,-0.31455,-0.31514,-0.00059,-0.06,0.00717,-0.05283,-0.06,0.25416,0.0,clean,2,1,ok,9.0
0.7083,0.46109,0.1,-0.28265,-0.18324,0.09941,-0.06,0.02132,-0.03868,-0.06,0.2563,0.0,clean,2,1,ok,9.0
0.7083,0.55596,-0.1,-0.30687,-0.40746,-0.10059,0.0,-0.0018,-0.0018,-0.0,0.2428,0.0,clean,2,1,ok,9.0
0.7708,0.55775,0.0,-0.28818,-0.28877,-0.00059,0.0,0.00678,0.00678,-0.0,0.26114,0.0,clean,2,1,ok,9.0
0.7708,0.45625,0.1,-0.28813,-0.18872,0.09941,0.0,0.0224,0.0224,-0.0,0.25876,0.0,clean,2,1,ok,9.0
0.8333,0.59517,-0.1,-0.28353,-0.38412,-0.10059,0.06,-0.00229,0.05771,0.06,0.25188,0.0,clean,2,1,ok,9.0
0.7292,0.5669,0.0,-0.28784,-0.28843,-0.00059,0.06,0.00798,0.06798,0.06,0.26187,0.0,clean,2,1,ok,9.0
0.7083,0.47047,0.1,-0.28551,-0.1861,0.09941,0.06,0.0223,0.0823,0.06,0.26079,0.0,clean,2,1,ok,9.0
0.6875,0.7047,-0.1,-0.28697,-0.38756,-0.10059,0.12,-0.00312,0.11688,0.12,0.26237,0.0,clean,2,1,ok,9.0
0.625,0.54773,0.0,-0.28372,-0.2843,-0.00059,0.12,0.01054,0.13054,0.12,0.25972,0.0,clean,2,1,ok,9.0
0.4583,0.24453,0.1,-0.30599,-0.20658,0.09941,0.12,-0.22027,-0.10027,0.12,0.21565,0.0,clean,3,1,ok,9.0
0.5625,0.34614,-0.1,-0.20335,-0.29828,-0.09493,-0.06,-0.00226,-0.06226,-0.06,0.23547,0.0,clean,2,1,ok,9.2
0.6875,0.42165,0.0,-0.22582,-0.22075,0.00507,-0.06,-0.00028,-0.06028,-0.06,0.26373,0.0,clean,2,1,ok,9.2
0.6875,0.34743,0.1,-0.21991,-0.11484,0.10507,-0.06,0.01615,-0.04385,-0.06,0.25929,0.0,clean,2,1,ok,9.2
0.6875,0.44348,-0.1,-0.22932,-0.32425,-0.09493,0.0,-0.01043,-0.01043,-0.0,0.25428,0.0,clean,2,1,ok,9.2
0.75,0.43064,0.0,-0.22459,-0.21952,0.00507,0.0,0.00118,0.00118,-0.0,0.26101,0.0,clean,2,1,ok,9.2
0.75,0.3654,0.1,-0.21977,-0.11471,0.10507,0.0,0.01636,0.01636,-0.0,0.26163,0.0,clean,2,1,ok,9.2
0.7292,0.43667,-0.1,-0.22208,-0.31701,-0.09493,0.06,-0.00767,0.05233,0.06,0.25777,0.0,clean,2,1,ok,9.2
0.7083,0.43745,0.0,-0.22464,-0.21957,0.00507,0.06,0.00275,0.06275,0.06,0.26064,0.0,clean,2,1,ok,9.2
0.6458,0.34873,0.1,-0.22891,-0.12384,0.10507,0.06,0.01961,0.07961,0.06,0.26289,0.0,clean,3,1,ok,9.2
0.5833,0.47807,-0.1,-0.22156,-0.31649,-0.09493,0.12,-0.00643,0.11357,0.12,0.26244,0.0,clean,2,1,ok,9.2
0.5833,0.43175,0.0,-0.22982,-0.22475,0.00507,0.12,0.00485,0.12485,0.12,0.26238,0.0,clean,2,1,ok,9.2
0.4583,0.3628,0.1,-0.23811,-0.13304,0.10507,0.12,-0.24564,-0.12564,0.12,0.26241,0.0,clean,3,1,ok,9.2
0.6042,0.3567,-0.1,-0.1686,-0.26455,-0.09595,-0.06,-0.00635,-0.06635,-0.06,0.25255,0.0,clean,2,1,ok,9.4
0.7083,0.43519,0.0,-0.14574,-0.14169,0.00405,-0.06,0.00035,-0.05965,-0.06,0.26855,0.0,clean,2,1,ok,9.4
0.7083,0.37183,0.1,-0.15481,-0.05076,0.10405,-0.06,0.0167,-0.0433,-0.06,0.26627,0.0,clean,2,1,ok,9.4
0.7083,0.41759,-0.1,-0.15371,-0.24966,-0.09595,0.0,-0.00811,-0.00811,-0.0,0.25876,0.0,clean,2,1,ok,9.4
0.75,0.4189,0.0,-0.15114,-0.1471,0.00405,0.0,0.00361,0.00361,-0.0,0.26587,0.0,clean,2,1,ok,9.4
0.7292,0.37288,0.1,-0.15048,-0.04643,0.10405,0.0,0.01819,0.01819,-0.0,0.26933,0.0,clean,2,1,ok,9.4
0.6875,0.42473,-0.1,-0.15177,-0.24772,-0.09595,0.06,-0.00655,0.05345,0.06,0.26004,0.0,clean,2,1,ok,9.4
0.6875,0.4208,0.0,-0.14893,-0.14489,0.00405,0.06,0.00522,0.06522,0.06,0.26526,0.0,clean,2,1,ok,9.4
0.6042,0.34598,0.1,-0.16925,-0.06521,0.10405,0.06,0.02183,0.08183,0.06,0.26949,0.0,clean,3,1,ok,9.4
0.5625,0.39987,-0.1,-0.15101,-0.24697,-0.09595,0.12,-0.00239,0.11761,0.12,0.26193,0.0,clean,2,1,ok,9.4
0.4375,0.21358,0.0,-0.16007,-0.15602,0.00405,0.12,-0.2432,-0.1232,0.12,0.22982,0.0,clean,3,1,ok,9.4
0.5,0.36137,0.1,-0.1636,-0.05956,0.10405,0.12,-0.24375,-0.12375,0.12,0.26263,0.0,clean,3,1,ok,9.4
0.625,0.3065,-0.1,-0.16532,-0.26592,-0.1006,-0.06,-0.00429,-0.06429,-0.06,0.25364,0.0,clean,2,1,ok,9.6
0.6458,0.31966,0.0,-0.13196,-0.13256,-0.0006,-0.06,0.00583,-0.05417,-0.06,0.26275,0.0,clean,2,1,ok,9.6
0.7083,0.29304,0.1,-0.12996,-0.03055,0.0994,-0.06,0.01903,-0.04097,-0.06,0.26795,0.0,clean,2,1,ok,9.6
0.7083,0.364,-0.1,-0.12999,-0.23058,-0.1006,0.0,-0.00663,-0.00663,-0.0,0.26163,0.0,clean,2,1,ok,9.6
0.7292,0.32312,0.0,-0.12795,-0.12855,-0.0006,0.0,0.00708,0.00708,-0.0,0.26494,0.0,clean,2,1,ok,9.6
0.7292,0.31795,0.1,-0.12644,-0.02703,0.0994,0.0,0.01978,0.01978,-0.0,0.26583,0.0,clean,2,1,ok,9.6
0.7083,0.37798,-0.1,-0.12147,-0.22207,-0.1006,0.06,-0.00488,0.05512,0.06,0.25926,0.0,clean,2,1,ok,9.6
0.6458,0.31312,0.0,-0.13167,-0.13226,-0.0006,0.06,0.00946,0.06946,0.06,0.266,0.0,clean,3,1,ok,9.6
0.5833,0.31771,0.1,-0.13521,-0.03581,0.0994,0.06,0.02134,0.08134,0.06,0.26499,0.0,clean,3,1,ok,9.6
0.5833,0.35352,-0.1,-0.13399,-0.23458,-0.1006,0.12,-0.00102,0.11898,0.12,0.26343,0.0,clean,3,1,ok,9.6
0.5417,0.34494,0.0,-0.12914,-0.12973,-0.0006,0.12,0.00909,0.12909,0.12,0.26219,0.0,clean,3,1,ok,9.6
0.5,0.30202,0.1,-0.16719,-0.06778,0.0994,0.12,-0.24137,-0.12137,0.12,0.26158,0.0,clean,3,1,ok,9.6
0.6458,0.36229,-0.1,-0.12578,-0.22831,-0.10252,-0.06,-0.00973,-0.06973,-0.06,0.26578,0.0,clean,2,1,ok,9.8
0.6667,0.34054,0.0,-0.12351,-0.12603,-0.00252,-0.06,0.00418,-0.05582,-0.06,0.26874,0.0,clean,2,1,ok,9.8
0.7708,0.31593,0.1,-0.11467,-0.0172,0.09748,-0.06,0.01801,-0.04199,-0.06,0.26495,0.0,clean,2,1,ok,9.8
0.7083,0.35653,-0.1,-0.11493,-0.21746,-0.10252,0.0,-0.00643,-0.00643,-0.0,0.26132,0.0,clean,2,1,ok,9.8
0.7708,0.32395,0.0,-0.11257,-0.1151,-0.00252,0.0,0.00679,0.00679,-0.0,0.26462,0.0,clean,2,1,ok,9.8
0.7708,0.3156,0.1,-0.11194,-0.01447,0.09748,0.0,0.01961,0.01961,-0.0,0.26635,0.0,clean,3,1,ok,9.8
0.7083,0.36959,-0.1,-0.10913,-0.21166,-0.10252,0.06,-0.00498,0.05502,0.06,0.26329,0.0,clean,2,1,ok,9.8
0.6875,0.32097,0.0,-0.11626,-0.11878,-0.00252,0.06,0.00852,0.06852,0.06,0.26366,0.0,clean,3,1,ok,9.8
0.625,0.29961,0.1,-0.11658,-0.0191,0.09748,0.06,0.02204,0.08204,0.06,0.26691,0.0,clean,3,1,ok,9.8
0.5833,0.33613,-0.1,-0.11522,-0.21775,-0.10252,0.12,-0.00115,0.11885,0.12,0.26159,0.0,clean,3,1,ok,9.8
0.4792,0.15164,0.0,-0.11337,-0.11589,-0.00252,0.12,-0.24349,-0.12349,0.12,0.23986,0.0,clean,3,1,ok,9.8
0.5625,0.28198,0.1,-0.13579,-0.03832,0.09748,0.12,-0.24192,-0.12192,0.12,0.26437,0.0,clean,3,1,ok,9.8
0.6875,-0.42723,-0.1,0.05541,-0.04254,-0.09795,-0.06,0.00053,-0.05947,-0.06,0.26906,0.0,clean,2,1,ok,12.0
0.75,-0.43201,0.0,0.07053,0.07259,0.00205,-0.06,0.01297,-0.04703,-0.06,0.27197,0.0,clean,2,1,ok,12.0
0.8125,-0.45507,0.1,0.06967,0.17172,0.10205,-0.06,0.02585,-0.03415,-0.06,0.27086,0.0,clean,3,1,ok,12.0
0.8125,-0.39842,-0.1,0.06561,-0.03234,-0.09795,0.0,0.0007,0.0007,0.0,0.27183,0.0,clean,2,1,ok,12.0
0.8125,-0.41929,0.0,0.06844,0.0705,0.00205,0.0,0.01411,0.01411,0.0,0.27267,0.0,clean,3,1,ok,12.0
0.7708,-0.42047,0.1,0.07381,0.17586,0.10205,0.0,0.02664,0.02664,0.0,0.26873,0.0,clean,3,1,ok,12.0
0.75,-0.39527,-0.1,0.07249,-0.02546,-0.09795,0.06,0.00272,0.06272,0.06,0.2731,0.0,clean,3,1,ok,12.0
0.6667,-0.44967,0.0,0.07428,0.07634,0.00205,0.06,0.01873,0.07873,0.06,0.27746,0.0,clean,3,1,ok,12.0
0.5833,-0.42692,0.1,0.11331,0.21536,0.10205,0.06,0.02854,0.08854,0.06,0.26536,0.0,clean,3,1,ok,12.0
0.625,-0.40415,-0.1,0.07603,-0.02192,-0.09795,0.12,0.00656,0.12656,0.12,0.2762,0.0,clean,3,1,ok,12.0
0.5833,-0.37689,0.0,0.05583,0.05788,0.00205,0.12,-0.2491,-0.1291,0.12,0.26126,0.0,clean,3,1,ok,12.0
0.625,-0.36563,0.1,0.0656,0.16766,0.10205,0.12,-0.23874,-0.11874,0.12,0.26283,0.0,clean,3,1,ok,12.0
0.6875,-0.65037,-0.1,0.11739,0.01928,-0.09811,-0.06,0.00371,-0.05629,-0.06,0.27229,0.0,clean,2,1,ok,12.2
0.75,-0.67134,0.0,0.10306,0.10496,0.00189,-0.06,0.01694,-0.04306,-0.06,0.26997,0.0,clean,3,1,ok,12.2
0.7917,-0.69657,0.1,0.10492,0.20681,0.10189,-0.06,0.02899,-0.03101,-0.06,0.2666,0.0,clean,3,1,ok,12.2
0.8125,-0.64334,-0.1,0.10068,0.00258,-0.09811,0.0,0.00546,0.00546,0.0,0.27485,0.0,clean,2,1,ok,12.2
0.7917,-0.67018,0.0,0.10441,0.10631,0.00189,0.0,0.01858,0.01858,0.0,0.27274,0.0,clean,3,1,ok,12.2
0.6875,-0.70397,0.1,0.11431,0.2162,0.10189,0.0,0.0318,0.0318,0.0,0.26786,0.0,clean,3,1,ok,12.2
0.75,-0.65862,-0.1,0.10588,0.00778,-0.09811,0.06,0.00922,0.06922,0.06,0.27979,0.0,clean,3,1,ok,12.2
0.6458,-0.68928,0.0,0.12632,0.12821,0.00189,0.06,0.02193,0.08193,0.06,0.2741,0.0,clean,3,1,ok,12.2
0.5417,-0.68144,0.1,0.17846,0.28036,0.10189,0.06,0.03085,0.09085,0.06,0.25767,0.0,clean,3,1,ok,12.2
0.5833,-0.61882,-0.1,0.13673,0.03863,-0.09811,0.12,0.00962,0.12962,0.12,0.27423,0.0,clean,3,1,ok,12.2
0.6042,-0.57881,0.0,0.1145,0.1164,0.00189,0.12,-0.24502,-0.12502,0.12,0.25935,0.0,clean,3,1,ok,12.2
0.4792,-0.3163,0.1,0.09378,0.19568,0.10189,0.12,-0.01934,0.10066,0.12,0.15835,0.0,clean,3,1,ok,12.2
0.6875,-0.70071,-0.1,0.18205,0.08352,-0.09853,-0.06,-0.00173,-0.06173,-0.06,0.26749,0.0,clean,2,1,ok,12.4
0.75,-0.74704,0.0,0.16531,0.16678,0.00147,-0.06,0.01299,-0.04701,-0.06,0.26121,0.0,clean,2,1,ok,12.4
0.7917,-0.84073,0.1,0.16718,0.26865,0.10147,-0.06,0.02687,-0.03313,-0.06,0.25902,0.0,clean,3,1,ok,12.4
0.7917,-0.71097,-0.1,0.16195,0.06342,-0.09853,0.0,0.00153,0.00153,0.0,0.26625,0.0,clean,3,1,ok,12.4
0.7708,-0.74549,0.0,0.166,0.16748,0.00147,0.0,0.01428,0.01428,0.0,0.26142,0.0,clean,3,1,ok,12.4
0.6667,-0.8157,0.1,0.18873,0.2902,0.10147,0.0,0.02739,0.02739,0.0,0.25547,0.0,clean,3,1,ok,12.4
0.7292,-0.68577,-0.1,0.16887,0.07034,-0.09853,0.06,0.00183,0.06183,0.06,0.26356,0.0,clean,3,1,ok,12.4
0.5625,-0.35708,0.0,0.19102,0.19249,0.00147,0.06,-0.00677,0.05323,0.06,0.21399,0.0,clean,3,1,ok,12.4
0.5417,-0.76887,0.1,0.14052,0.24199,0.10147,0.06,0.02372,0.08372,0.06,0.24418,0.0,clean,3,1,ok,12.4
0.6042,-0.66421,-0.1,0.19872,0.10019,-0.09853,0.12,0.00141,0.12141,0.12,0.25764,0.0,clean,3,1,ok,12.4
0.4792,-0.35293,0.0,0.12957,0.13104,0.00147,0.12,-0.01365,0.10635,0.12,0.1998,0.0,clean,3,1,ok,12.4
0.6667,-0.75594,0.1,0.14028,0.24175,0.10147,0.12,-0.23469,-0.11469,0.12,0.26819,0.0,clean,2,1,ok,12.4
0.6875,-0.52847,-0.1,0.24563,0.14818,-0.09745,-0.06,-0.00552,-0.06552,-0.06,0.2624,0.0,clean,2,1,ok,12.6
0.7708,-0.57951,0.0,0.23056,0.23311,0.00255,-0.06,0.00745,-0.05255,-0.06,0.25875,0.0,clean,3,1,ok,12.6
0.8333,-0.65409,0.1,0.23302,0.33557,0.10255,-0.06,0.02059,-0.03941,-0.06,0.2498,0.0,clean,3,1,ok,12.6
0.7917,-0.52712,-0.1,0.24336,0.14591,-0.09745,0.0,-0.00428,-0.00428,0.0,0.26088,0.0,clean,3,1,ok,12.6
0.75,-0.57477,0.0,0.23695,0.2395,0.00255,0.0,0.0086,0.0086,0.0,0.25851,0.0,clean,3,1,ok,12.6
0.625,-0.62605,0.1,0.26179,0.36434,0.10255,0.0,0.02088,0.02088,0.0,0.24456,0.0,clean,3,1,ok,12.6
0.6667,-0.52526,-0.1,0.25378,0.15633,-0.09745,0.06,-0.00407,0.05593,0.06,0.25761,0.0,clean,3,1,ok,12.6
0.5417,-0.55471,0.0,0.27161,0.27416,0.00255,0.06,0.00844,0.06844,0.06,0.24957,0.0,clean,3,1,ok,12.6
0.4583,-0.32377,0.1,0.2237,0.32625,0.10255,0.06,-0.00512,0.05488,0.06,0.19759,0.0,clean,3,1,ok,12.6
0.5417,-0.53448,-0.1,0.20056,0.10311,-0.09745,0.12,-0.00359,0.11641,0.12,0.25592,0.0,clean,3,1,ok,12.6
0.4583,-0.28618,0.0,0.19999,0.20254,0.00255,0.12,-0.01459,0.10541,0.12,0.20737,0.0,clean,3,1,ok,12.6
0.6458,-0.67156,0.1,0.21204,0.31459,0.10255,0.12,-0.23882,-0.11882,0.12,0.2477,0.0,clean,2,1,ok,12.6
0.6667,-0.32347,-0.1,0.21376,0.11389,-0.09988,-0.06,-0.00665,-0.06665,-0.06,0.26516,0.0,clean,2,1,ok,12.8
0.7708,-0.40464,0.0,0.20486,0.20498,0.00012,-0.06,0.00854,-0.05146,-0.06,0.26109,0.0,clean,3,1,ok,12.8
0.7708,-0.4496,0.1,0.20572,0.30584,0.10012,-0.06,0.02142,-0.03858,-0.06,0.25793,0.0,clean,3,1,ok,12.8
0.7708,-0.3496,-0.1,0.2096,0.10972,-0.09988,0.0,-0.00413,-0.00413,0.0,0.26344,0.0,clean,3,1,ok,12.8
0.75,-0.39045,0.0,0.21089,0.21102,0.00012,0.0,0.00941,0.00941,0.0,0.26113,0.0,clean,3,1,ok,12.8
0.6458,-0.39037,0.1,0.22163,0.32175,0.10012,0.0,0.02039,0.02039,0.0,0.25213,0.0,clean,3,1,ok,12.8
0.6875,-0.32055,-0.1,0.2115,0.11163,-0.09988,0.06,-0.00436,0.05564,0.06,0.26649,0.0,clean,3,1,ok,12.8
0.5625,-0.39276,0.0,0.20839,0.20851,0.00012,0.06,0.01075,0.07075,0.06,0.25884,0.0,clean,3,1,ok,12.8
0.4792,-0.46192,0.1,0.19644,0.29657,0.10012,0.06,0.03111,0.09111,0.06,0.26952,0.0,clean,3,1,ok,12.8
0.5417,-0.28146,-0.1,0.26958,0.16971,-0.09988,0.12,-0.00807,0.11193,0.12,0.2504,0.0,clean,3,1,ok,12.8
0.4583,-0.21721,0.0,0.19668,0.1968,0.00012,0.12,-0.00711,0.11289,0.12,0.22041,0.0,clean,3,1,ok,12.8
0.6458,-0.47425,0.1,0.18613,0.28626,0.10012,0.12,-0.24172,-0.12172,0.12,0.25634,0.0,clean,2,1,ok,12.8
0.6875,-0.22661,-0.1,0.14531,0.04274,-0.10257,-0.06,-0.00381,-0.06381,-0.06,0.26582,0.0,clean,2,1,ok,13.0
0.75,-0.27661,0.0,0.15158,0.14901,-0.00257,-0.06,0.01022,-0.04978,-0.06,0.26575,0.0,clean,2,1,ok,13.0
0.7917,-0.28193,0.1,0.15062,0.24805,0.09743,-0.06,0.02223,-0.03777,-0.06,0.26328,0.0,clean,3,1,ok,13.0
0.7708,-0.2363,-0.1,0.15312,0.05055,-0.10257,0.0,-0.00249,-0.00249,-0.0,0.26746,0.0,clean,3,1,ok,13.0
0.75,-0.2686,0.0,0.15481,0.15224,-0.00257,0.0,0.01124,0.01124,-0.0,0.26531,0.0,clean,3,1,ok,13.0
0.6875,-0.25684,0.1,0.15781,0.25524,0.09743,0.0,0.02356,0.02356,-0.0,0.26289,0.0,clean,3,1,ok,13.0
0.6875,-0.25592,-0.1,0.15753,0.05495,-0.10257,0.06,6e-05,0.06006,0.06,0.26656,0.0,clean,3,1,ok,13.0
0.5625,-0.32284,0.0,0.15857,0.156,-0.00257,0.06,0.01645,0.07645,0.06,0.27058,0.0,clean,3,1,ok,13.0
0.5,-0.16913,0.1,0.14548,0.24291,0.09743,0.06,0.01861,0.07861,0.06,0.24912,0.0,clean,3,1,ok,13.0
0.5417,-0.31243,-0.1,0.14904,0.04647,-0.10257,0.12,0.00584,0.12584,0.12,0.27421,0.0,clean,3,1,ok,13.0
0.4583,-0.14754,0.0,0.14458,0.14201,-0.00257,0.12,0.00201,0.12201,0.12,0.23769,0.0,clean,3,1,ok,13.0
0.6458,-0.23309,0.1,0.15037,0.24779,0.09743,0.12,-0.24545,-0.12545,0.12,0.26404,0.0,clean,3,1,ok,13.0
0.6667,-0.17943,-0.1,0.11624,0.01291,-0.10333,-0.06,-0.0026,-0.0626,-0.06,0.26024,0.0,clean,2,1,ok,13.2
0.7083,-0.0949,0.0,0.11088,0.10755,-0.00333,-0.06,0.00525,-0.05475,-0.06,0.26787,0.0,clean,3,1,ok,13.2
0.7708,-0.14016,0.1,0.10851,0.20518,0.09667,-0.06,0.01961,-0.04039,-0.06,0.26607,0.0,clean,3,1,ok,13.2
0.7292,-0.14008,-0.1,0.10981,0.00648,-0.10333,0.0,-0.00331,-0.00331,-0.0,0.26628,0.0,clean,2,1,ok,13.2
0.75,-0.10527,0.0,0.11111,0.10778,-0.00333,0.0,0.00777,0.00777,-0.0,0.26716,0.0,clean,3,1,ok,13.2
0.6875,-0.10433,0.1,0.11477,0.21144,0.09667,0.0,0.02057,0.02057,-0.0,0.26585,0.0,clean,3,1,ok,13.2
0.6667,-0.17345,-0.1,0.11278,0.00945,-0.10333,0.06,-0.00013,0.05987,0.06,0.26757,0.0,clean,3,1,ok,13.2
0.5833,-0.11512,0.0,0.11219,0.10886,-0.00333,0.06,0.01044,0.07044,0.06,0.26909,0.0,clean,3,1,ok,13.2
0.5417,-0.119,0.1,0.15817,0.25484,0.09667,0.06,0.02202,0.08202,0.06,0.25508,0.0,clean,3,1,ok,13.2
0.5625,-0.14224,-0.1,0.11503,0.0117,-0.10333,0.12,0.0009,0.1209,0.12,0.27012,0.0,clean,3,1,ok,13.2
0.4583,-0.09301,0.0,0.10825,0.10492,-0.00333,0.12,0.00873,0.12873,0.12,0.25514,0.0,clean,3,1,ok,13.2
0.625,-0.19601,0.1,0.0963,0.19297,0.09667,0.12,-0.24213,-0.12213,0.12,0.26918,0.0,clean,3,1,ok,13.2
0.7083,-0.0037,-0.1,0.05523,-0.04703,-0.10226,-0.06,-0.01054,-0.07054,-0.06,0.27372,0.0,clean,2,1,ok,13.4
0.7083,-0.06142,0.0,0.05687,0.05462,-0.00226,-0.06,0.00486,-0.05514,-0.06,0.26909,0.0,clean,2,1,ok,13.4
0.7708,-0.09679,0.1,0.05287,0.15062,0.09774,-0.06,0.0192,-0.0408,-0.06,0.26706,0.0,clean,3,1,ok,13.4
0.7708,-0.0413,-0.1,0.05119,-0.05107,-0.10226,0.0,-0.00617,-0.00617,-0.0,0.27018,0.0,clean,2,1,ok,13.4
0.7292,-0.06031,0.0,0.05322,0.05097,-0.00226,0.0,0.00711,0.00711,-0.0,0.26855,0.0,clean,3,1,ok,13.4
0.7083,-0.06065,0.1,0.05597,0.15372,0.09774,0.0,0.01974,0.01974,-0.0,0.26467,0.0,clean,3,1,ok,13.4
0.6875,-0.04759,-0.1,0.05225,-0.05001,-0.10226,0.06,-0.00426,0.05574,0.06,0.26969,0.0,clean,3,1,ok,13.4
0.5833,-0.04867,0.0,0.05991,0.05765,-0.00226,0.06,0.0078,0.0678,0.06,0.26588,0.0,clean,3,1,ok,13.4
0.5625,-0.031,0.1,0.0806,0.17835,0.09774,0.06,0.01978,0.07978,0.06,0.26166,0.0,clean,3,1,ok,13.4
0.5833,-0.06379,-0.1,0.05723,-0.04502,-0.10226,0.12,-0.00219,0.11781,0.12,0.2666,0.0,clean,3,1,ok,13.4
0.5208,-0.03699,0.0,0.06057,0.05831,-0.00226,0.12,0.00818,0.12818,0.12,0.26376,0.0,clean,3,1,ok,13.4
0.5833,-0.06256,0.1,0.05312,0.15086,0.09774,0.12,-0.2462,-0.1262,0.12,0.26422,0.0,clean,3,1,ok,13.4
0.6875,0.03636,-0.1,0.02266,-0.07924,-0.1019,-0.06,-0.00841,-0.06841,-0.06,0.26942,0.0,clean,2,1,ok,13.6
0.6667,0.04405,0.0,0.02068,0.01878,-0.0019,-0.06,0.00451,-0.05549,-0.06,0.26947,0.0,clean,2,1,ok,13.6
0.7708,0.03539,0.1,0.02645,0.12455,0.0981,-0.06,0.01695,-0.04305,-0.06,0.26643,0.0,clean,2,1,ok,13.6
0.7292,0.05973,-0.1,0.03122,-0.07068,-0.1019,0.0,-0.00744,-0.00744,-0.0,0.26836,0.0,clean,2,1,ok,13.6
0.7292,0.03871,0.0,0.02741,0.02551,-0.0019,0.0,0.00634,0.00634,-0.0,0.26854,0.0,clean,3,1,ok,13.6
0.7083,0.04567,0.1,0.03181,0.12992,0.0981,0.0,0.01879,0.01879,-0.0,0.2662,0.0,clean,3,1,ok,13.6
0.7083,0.07212,-0.1,0.03055,-0.07134,-0.1019,0.06,-0.00604,0.05396,0.06,0.26783,0.0,clean,3,1,ok,13.6
0.6042,0.0607,0.0,0.03621,0.03431,-0.0019,0.06,0.00652,0.06652,0.06,0.26781,0.0,clean,3,1,ok,13.6
0.5625,0.07106,0.1,0.02897,0.12707,0.0981,0.06,0.01971,0.07971,0.06,0.26731,0.0,clean,3,1,ok,13.6
0.5625,0.072,-0.1,0.03696,-0.06493,-0.1019,0.12,-0.00484,0.11516,0.12,0.2684,0.0,clean,3,1,ok,13.6
0.5,0.0618,0.0,0.06586,0.06396,-0.0019,0.12,0.00761,0.12761,0.12,0.26548,0.0,clean,3,1,ok,13.6
0.5625,0.01199,0.1,0.01578,0.11388,0.0981,0.12,-0.24503,-0.12503,0.12,0.26201,0.0,clean,3,1,ok,13.6
0.7083,0.18196,-0.1,-0.01349,-0.11407,-0.10058,-0.06,-0.01071,-0.07071,-0.06,0.27051,0.0,clean,2,1,ok,13.8
0.6667,0.11682,0.0,-0.01463,-0.01521,-0.00058,-0.06,0.00602,-0.05398,-0.06,0.26278,0.0,clean,2,1,ok,13.8
0.7917,0.1143,0.1,-0.00176,0.09767,0.09942,-0.06,0.01748,-0.04252,-0.06,0.26603,0.0,clean,2,1,ok,13.8
0.75,0.15762,-0.1,-0.00308,-0.10366,-0.10058,0.0,-0.0075,-0.0075,-0.0,0.26957,0.0,clean,2,1,ok,13.8
0.75,0.13926,0.0,-0.00114,-0.00171,-0.00058,0.0,0.0058,0.0058,-0.0,0.26667,0.0,clean,2,1,ok,13.8
0.7292,0.12076,0.1,-0.00019,0.09923,0.09942,0.0,0.01959,0.01959,-0.0,0.26636,0.0,clean,3,1,ok,13.8
0.7292,0.15,-0.1,0.00144,-0.09913,-0.10058,0.06,-0.0055,0.0545,0.06,0.26807,0.0,clean,3,1,ok,13.8
0.625,0.13796,0.0,-0.00125,-0.00183,-0.00058,0.06,0.00723,0.06723,0.06,0.26413,0.0,clean,3,1,ok,13.8
0.5417,0.14664,0.1,0.00414,0.10356,0.09942,0.06,0.0197,0.0797,0.06,0.26371,0.0,clean,3,1,ok,13.8
0.5417,0.11635,-0.1,-0.00485,-0.10542,-0.10058,0.12,-0.00166,0.11834,0.12,0.26667,0.0,clean,3,1,ok,13.8
0.5,0.14496,0.0,-0.02611,-0.02669,-0.00058,0.12,0.00863,0.12863,0.12,0.2646,0.0,clean,3,1,ok,13.8
0.5417,0.09372,0.1,-0.00342,0.096,0.09942,0.12,-0.2447,-0.1247,0.12,0.26572,0.0,clean,3,1,ok,13.8
0.6875,0.31698,-0.1,-0.03949,-0.14089,-0.1014,-0.06,-0.01296,-0.07296,-0.06,0.2713,0.0,clean,2,1,ok,14.0
0.6458,0.29392,0.0,-0.03449,-0.03589,-0.0014,-0.06,0.00017,-0.05983,-0.06,0.27245,0.0,clean,2,1,ok,14.0
0.7917,0.32034,0.1,-0.02681,0.07179,0.0986,-0.06,0.01288,-0.04712,-0.06,0.27159,0.0,clean,3,1,ok,14.0
0.75,0.27682,-0.1,-0.03259,-0.13399,-0.1014,0.0,-0.00872,-0.00872,-0.0,0.26918,0.0,clean,2,1,ok,14.0
0.7292,0.26429,0.0,-0.02865,-0.03005,-0.0014,0.0,0.00405,0.00405,-0.0,0.26828,0.0,clean,2,1,ok,14.0
0.7292,0.30104,0.1,-0.02571,0.07289,0.0986,0.0,0.01568,0.01568,-0.0,0.26761,0.0,clean,3,1,ok,14.0
0.7083,0.26973,-0.1,-0.02418,-0.12558,-0.1014,0.06,-0.00673,0.05327,0.06,0.26998,0.0,clean,3,1,ok,14.0
0.625,0.26754,0.0,-0.02536,-0.02676,-0.0014,0.06,0.00493,0.06493,0.06,0.26499,0.0,clean,3,1,ok,14.0
0.5417,0.29474,0.1,-0.03093,0.06767,0.0986,0.06,0.0175,0.0775,0.06,0.26481,0.0,clean,3,1,ok,14.0
0.5417,0.24518,-0.1,-0.02403,-0.12543,-0.1014,0.12,-0.00379,0.11621,0.12,0.26619,0.0,clean,3,1,ok,14.0
0.5,0.24775,0.0,-0.03871,-0.04011,-0.0014,0.12,0.00787,0.12787,0.12,0.26738,0.0,clean,3,1,ok,14.0
0.5208,0.291,0.1,-0.03087,0.06772,0.0986,0.12,-0.25086,-0.13086,0.12,0.27529,0.0,clean,3,1,ok,14.0
0.6458,0.51135,-0.1,-0.08115,-0.18304,-0.1019,-0.06,-0.01467,-0.07467,-0.06,0.26322,0.0,clean,2,1,ok,14.2
0.6458,0.47502,0.0,-0.06695,-0.06885,-0.0019,-0.06,-0.00073,-0.06073,-0.06,0.2648,0.0,clean,2,1,ok,14.2
0.75,0.41606,0.1,-0.06821,0.0299,0.0981,-0.06,0.01441,-0.04559,-0.06,0.26274,0.0,clean,2,1,ok,14.2
0.75,0.51744,-0.1,-0.06392,-0.16582,-0.1019,0.0,-0.01306,-0.01306,-0.0,0.26552,0.0,clean,2,1,ok,14.2
0.7292,0.4662,0.0,-0.06107,-0.06297,-0.0019,0.0,0.00158,0.00158,-0.0,0.26501,0.0,clean,2,1,ok,14.2
0.7292,0.43413,0.1,-0.05936,0.03874,0.0981,0.0,0.01556,0.01556,-0.0,0.26485,0.0,clean,3,1,ok,14.2
0.7292,0.48999,-0.1,-0.06238,-0.16428,-0.1019,0.06,-0.00985,0.05015,0.06,0.26349,0.0,clean,2,1,ok,14.2
0.625,0.48169,0.0,-0.06304,-0.06494,-0.0019,0.06,0.00229,0.06229,0.06,0.26297,0.0,clean,3,1,ok,14.2
0.5625,0.45546,0.1,-0.07193,0.02617,0.0981,0.06,0.0167,0.0767,0.06,0.26472,0.0,clean,3,1,ok,14.2
0.5625,0.47669,-0.1,-0.06854,-0.17044,-0.1019,0.12,-0.00689,0.11311,0.12,0.26219,0.0,clean,3,1,ok,14.2
0.4583,0.22731,0.0,-0.06551,-0.06741,-0.0019,0.12,-0.23959,-0.11959,0.12,0.22513,0.0,clean,3,1,ok,14.2
0.4583,0.53746,0.1,-0.06628,0.03182,0.0981,0.12,0.01151,0.13151,0.12,0.25128,0.0,clean,3,1,ok,14.2
0.625,0.50822,-0.1,-0.137,-0.24069,-0.10369,-0.06,-0.00545,-0.06545,-0.06,0.25208,0.0,clean,2,1,ok,14.4
0.6667,0.43457,0.0,-0.13841,-0.1421,-0.00369,-0.06,0.01061,-0.04939,-0.06,0.25195,0.0,clean,2,1,ok,14.4
0.75,0.47285,0.1,-0.11467,-0.01836,0.09631,-0.06,0.01797,-0.04203,-0.06,0.26515,0.0,clean,2,1,ok,14.4
0.7708,0.51467,-0.1,-0.12308,-0.22677,-0.10369,0.0,-0.00429,-0.00429,-0.0,0.25439,0.0,clean,2,1,ok,14.4
0.75,0.50488,0.0,-0.11327,-0.11697,-0.00369,0.0,0.00631,0.00631,-0.0,0.2628,0.0,clean,2,1,ok,14.4
0.7708,0.49729,0.1,-0.11252,-0.01621,0.09631,0.0,0.019,0.019,-0.0,0.26634,0.0,clean,2,1,ok,14.4
0.7292,0.53389,-0.1,-0.11336,-0.21705,-0.10369,0.06,-0.00389,0.05611,0.06,0.2574,0.0,clean,2,1,ok,14.4
0.6667,0.49785,0.0,-0.11009,-0.11378,-0.00369,0.06,0.00832,0.06832,0.06,0.26293,0.0,clean,3,1,ok,14.4
0.6042,0.48063,0.1,-0.11908,-0.02277,0.09631,0.06,0.02183,0.08183,0.06,0.26714,0.0,clean,3,1,ok,14.4
0.625,0.54939,-0.1,-0.10987,-0.21356,-0.10369,0.12,-0.00337,0.11663,0.12,0.25632,0.0,clean,3,1,ok,14.4
0.4375,0.24683,0.0,-0.11601,-0.1197,-0.00369,0.12,-0.23303,-0.11303,0.12,0.21967,0.0,clean,3,1,ok,14.4
0.5208,0.41861,0.1,-0.14066,-0.04435,0.09631,0.12,-0.23618,-0.11618,0.12,0.25402,0.0,clean,3,1,ok,14.4
0.5833,0.55818,-0.1,-0.17537,-0.2786,-0.10322,-0.06,-0.01926,-0.07926,-0.06,0.28746,0.0,clean,2,1,ok,14.6
0.625,0.35105,0.0,-0.19423,-0.19745,-0.00322,-0.06,0.00692,-0.05308,-0.06,0.26431,0.0,clean,2,1,ok,14.6
0.6875,0.31832,0.1,-0.1901,-0.09332,0.09678,-0.06,0.02196,-0.03804,-0.06,0.26449,0.0,clean,2,1,ok,14.6
0.7083,0.41438,-0.1,-0.1959,-0.29912,-0.10322,0.0,-0.00474,-0.00474,-0.0,0.26141,0.0,clean,2,1,ok,14.6
0.75,0.38342,0.0,-0.18907,-0.19229,-0.00322,0.0,0.00812,0.00812,-0.0,0.26519,0.0,clean,2,1,ok,14.6
0.7708,0.35831,0.1,-0.1905,-0.09372,0.09678,0.0,0.02164,0.02164,-0.0,0.26938,0.0,clean,2,1,ok,14.6
0.7917,0.42794,-0.1,-0.18724,-0.29046,-0.10322,0.06,-0.0026,0.0574,0.06,0.26048,0.0,clean,2,1,ok,14.6
0.6875,0.36454,0.0,-0.19081,-0.19403,-0.00322,0.06,0.01114,0.07114,0.06,0.26679,0.0,clean,2,1,ok,14.6
0.6458,0.34355,0.1,-0.1998,-0.10302,0.09678,0.06,0.02443,0.08443,0.06,0.27034,0.0,clean,3,1,ok,14.6
0.625,0.39332,-0.1,-0.18286,-0.28608,-0.10322,0.12,0.00196,0.12196,0.12,0.26289,0.0,clean,2,1,ok,14.6
0.4375,0.19605,0.0,-0.20159,-0.20481,-0.00322,0.12,-0.23277,-0.11277,0.12,0.21465,0.0,clean,3,1,ok,14.6
0.4792,0.18614,0.1,-0.20328,-0.1065,0.09678,0.12,-0.22938,-0.10938,0.12,0.23754,0.0,clean,3,1,ok,14.6
