timestamp,mode,cage_version,raw_steering,raw_throttle,safe_steering,safe_throttle,emergency,rules_fired,cycles_since_last_state,oscillation_persistent,osc_rate_c01,osc_rate_c02,osc_rate_c03
0.000000,enforcement,0.5.0,-1.0,0.5,-0.08999999999999987,0.5,0,C-01,0,0,0.0,0.0,0.0
0.050000,enforcement,0.5.0,-1.0,0.5,-0.08998687065885892,0.5,0,C-06;C-01,0,0,0.0,0.0,0.0
0.100000,enforcement,0.5.0,-1.0,0.5,-0.08994748459226115,0.5,0,C-06;C-01,0,0,0.0,0.0,0.0
0.150000,enforcement,0.5.0,-1.0,0.5,-0.08988184958691171,0.5,0,C-06;C-01,0,0,0.0,0.0,0.0
0.200000,enforcement,0.5.0,-1.0,0.5,-0.08978998117427439,0.5,0,C-06;C-01,0,0,0.0,0.0,0.0
0.250000,enforcement,0.5.0,-1.0,0.5,-0.08967190262662383,0.5,0,C-06;C-01,0,0,0.0,0.0,0.0
0.300000,enforcement,0.5.0,-1.0,0.5,-0.0895276449505928,0.5,0,C-06;C-01,0,0,0.0,0.0,0.0
0.350000,enforcement,0.5.0,-1.0,0.5,-0.0893572468782145,0.5,0,C-06;C-01,0,0,0.0,0.0,0.0
0.400000,enforcement,0.5.0,-1.0,0.5,-0.08916075485546716,0.5,0,C-06;C-01,0,0,0.0,0.0,0.0
0.450000,enforcement,0.5.0,-1.0,0.5,-0.08893822302832699,0.5,0,C-06;C-01,0,0,0.0,0.0,0.0
0.500000,enforcement,0.5.0,-1.0,0.5,-0.08868971322633534,0.5,0,C-06;C-01,0,0,0.0,0.0,0.0
0.550000,enforcement,0.5.0,-1.0,0.5,-0.08841529494369216,0.5,0,C-06;C-01,0,0,0.0,0.0,0.0
0.600000,enforcement,0.5.0,-1.0,0.5,-0.08811504531788267,0.5,0,C-06;C-01,0,0,0.0,0.0,0.0
0.650000,enforcement,0.5.0,-1.0,0.5,-0.08778904910585184,0.5,0,C-06;C-01,0,0,0.0,0.0,0.0
0.700000,enforcement,0.5.0,-1.0,0.5,-0.08743739865773786,0.5,0,C-06;C-01,0,0,0.0,0.0,0.0
0.750000,enforcement,0.5.0,-1.0,0.5,-0.08706019388817948,0.5,0,C-06;C-01,0,0,0.0,0.0,0.0
0.800000,enforcement,0.5.0,-1.0,0.5,-0.08665754224521295,0.5,0,C-06;C-01,0,0,0.0,0.0,0.0
0.850000,enforcement,0.5.0,-1.0,0.5,-0.08622955867677536,0.5,0,C-06;C-01,0,0,0.0,0.0,0.0
0.900000,enforcement,0.5.0,-1.0,0.5,-0.08577636559483105,0.5,0,C-06;C-01,0,0,0.0,0.0,0.0
0.950000,enforcement,0.5.0,-1.0,0.5,-0.08529809283714329,0.5,0,C-06;C-01,0,0,0.0,0.0,0.0
1.000000,enforcement,0.5.0,-1.0,0.5,-0.08479487762670762,0.5,0,C-06;C-01,0,0,0.0,0.0,0.0
1.050000,enforcement,0.5.0,-1.0,0.5,-0.08426686452887228,0.5,0,C-06;C-01,0,0,0.0,0.0,0.0
1.100000,enforcement,0.5.0,-1.0,0.5,-0.08371420540616498,0.5,0,C-06;C-01,0,0,0.0,0.0,0.0
1.150000,enforcement,0.5.0,-1.0,0.5,-0.08313705937085188,0.5,0,C-06;C-01,0,0,0.0,0.0,0.0
1.200000,enforcement,0.5.0,-1.0,0.5,-0.08253559273525247,0.5,0,C-06;C-01,0,0,0.0,0.0,0.0
1.250000,enforcement,0.5.0,-1.0,0.5,-0.08190997895983593,0.5,0,C-06;C-01,0,0,0.0,0.0,0.0
1.300000,enforcement,0.5.0,-1.0,0.5,-0.08126039859912611,0.5,0,C-06;C-01,0,0,0.0,0.0,0.0
1.350000,enforcement,0.5.0,-1.0,0.5,-0.08058703924544203,0.5,0,C-06;C-01,0,0,0.0,0.0,0.0
1.400000,enforcement,0.5.0,-1.0,0.5,-0.07989009547050296,0.5,0,C-06;C-01,0,0,0.0,0.0,0.0
1.450000,enforcement,0.5.0,-1.0,0.5,-0.07916976876492665,0.5,0,C-06;C-01,0,0,0.0,0.0,0.0
1.500000,enforcement,0.5.0,-1.0,0.5,-0.07842626747565062,0.5,0,C-06;C-01,0,0,0.0,0.0,0.0
1.550000,enforcement,0.5.0,-1.0,0.5,-0.07765980674130829,0.5,0,C-06;C-01,0,0,0.0,0.0,0.0
1.600000,enforcement,0.5.0,-1.0,0.5,-0.07687060842559057,0.5,0,C-06;C-01,0,0,0.0,0.0,0.0
1.650000,enforcement,0.5.0,-1.0,0.5,-0.07605890104862445,0.5,0,C-06;C-01,0,0,0.0,0.0,0.0
1.700000,enforcement,0.5.0,-1.0,0.5,-0.07522491971640294,0.5,0,C-06;C-01,0,0,0.0,0.0,0.0
1.750000,enforcement,0.5.0,-1.0,0.5,-0.07436890604829821,0.5,0,C-06;C-01,0,0,0.0,0.0,0.0
1.800000,enforcement,0.5.0,-1.0,0.5,-0.07349110810269256,0.5,0,C-06;C-01,0,0,0.0,0.0,0.0
1.850000,enforcement,0.5.0,-1.0,0.5,-0.07259178030076124,0.5,0,C-06;C-01,0,0,0.0,0.0,0.0
1.900000,enforcement,0.5.0,-1.0,0.5,-0.07167118334844164,0.5,0,C-06;C-01,0,0,0.0,0.0,0.0
1.950000,enforcement,0.5.0,-1.0,0.5,-0.070729584156625,0.5,0,C-06;C-01,0,0,0.0,0.0,0.0
2.000000,enforcement,0.5.0,-1.0,0.5,-0.06976725575960468,0.5,0,C-06;C-01,0,0,0.0,0.0,0.0
2.050000,enforcement,0.5.0,-1.0,0.5,-0.06878447723181791,0.5,0,C-06;C-01,0,0,0.0,0.0,0.0
2.100000,enforcement,0.5.0,-1.0,0.5,-0.0677815336029171,0.5,0,C-06;C-01,0,0,0.0,0.0,0.0
2.150000,enforcement,0.5.0,-1.0,0.5,-0.06675871577120623,0.5,0,C-06;C-01,0,0,0.0,0.0,0.0
2.200000,enforcement,0.5.0,-1.0,0.5,-0.06571632041547981,0.5,0,C-06;C-01,0,0,0.0,0.0,0.0
2.250000,enforcement,0.5.0,-1.0,0.5,-0.06465464990529984,0.5,0,C-06;C-01,0,0,0.0,0.0,0.0
2.300000,enforcement,0.5.0,-1.0,0.5,-0.06357401220974906,0.5,0,C-06;C-01,0,0,0.0,0.0,0.0
2.350000,enforcement,0.5.0,-1.0,0.5,-0.06247472080469624,0.5,0,C-06;C-01,0,0,0.0,0.0,0.0
2.400000,enforcement,0.5.0,-1.0,0.5,-0.06135709457861016,0.5,0,C-06;C-01,0,0,0.0,0.0,0.0
2.450000,enforcement,0.5.0,-1.0,0.5,-0.06022145773696047,0.5,0,C-06;C-01,0,0,0.0,0.0,0.0
2.500000,enforcement,0.5.0,-1.0,0.5,-0.05906813970524022,0.5,0,C-06;C-01,0,0,0.0,0.0,0.0
2.550000,enforcement,0.5.0,-1.0,0.5,-0.057897475030649015,0.5,0,C-06;C-01,0,0,0.0,0.0,0.0
2.600000,enforcement,0.5.0,-1.0,0.5,-0.05670980328247105,0.5,0,C-06;C-01,0,0,0.0,0.0,0.0
2.650000,enforcement,0.5.0,-1.0,0.5,-0.05550546895118692,0.5,0,C-06;C-01,0,0,0.0,0.0,0.0
2.700000,enforcement,0.5.0,-1.0,0.5,-0.054284821346353374,0.5,0,C-06;C-01,0,0,0.0,0.0,0.0
2.750000,enforcement,0.5.0,-1.0,0.5,-0.05304821449328767,0.5,0,C-06;C-01,0,0,0.0,0.0,0.0
2.800000,enforcement,0.5.0,-1.0,0.5,-0.05179600702859394,0.5,0,C-06;C-01,0,0,0.0,0.0,0.0
2.850000,enforcement,0.5.0,-1.0,0.5,-0.05052856209456408,0.5,0,C-06;C-01,0,0,0.0,0.0,0.0
2.900000,enforcement,0.5.0,-1.0,0.5,-0.049246247232491824,0.5,0,C-06;C-01,0,0,0.0,0.0,0.0
2.950000,enforcement,0.5.0,-1.0,0.5,-0.04794943427493242,0.5,0,C-06;C-01,0,0,0.0,0.0,0.0
3.000000,enforcement,0.5.0,-1.0,0.5,-0.04663849923694363,0.5,0,C-06;C-01,0,0,0.0,0.0,0.0
3.050000,enforcement,0.5.0,-1.0,0.5,-0.04531382220634267,0.5,0,C-06;C-01,0,0,0.0,0.0,0.0
3.100000,enforcement,0.5.0,-1.0,0.5,-0.043975787233012265,0.5,0,C-06;C-01,0,0,0.0,0.0,0.0
3.150000,enforcement,0.5.0,-1.0,0.5,-0.04262478221729027,0.5,0,C-06;C-01,0,0,0.0,0.0,0.0
3.200000,enforcement,0.5.0,-1.0,0.5,-0.04126119879747464,0.5,0,C-06;C-01,0,0,0.0,0.0,0.0
3.250000,enforcement,0.5.0,-1.0,0.5,-0.039885432236478946,0.5,0,C-06;C-01,0,0,0.0,0.0,0.0
3.300000,enforcement,0.5.0,-1.0,0.5,-0.03849788130766785,0.5,0,C-06;C-01,0,0,0.0,0.0,0.0
3.350000,enforcement,0.5.0,-1.0,0.5,-0.03709894817990689,0.5,0,C-06;C-01,0,0,0.0,0.0,0.0
3.400000,enforcement,0.5.0,-1.0,0.5,-0.035689038301857545,0.5,0,C-06;C-01,0,0,0.0,0.0,0.0
3.450000,enforcement,0.5.0,-1.0,0.5,-0.0342685602855472,0.5,0,C-06;C-01,0,0,0.0,0.0,0.0
3.500000,enforcement,0.5.0,-1.0,0.5,-0.032837925789246825,0.5,0,C-06;C-01,0,0,0.0,0.0,0.0
3.550000,enforcement,0.5.0,-1.0,0.5,-0.031397549399685365,0.5,0,C-06;C-01,0,0,0.0,0.0,0.0
3.600000,enforcement,0.5.0,-1.0,0.5,-0.029947848513631137,0.5,0,C-06;C-01,0,0,0.0,0.0,0.0
3.650000,enforcement,0.5.0,-1.0,0.5,-0.02848924321886903,0.5,0,C-06;C-01,0,0,0.0,0.0,0.0
3.700000,enforcement,0.5.0,-1.0,0.5,-0.027022156174603018,0.5,0,C-06;C-01,0,0,0.0,0.0,0.0
3.750000,enforcement,0.5.0,-1.0,0.5,-0.025547012491312415,0.5,0,C-06;C-01,0,0,0.0,0.0,0.0
3.800000,enforcement,0.5.0,-1.0,0.5,-0.024064239610090077,0.5,0,C-06;C-01,0,0,0.0,0.0,0.0
3.850000,enforcement,0.5.0,-1.0,0.5,-0.022574267181489804,0.5,0,C-06;C-01,0,0,0.0,0.0,0.0
3.900000,enforcement,0.5.0,-1.0,0.5,-0.02107752694391063,0.5,0,C-06;C-01,0,0,0.0,0.0,0.0
3.950000,enforcement,0.5.0,-1.0,0.5,-0.019574452601545445,0.5,0,C-06;C-01,0,0,0.0,0.0,0.0
4.000000,enforcement,0.5.0,-1.0,0.5,-0.018065479701919462,0.5,0,C-06;C-01,0,0,0.0,0.0,0.0
4.050000,enforcement,0.5.0,-1.0,0.5,-0.016551045513045648,0.5,0,C-06;C-01,0,0,0.0,0.0,0.0
4.100000,enforcement,0.5.0,-1.0,0.5,-0.01503158890022227,0.5,0,C-06;C-01,0,0,0.0,0.0,0.0
4.150000,enforcement,0.5.0,-1.0,0.5,-0.013507550202499385,0.5,0,C-06;C-01,0,0,0.0,0.0,0.0
4.200000,enforcement,0.5.0,-1.0,0.5,-0.011979371108838233,0.5,0,C-06;C-01,0,0,0.0,0.0,0.0
4.250000,enforcement,0.5.0,-1.0,0.5,-0.010447494533989021,0.5,0,C-06;C-01,0,0,0.0,0.0,0.0
4.300000,enforcement,0.5.0,-1.0,0.5,-0.00891236449411259,0.5,0,C-06;C-01,0,0,0.0,0.0,0.0
4.350000,enforcement,0.5.0,-1.0,0.5,-0.007374425982169253,0.5,0,C-06;C-01,0,0,0.0,0.0,0.0
4.400000,enforcement,0.5.0,-1.0,0.5,-0.005834124843099808,0.5,0,C-06;C-01,0,0,0.0,0.0,0.0
4.450000,enforcement,0.5.0,-1.0,0.5,-0.004291907648823347,0.5,0,C-06;C-01,0,0,0.0,0.0,0.0
4.500000,enforcement,0.5.0,-1.0,0.5,-0.0027482215730746384,0.5,0,C-06;C-01,0,0,0.0,0.0,0.0
4.550000,enforcement,0.5.0,-1.0,0.5,-0.0012035142661061538,0.5,0,C-06;C-01,0,0,0.0,0.0,0.0
4.600000,enforcement,0.5.0,-1.0,0.5,-0.0,0.5,0,C-06;C-01,0,0,0.0,0.0,0.0
4.650000,enforcement,0.5.0,-1.0,0.5,-0.15,0.5,0,C-06,0,0,0.0,0.0,0.0
4.700000,enforcement,0.5.0,-1.0,0.5,-0.3,0.5,0,C-06,0,0,0.0,0.0,0.0
4.750000,enforcement,0.5.0,-1.0,0.5,-0.44999999999999996,0.5,0,C-06,0,0,0.0,0.0,0.0
4.800000,enforcement,0.5.0,-1.0,0.5,-0.6,0.5,0,C-06,0,0,0.0,0.0,0.0
4.850000,enforcement,0.5.0,-1.0,0.5,-0.75,0.5,0,C-06,0,0,0.0,0.0,0.0
4.900000,enforcement,0.5.0,-0.9288538077906507,0.5,-0.9,0.5,0,C-06,0,0,0.0,0.0,0.0
4.950000,enforcement,0.5.0,-0.8477808833515215,0.5,-0.8477808833515215,0.5,0,,0,0,0.0,0.0,0.0
5.000000,enforcement,0.5.0,-0.800056588066399,0.5,-0.800056588066399,0.5,0,,0,0,0.0,0.0,0.0
5.050000,enforcement,0.5.0,-0.7517041708699124,0.46083203506516135,-0.7517041708699124,0.46083203506516135,0,,0,0,0.0,0.0,0.0
5.100000,enforcement,0.5.0,-0.7037038298972458,0.46083203506516135,-0.7037038298972458,0.46083203506516135,0,,0,0,0.0,0.0,0.0
5.150000,enforcement,0.5.0,-0.6559878582613534,0.46083203506516135,-0.6559878582613534,0.46083203506516135,0,,0,0,0.0,0.0,0.0
5.200000,enforcement,0.5.0,-0.608661272382018,0.46083203506516135,-0.608661272382018,0.46083203506516135,0,,0,0,0.0,0.0,0.0
5.250000,enforcement,0.5.0,-0.5617957506652552,0.46083203506516135,-0.5617957506652552,0.46083203506516135,0,,0,0,0.0,0.0,0.0
5.300000,enforcement,0.5.0,-0.5154641870647508,0.46083203506516135,-0.5154641870647508,0.46083203506516135,0,,0,0,0.0,0.0,0.0
5.350000,enforcement,0.5.0,-0.4697350522871398,0.46083203506516135,-0.4697350522871398,0.46083203506516135,0,,0,0,0.0,0.0,0.0
5.400000,enforcement,0.5.0,-0.4246734069596597,0.46083203506516135,-0.4246734069596597,0.46083203506516135,0,,0,0,0.0,0.0,0.0
5.450000,enforcement,0.5.0,-0.38034081986509727,0.46083203506516135,-0.38034081986509727,0.46083203506516135,0,,0,0,0.0,0.0,0.0
5.500000,enforcement,0.5.0,-0.33679546087637613,0.46083203506516135,-0.33679546087637613,0.46083203506516135,0,,0,0,0.0,0.0,0.0
5.550000,enforcement,0.5.0,-0.2940921613304778,0.3813538412311369,-0.2940921613304778,0.3813538412311369,0,,0,0,0.0,0.0,0.0
5.600000,enforcement,0.5.0,-0.2522824749532033,0.3813538412311369,-0.2522824749532033,0.3813538412311369,0,,0,0,0.0,0.0,0.0
5.650000,enforcement,0.5.0,-0.21141473382500084,0.3813538412311369,-0.21141473382500084,0.3813538412311369,0,,0,0,0.0,0.0,0.0
5.700000,enforcement,0.5.0,-0.17153410025612348,0.3813538412311369,-0.17153410025612348,0.3813538412311369,0,,0,0,0.0,0.0,0.0
5.750000,enforcement,0.5.0,-0.13268261458183983,0.3813538412311369,-0.13268261458183983,0.3813538412311369,0,,0,0,0.0,0.0,0.0
5.800000,enforcement,0.5.0,-0.09489923916603753,0.3813538412311369,-0.09489923916603753,0.3813538412311369,0,,0,0,0.0,0.0,0.0
5.850000,enforcement,0.5.0,-0.05821989898090424,0.3813538412311369,-0.05821989898090424,0.3813538412311369,0,,0,0,0.0,0.0,0.0
5.900000,enforcement,0.5.0,-0.02267751922309471,0.3813538412311369,-0.02267751922309471,0.3813538412311369,0,,0,0,0.0,0.0,0.0
5.950000,enforcement,0.5.0,0.011697939501219069,0.3813538412311369,0.011697939501219069,0.3813538412311369,0,,0,0,0.0,0.0,0.0
6.000000,enforcement,0.5.0,0.044879447831953516,0.3813538412311369,0.044879447831953516,0.3813538412311369,0,,0,0,0.0,0.0,0.0
6.050000,enforcement,0.5.0,0.07684287551929828,0.3813538412311369,0.07684287551929828,0.3813538412311369,0,,0,0,0.0,0.0,0.0
6.100000,enforcement,0.5.0,0.10756695983726057,0.3023552954262597,0.10756695983726057,0.3023552954262597,0,,0,0,0.0,0.0,0.0
6.150000,enforcement,0.5.0,0.13703327387562997,0.3023552954262597,0.13703327387562997,0.3023552954262597,0,,0,0,0.0,0.0,0.0
6.200000,enforcement,0.5.0,0.16522619404197716,0.3023552954262597,0.16522619404197716,0.3023552954262597,0,,0,0,0.0,0.0,0.0
6.250000,enforcement,0.5.0,0.19213286612172267,0.3023552954262597,0.19213286612172267,0.3023552954262597,0,,0,0,0.0,0.0,0.0
6.300000,enforcement,0.5.0,0.217743169273644,0.3023552954262597,0.217743169273644,0.3023552954262597,0,,0,0,0.0,0.0,0.0
6.350000,enforcement,0.5.0,0.24204967738001493,0.3023552954262597,0.24204967738001493,0.3023552954262597,0,,0,0,0.0,0.0,0.0
6.400000,enforcement,0.5.0,0.2650476172224071,0.3023552954262597,0.2650476172224071,0.3023552954262597,0,,0,0,0.0,0.0,0.0
6.450000,enforcement,0.5.0,0.2867348230160403,0.3023552954262597,0.2867348230160403,0.3023552954262597,0,,0,0,0.0,0.0,0.0
6.500000,enforcement,0.5.0,0.3071116869051793,0.3023552954262597,0.3071116869051793,0.3023552954262597,0,,0,0,0.0,0.0,0.0
6.550000,enforcement,0.5.0,0.3261811050973309,0.3023552954262597,0.3261811050973309,0.3023552954262597,0,,0,0,0.0,0.0,0.0
6.600000,enforcement,0.5.0,0.3439484193943281,0.221923803921028,0.3439484193943281,0.221923803921028,0,,0,0,0.0,0.0,0.0
6.650000,enforcement,0.5.0,0.3604213539608131,0.221923803921028,0.3604213539608131,0.221923803921028,0,,0,0,0.0,0.0,0.0
6.700000,enforcement,0.5.0,0.3756099472539125,0.221923803921028,0.3756099472539125,0.221923803921028,0,,0,0,0.0,0.0,0.0
6.750000,enforcement,0.5.0,0.38952647912018523,0.221923803921028,0.38952647912018523,0.221923803921028,0,,0,0,0.0,0.0,0.0
6.800000,enforcement,0.5.0,0.4021853931457735,0.221923803921028,0.4021853931457735,0.221923803921028,0,,0,0,0.0,0.0,0.0
6.850000,enforcement,0.5.0,0.4136032144207087,0.221923803921028,0.4136032144207087,0.221923803921028,0,,0,0,0.0,0.0,0.0
6.900000,enforcement,0.5.0,0.4237984629487829,0.221923803921028,0.4237984629487829,0.221923803921028,0,,0,0,0.0,0.0,0.0
6.950000,enforcement,0.5.0,0.4327915629971072,0.221923803921028,0.4327915629971072,0.221923803921028,0,,0,0,0.0,0.0,0.0
7.000000,enforcement,0.5.0,0.44060474873559896,0.221923803921028,0.44060474873559896,0.221923803921028,0,,0,0,0.0,0.0,0.0
7.050000,enforcement,0.5.0,0.4472619665637567,0.221923803921028,0.4472619665637567,0.221923803921028,0,,0,0,0.0,0.0,0.0
7.100000,enforcement,0.5.0,0.4527887745608974,0.221923803921028,0.4527887745608974,0.221923803921028,0,,0,0,0.0,0.0,0.0
7.150000,enforcement,0.5.0,0.45721223952597606,0.14125217611212404,0.45721223952597606,0.14125217611212404,0,,0,0,0.0,0.0,0.0
7.200000,enforcement,0.5.0,0.46056083209372306,0.14125217611212404,0.46056083209372306,0.14125217611212404,0,,0,0,0.0,0.0,0.0
7.250000,enforcement,0.5.0,0.4628643204266715,0.14125217611212404,0.4628643204266715,0.14125217611212404,0,,0,0,0.0,0.0,0.0
7.300000,enforcement,0.5.0,0.46415366298613797,0.14125217611212404,0.46415366298613797,0.14125217611212404,0,,0,0,0.0,0.0,0.0
7.350000,enforcement,0.5.0,0.46446090088210196,0.14125217611212404,0.46446090088210196,0.14125217611212404,0,,0,0,0.0,0.0,0.0
7.400000,enforcement,0.5.0,0.46381905029104503,0.14125217611212404,0.46381905029104503,0.14125217611212404,0,,0,0,0.0,0.0,0.0
7.450000,enforcement,0.5.0,0.46226199541401897,0.14125217611212404,0.46226199541401897,0.14125217611212404,0,,0,0,0.0,0.0,0.0
7.500000,enforcement,0.5.0,0.4598243824251817,0.14125217611212404,0.4598243824251817,0.14125217611212404,0,,0,0,0.0,0.0,0.0
7.550000,enforcement,0.5.0,0.4565415148340552,0.14125217611212404,0.4565415148340552,0.14125217611212404,0,,0,0,0.0,0.0,0.0
7.600000,enforcement,0.5.0,0.45244925065445823,0.14125217611212404,0.45244925065445823,0.14125217611212404,0,,0,0,0.0,0.0,0.0
7.650000,enforcement,0.5.0,-0.2161536557369011,0.09931708459952232,0.30244925065445827,0.09931708459952232,0,C-06,0,0,0.0,0.0,0.0
7.700000,enforcement,0.5.0,0.31823063059703527,0.09931708459952232,0.31823063059703527,0.09931708459952232,0,,0,0,0.0,0.0,0.0
7.750000,enforcement,0.5.0,0.3064744116770031,0.09931708459952232,0.3064744116770031,0.09931708459952232,0,,0,0,0.0,0.0,0.0
7.800000,enforcement,0.5.0,0.2986441938608147,0.09931708459952232,0.2986441938608147,0.09931708459952232,0,,0,0,0.0,0.0,0.0
7.850000,enforcement,0.5.0,0.28983252579864954,0.09931708459952232,0.28983252579864954,0.09931708459952232,0,,0,0,0.0,0.0,0.0
7.900000,enforcement,0.5.0,0.2808429949331539,0.09931708459952232,0.2808429949331539,0.09931708459952232,0,,0,0,0.0,0.0,0.0
7.950000,enforcement,0.5.0,0.27158203920331464,0.09931708459952232,0.27158203920331464,0.09931708459952232,0,,0,0,0.0,0.0,0.0
8.000000,enforcement,0.5.0,0.2620963183572488,0.09931708459952232,0.2620963183572488,0.09931708459952232,0,,0,0,0.0,0.0,0.0
8.050000,enforcement,0.5.0,0.25240992490385555,0.09931708459952232,0.25240992490385555,0.09931708459952232,0,,0,0,0.0,0.0,0.0
8.100000,enforcement,0.5.0,-1.0,0.10041135431015819,0.10240992490385556,0.10041135431015819,0,C-06,0,0,0.0,0.0,0.0
8.150000,enforcement,0.5.0,-0.03821717490822685,0.10041135431015819,-0.03821717490822685,0.10041135431015819,0,,0,0,0.0,0.0,0.0
8.200000,enforcement,0.5.0,-0.03281526088452866,0.10041135431015819,-0.03281526088452866,0.10041135431015819,0,,0,0,0.0,0.0,0.0
8.250000,enforcement,0.5.0,-0.04943089619035122,0.10041135431015819,-0.04943089619035122,0.10041135431015819,0,,0,0,0.0,0.0,0.0
8.300000,enforcement,0.5.0,-0.06197639380872447,0.10041135431015819,-0.06197639380872447,0.10041135431015819,0,,0,0,0.0,0.0,0.0
8.350000,enforcement,0.5.0,-0.07449158143118159,0.10041135431015819,-0.07449158143118159,0.10041135431015819,0,,0,0,0.0,0.0,0.0
8.400000,enforcement,0.5.0,-0.08634329205372859,0.10041135431015819,-0.08634329205372859,0.10041135431015819,0,,0,0,0.0,0.0,0.0
8.450000,enforcement,0.5.0,-0.09762502045017529,0.10041135431015819,-0.09762502045017529,0.10041135431015819,0,,0,0,0.0,0.0,0.0
8.500000,enforcement,0.5.0,-0.1083189815081658,0.10041135431015819,-0.1083189815081658,0.10041135431015819,0,,0,0,0.0,0.0,0.0
8.550000,enforcement,0.5.0,-0.1184261202349746,0.10041135431015819,-0.1184261202349746,0.10041135431015819,0,,0,0,0.0,0.0,0.0
8.600000,enforcement,0.5.0,-1.0,0.0993511395787644,-0.2684261202349746,0.0993511395787644,0,C-06,0,0,0.0,0.0,0.0
8.650000,enforcement,0.5.0,-0.40708463016797725,0.0993511395787644,-0.40708463016797725,0.0993511395787644,0,,0,0,0.0,0.0,0.0
8.700000,enforcement,0.5.0,-0.39935384833908905,0.0993511395787644,-0.39935384833908905,0.0993511395787644,0,,0,0,0.0,0.0,0.0
8.750000,enforcement,0.5.0,-0.413281807685499,0.0993511395787644,-0.413281807685499,0.0993511395787644,0,,0,0,0.0,0.0,0.0
8.800000,enforcement,0.5.0,-0.42238535005677846,0.0993511395787644,-0.42238535005677846,0.0993511395787644,0,,0,0,0.0,0.0,0.0
8.850000,enforcement,0.5.0,-0.43088366540312717,0.0993511395787644,-0.43088366540312717,0.0993511395787644,0,,0,0,0.0,0.0,0.0
8.900000,enforcement,0.5.0,-0.4381340326272258,0.0993511395787644,-0.4381340326272258,0.0993511395787644,0,,0,0,0.0,0.0,0.0
8.950000,enforcement,0.5.0,-0.44426637357477705,0.0993511395787644,-0.44426637357477705,0.0993511395787644,0,,0,0,0.0,0.0,0.0
9.000000,enforcement,0.5.0,-0.4492898074914079,0.0993511395787644,-0.4492898074914079,0.0993511395787644,0,,0,0,0.0,0.0,0.0
9.050000,enforcement,0.5.0,-0.45323433374174227,0.0993511395787644,-0.45323433374174227,0.0993511395787644,0,,0,0,0.0,0.0,0.0
9.100000,enforcement,0.5.0,-1.0,0.0997421064700531,-0.6032343337417423,0.0997421064700531,0,C-06,0,0,0.0,0.0,0.0
9.150000,enforcement,0.5.0,-0.7270528826129201,0.0997421064700531,-0.7270528826129201,0.0997421064700531,0,,0,0,0.0,0.0,0.0
9.200000,enforcement,0.5.0,-0.7120931856785674,0.0997421064700531,-0.7120931856785674,0.0997421064700531,0,,0,0,0.0,0.0,0.0
9.250000,enforcement,0.5.0,-0.7181068610703614,0.0997421064700531,-0.7181068610703614,0.0997421064700531,0,,0,0,0.0,0.0,0.0
9.300000,enforcement,0.5.0,-0.7188340041420007,0.0997421064700531,-0.7188340041420007,0.0997421064700531,0,,0,0,0.0,0.0,0.0
9.350000,enforcement,0.5.0,-0.718685955805699,0.0997421064700531,-0.718685955805699,0.0997421064700531,0,,0,0,0.0,0.0,0.0
9.400000,enforcement,0.5.0,-0.7169907551244898,0.0997421064700531,-0.7169907551244898,0.0997421064700531,0,,0,0,0.0,0.0,0.0
9.450000,enforcement,0.5.0,-0.71392076903356,0.0997421064700531,-0.71392076903356,0.0997421064700531,0,,0,0,0.0,0.0,0.0
9.500000,enforcement,0.5.0,-0.709509921251549,0.0997421064700531,-0.709509921251549,0.0997421064700531,0,,0,0,0.0,0.0,0.0
9.550000,enforcement,0.5.0,-0.7038164291687858,0.0997421064700531,-0.7038164291687858,0.0997421064700531,0,,0,0,0.0,0.0,0.0
9.600000,enforcement,0.5.0,-0.6968956079801495,0.0997421064700531,-0.6968956079801495,0.0997421064700531,0,,0,0,0.0,0.0,0.0
9.650000,enforcement,0.5.0,-1.0,0.0993767396369249,-0.8468956079801495,0.0993767396369249,0,C-06,0,0,0.0,0.0,0.0
9.700000,enforcement,0.5.0,-0.9527786057312221,0.0993767396369249,-0.9527786057312221,0.0993767396369249,0,,0,0,0.0,0.0,0.0
9.750000,enforcement,0.5.0,-0.9263331565511737,0.0993767396369249,-0.9263331565511737,0.0993767396369249,0,,0,0,0.0,0.0,0.0
9.800000,enforcement,0.5.0,-0.9208136272974107,0.0993767396369249,-0.9208136272974107,0.0993767396369249,0,,0,0,0.0,0.0,0.0
9.850000,enforcement,0.5.0,-0.9098137325475916,0.0993767396369249,-0.9098137325475916,0.0993767396369249,0,,0,0,0.0,0.0,0.0
9.900000,enforcement,0.5.0,-0.898012211984767,0.0993767396369249,-0.898012211984767,0.0993767396369249,0,,0,0,0.0,0.0,0.0
9.950000,enforcement,0.5.0,-0.8846878326055656,0.0993767396369249,-0.8846878326055656,0.0993767396369249,0,,0,0,0.0,0.0,0.0
10.000000,enforcement,0.5.0,-0.8700552053153041,0.0993767396369249,-0.8700552053153041,0.0993767396369249,0,,0,0,0.0,0.0,0.0
10.050000,enforcement,0.5.0,-0.8541675507801129,0.0993767396369249,-0.8541675507801129,0.0993767396369249,0,,0,0,0.0,0.0,0.0
10.100000,enforcement,0.5.0,-0.8371059436803994,0.0993767396369249,-0.8371059436803994,0.0993767396369249,0,,0,0,0.0,0.0,0.0
10.150000,enforcement,0.5.0,-1.0,0.10038934338022759,-0.9871059436803994,0.10038934338022759,0,C-06,0,0,0.0,0.0,0.0
10.200000,enforcement,0.5.0,-1.0,0.10038934338022759,-1.0,0.10038934338022759,0,,0,0,0.0,0.0,0.0
10.250000,enforcement,0.5.0,-1.0,0.10038934338022759,-1.0,0.10038934338022759,0,,0,0,0.0,0.0,0.0
10.300000,enforcement,0.5.0,-1.0,0.10038934338022759,-1.0,0.10038934338022759,0,,0,0,0.0,0.0,0.0
10.350000,enforcement,0.5.0,-1.0,0.10038934338022759,-1.0,0.10038934338022759,0,,0,0,0.0,0.0,0.0
10.400000,enforcement,0.5.0,-0.976989143413968,0.10038934338022759,-0.976989143413968,0.10038934338022759,0,,0,0,0.0,0.0,0.0
10.450000,enforcement,0.5.0,-0.9550935946021464,0.10038934338022759,-0.9550935946021464,0.10038934338022759,0,,0,0,0.0,0.0,0.0
10.500000,enforcement,0.5.0,-0.9316331279806337,0.10038934338022759,-0.9316331279806337,0.10038934338022759,0,,0,0,0.0,0.0,0.0
10.550000,enforcement,0.5.0,-0.9071850650471316,0.10038934338022759,-0.9071850650471316,0.10038934338022759,0,,0,0,0.0,0.0,0.0
10.600000,enforcement,0.5.0,-0.8817526138017591,0.10038934338022759,-0.8817526138017591,0.10038934338022759,0,,0,0,0.0,0.0,0.0
10.650000,enforcement,0.5.0,-0.8554378646331052,0.10038934338022759,-0.8554378646331052,0.10038934338022759,0,,0,0,0.0,0.0,0.0
10.700000,enforcement,0.5.0,-1.0,0.09928548058716569,-1.0,0.09928548058716569,0,,0,0,0.0,0.0,0.0
10.750000,enforcement,0.5.0,-1.0,0.09928548058716569,-1.0,0.09928548058716569,0,,0,0,0.0,0.0,0.0
10.800000,enforcement,0.5.0,-1.0,0.09928548058716569,-1.0,0.09928548058716569,0,,0,0,0.0,0.0,0.0
10.850000,enforcement,0.5.0,-1.0,0.09928548058716569,-1.0,0.09928548058716569,0,,0,0,0.0,0.0,0.0
10.900000,enforcement,0.5.0,-0.9736496324387495,0.09928548058716569,-0.9736496324387495,0.09928548058716569,0,,0,0,0.0,0.0,0.0
10.950000,enforcement,0.5.0,-0.944965744644479,0.09928548058716569,-0.944965744644479,0.09928548058716569,0,,0,0,0.0,0.0,0.0
11.000000,enforcement,0.5.0,-0.9156180909942837,0.09928548058716569,-0.9156180909942837,0.09928548058716569,0,,0,0,0.0,0.0,0.0
11.050000,enforcement,0.5.0,-0.885422384303619,0.09928548058716569,-0.885422384303619,0.09928548058716569,0,,0,0,0.0,0.0,0.0
11.100000,enforcement,0.5.0,-0.8545178815190557,0.09928548058716569,-0.8545178815190557,0.09928548058716569,0,,0,0,0.0,0.0,0.0
11.150000,enforcement,0.5.0,-0.8229849442119526,0.09928548058716569,-0.8229849442119526,0.09928548058716569,0,,0,0,0.0,0.0,0.0
11.200000,enforcement,0.5.0,-0.790911557513644,0.09928548058716569,-0.790911557513644,0.09928548058716569,0,,0,0,0.0,0.0,0.0
11.250000,enforcement,0.5.0,-1.0,0.09995938893056983,-0.940911557513644,0.09995938893056983,0,C-06,0,0,0.0,0.0,0.0
11.300000,enforcement,0.5.0,-0.9917121368023949,0.09995938893056983,-0.9917121368023949,0.09995938893056983,0,,0,0,0.0,0.0,0.0
11.350000,enforcement,0.5.0,-0.9477500712657714,0.09995938893056983,-0.9477500712657714,0.09995938893056983,0,,0,0,0.0,0.0,0.0
11.400000,enforcement,0.5.0,-0.9193927337034689,0.09995938893056983,-0.9193927337034689,0.09995938893056983,0,,0,0,0.0,0.0,0.0
11.450000,enforcement,0.5.0,-0.8873898615220014,0.09995938893056983,-0.8873898615220014,0.09995938893056983,0,,0,0,0.0,0.0,0.0
11.500000,enforcement,0.5.0,-0.8552198790231575,0.09995938893056983,-0.8552198790231575,0.09995938893056983,0,,0,0,0.0,0.0,0.0
11.550000,enforcement,0.5.0,-0.8223845906430411,0.09995938893056983,-0.8223845906430411,0.09995938893056983,0,,0,0,0.0,0.0,0.0
11.600000,enforcement,0.5.0,-0.7890725175974949,0.09995938893056983,-0.7890725175974949,0.09995938893056983,0,,0,0,0.0,0.0,0.0
11.650000,enforcement,0.5.0,-0.7553511094997669,0.09995938893056983,-0.7553511094997669,0.09995938893056983,0,,0,0,0.0,0.0,0.0
11.700000,enforcement,0.5.0,-0.7213055416589117,0.09995938893056983,-0.7213055416589117,0.09995938893056983,0,,0,0,0.0,0.0,0.0
11.750000,enforcement,0.5.0,-0.6870149575835567,0.09995938893056983,-0.6870149575835567,0.09995938893056983,0,,0,0,0.0,0.0,0.0
11.800000,enforcement,0.5.0,-1.0,0.09930694315072852,-0.8370149575835567,0.09930694315072852,0,C-06,0,0,0.0,0.0,0.0
11.850000,enforcement,0.5.0,-0.8839165989486252,0.09930694315072852,-0.8839165989486252,0.09930694315072852,0,,0,0,0.0,0.0,0.0
11.900000,enforcement,0.5.0,-0.8393537025816927,0.09930694315072852,-0.8393537025816927,0.09930694315072852,0,,0,0,0.0,0.0,0.0
11.950000,enforcement,0.5.0,-0.8097298867160977,0.09930694315072852,-0.8097298867160977,0.09930694315072852,0,,0,0,0.0,0.0,0.0
12.000000,enforcement,0.5.0,-0.7769543241451069,0.09930694315072852,-0.7769543241451069,0.09930694315072852,0,,0,0,0.0,0.0,0.0
12.050000,enforcement,0.5.0,-0.7442111410356289,0.09930694315072852,-0.7442111410356289,0.09930694315072852,0,,0,0,0.0,0.0,0.0
12.100000,enforcement,0.5.0,-0.711056246395766,0.09930694315072852,-0.711056246395766,0.09930694315072852,0,,0,0,0.0,0.0,0.0
12.150000,enforcement,0.5.0,-0.6776562440011665,0.09930694315072852,-0.6776562440011665,0.09930694315072852,0,,0,0,0.0,0.0,0.0
12.200000,enforcement,0.5.0,-0.6440721678600245,0.09930694315072852,-0.6440721678600245,0.09930694315072852,0,,0,0,0.0,0.0,0.0
12.250000,enforcement,0.5.0,-0.6103796657618392,0.09930694315072852,-0.6103796657618392,0.09930694315072852,0,,0,0,0.0,0.0,0.0
12.300000,enforcement,0.5.0,-0.5766489253387621,0.09930694315072852,-0.5766489253387621,0.09930694315072852,0,,0,0,0.0,0.0,0.0
12.350000,enforcement,0.5.0,-1.0,0.10011823531020059,-0.7266489253387621,0.10011823531020059,0,C-06,0,0,0.0,0.0,0.0
12.400000,enforcement,0.5.0,-0.7792871011825087,0.10011823531020059,-0.7792871011825087,0.10011823531020059,0,,0,0,0.0,0.0,0.0
12.450000,enforcement,0.5.0,-0.7354082100565945,0.10011823531020059,-0.7354082100565945,0.10011823531020059,0,,0,0,0.0,0.0,0.0
12.500000,enforcement,0.5.0,-0.7071563976972898,0.10011823531020059,-0.7071563976972898,0.10011823531020059,0,,0,0,0.0,0.0,0.0
12.550000,enforcement,0.5.0,-0.6758791321702752,0.10011823531020059,-0.6758791321702752,0.10011823531020059,0,,0,0,0.0,0.0,0.0
12.600000,enforcement,0.5.0,-0.6447765481884132,0.10011823531020059,-0.6447765481884132,0.10011823531020059,0,,0,0,0.0,0.0,0.0
12.650000,enforcement,0.5.0,-0.6134022400699087,0.10011823531020059,-0.6134022400699087,0.10011823531020059,0,,0,0,0.0,0.0,0.0
12.700000,enforcement,0.5.0,-0.5819112308298597,0.10011823531020059,-0.5819112308298597,0.10011823531020059,0,,0,0,0.0,0.0,0.0
12.750000,enforcement,0.5.0,-0.5503566468042351,0.10011823531020059,-0.5503566468042351,0.10011823531020059,0,,0,0,0.0,0.0,0.0
12.800000,enforcement,0.5.0,-0.5188054991175174,0.10011823531020059,-0.5188054991175174,0.10011823531020059,0,,0,0,0.0,0.0,0.0
12.850000,enforcement,0.5.0,-0.4873197000748351,0.10011823531020059,-0.4873197000748351,0.10011823531020059,0,,0,0,0.0,0.0,0.0
12.900000,enforcement,0.5.0,-1.0,0.09928829196594208,-0.6373197000748351,0.09928829196594208,0,C-06,0,0,0.0,0.0,0.0
12.950000,enforcement,0.5.0,-0.6955082737472909,0.09928829196594208,-0.6955082737472909,0.09928829196594208,0,,0,0,0.0,0.0,0.0
13.000000,enforcement,0.5.0,-0.6537780022605865,0.09928829196594208,-0.6537780022605865,0.09928829196594208,0,,0,0,0.0,0.0,0.0
13.050000,enforcement,0.5.0,-0.6280644917322727,0.09928829196594208,-0.6280644917322727,0.09928829196594208,0,,0,0,0.0,0.0,0.0
13.100000,enforcement,0.5.0,-0.5993808407642416,0.09928829196594208,-0.5993808407642416,0.09928829196594208,0,,0,0,0.0,0.0,0.0
13.150000,enforcement,0.5.0,-0.5709257751885094,0.09928829196594208,-0.5709257751885094,0.09928829196594208,0,,0,0,0.0,0.0,0.0
13.200000,enforcement,0.5.0,-0.5422517568458931,0.09928829196594208,-0.5422517568458931,0.09928829196594208,0,,0,0,0.0,0.0,0.0
13.250000,enforcement,0.5.0,-0.5135045075859024,0.09928829196594208,-0.5135045075859024,0.09928829196594208,0,,0,0,0.0,0.0,0.0
13.300000,enforcement,0.5.0,-0.4847307305746459,0.09928829196594208,-0.4847307305746459,0.09928829196594208,0,,0,0,0.0,0.0,0.0
13.350000,enforcement,0.5.0,-0.4559906233470337,0.09928829196594208,-0.4559906233470337,0.09928829196594208,0,,0,0,0.0,0.0,0.0
13.400000,enforcement,0.5.0,-1.0,0.09994509278456792,-0.6059906233470337,0.09994509278456792,0,C-06,0,0,0.0,0.0,0.0
13.450000,enforcement,0.5.0,-0.6633692636975463,0.09994509278456792,-0.6633692636975463,0.09994509278456792,0,,0,0,0.0,0.0,0.0
13.500000,enforcement,0.5.0,-0.6254361188686659,0.09994509278456792,-0.6254361188686659,0.09994509278456792,0,,0,0,0.0,0.0,0.0
13.550000,enforcement,0.5.0,-0.6026130934168286,0.09994509278456792,-0.6026130934168286,0.09994509278456792,0,,0,0,0.0,0.0,0.0
13.600000,enforcement,0.5.0,-0.576915339847086,0.09994509278456792,-0.576915339847086,0.09994509278456792,0,,0,0,0.0,0.0,0.0
13.650000,enforcement,0.5.0,-0.5513572637847204,0.09994509278456792,-0.5513572637847204,0.09994509278456792,0,,0,0,0.0,0.0,0.0
13.700000,enforcement,0.5.0,-0.5255195875570708,0.09994509278456792,-0.5255195875570708,0.09994509278456792,0,,0,0,0.0,0.0,0.0
13.750000,enforcement,0.5.0,-0.4995394774083111,0.09994509278456792,-0.4995394774083111,0.09994509278456792,0,,0,0,0.0,0.0,0.0
13.800000,enforcement,0.5.0,-0.4734617187237238,0.09994509278456792,-0.4734617187237238,0.09994509278456792,0,,0,0,0.0,0.0,0.0
13.850000,enforcement,0.5.0,-0.4473437734927506,0.09994509278456792,-0.4473437734927506,0.09994509278456792,0,,0,0,0.0,0.0,0.0
13.900000,enforcement,0.5.0,-0.42123879236431316,0.09994509278456792,-0.42123879236431316,0.09994509278456792,0,,0,0,0.0,0.0,0.0
13.950000,enforcement,0.5.0,-1.0,0.0993170845995216,-0.5712387923643132,0.0993170845995216,0,C-06,0,0,0.0,0.0,0.0
14.000000,enforcement,0.5.0,-0.6376743448410584,0.0993170845995216,-0.6376743448410584,0.0993170845995216,0,,0,0,0.0,0.0,0.0
14.050000,enforcement,0.5.0,-0.601088469428,0.0993170845995216,-0.601088469428,0.0993170845995216,0,,0,0,0.0,0.0,0.0
14.100000,enforcement,0.5.0,-0.5807502213878983,0.0993170845995216,-0.5807502213878983,0.0993170845995216,0,,0,0,0.0,0.0,0.0
14.150000,enforcement,0.5.0,-0.557316800553885,0.0993170845995216,-0.557316800553885,0.0993170845995216,0,,0,0,0.0,0.0,0.0
14.200000,enforcement,0.5.0,-0.5340080173740089,0.0993170845995216,-0.5340080173740089,0.0993170845995216,0,,0,0,0.0,0.0,0.0
14.250000,enforcement,0.5.0,-0.5103696323333416,0.0993170845995216,-0.5103696323333416,0.0993170845995216,0,,0,0,0.0,0.0,0.0
14.300000,enforcement,0.5.0,-0.48654109581604543,0.0993170845995216,-0.48654109581604543,0.0993170845995216,0,,0,0,0.0,0.0,0.0
14.350000,enforcement,0.5.0,-0.46256398174809077,0.0993170845995216,-0.46256398174809077,0.0993170845995216,0,,0,0,0.0,0.0,0.0
14.400000,enforcement,0.5.0,-0.4384936251597986,0.0993170845995216,-0.4384936251597986,0.0993170845995216,0,,0,0,0.0,0.0,0.0
14.450000,enforcement,0.5.0,-0.41438110998579225,0.0993170845995216,-0.41438110998579225,0.0993170845995216,0,,0,0,0.0,0.0,0.0
14.500000,enforcement,0.5.0,-1.0,0.10041135431015807,-0.5643811099857923,0.10041135431015807,0,C-06,0,0,0.0,0.0,0.0
14.550000,enforcement,0.5.0,-0.6446068757364136,0.10041135431015807,-0.6446068757364136,0.10041135431015807,0,,0,0,0.0,0.0,0.0
14.600000,enforcement,0.5.0,-0.6076953340292558,0.10041135431015807,-0.6076953340292558,0.10041135431015807,0,,0,0,0.0,0.0,0.0
14.650000,enforcement,0.5.0,-0.5892467015436913,0.10041135431015807,-0.5892467015436913,0.10041135431015807,0,,0,0,0.0,0.0,0.0
14.700000,enforcement,0.5.0,-0.5672537597906713,0.10041135431015807,-0.5672537597906713,0.10041135431015807,0,,0,0,0.0,0.0,0.0
14.750000,enforcement,0.5.0,-0.5453735410240628,0.10041135431015807,-0.5453735410240628,0.10041135431015807,0,,0,0,0.0,0.0,0.0
14.800000,enforcement,0.5.0,-0.5230800485801737,0.10041135431015807,-0.5230800485801737,0.10041135431015807,0,,0,0,0.0,0.0,0.0
14.850000,enforcement,0.5.0,-0.500524464372401,0.10041135431015807,-0.500524464372401,0.10041135431015807,0,,0,0,0.0,0.0,0.0
14.900000,enforcement,0.5.0,-0.477746634390409,0.10041135431015807,-0.477746634390409,0.10041135431015807,0,,0,0,0.0,0.0,0.0
14.950000,enforcement,0.5.0,-0.45480252670923654,0.10041135431015807,-0.45480252670923654,0.10041135431015807,0,,0,0,0.0,0.0,0.0
15.000000,enforcement,0.5.0,-1.0,0.09935113957876335,-0.6048025267092365,0.09935113957876335,0,C-06,0,0,0.0,0.0,0.0
15.050000,enforcement,0.5.0,-0.6744696364974018,0.09935113957876335,-0.6744696364974018,0.09935113957876335,0,,0,0,0.0,0.0,0.0
15.100000,enforcement,0.5.0,-0.6403869504618875,0.09935113957876335,-0.6403869504618875,0.09935113957876335,0,,0,0,0.0,0.0,0.0
15.150000,enforcement,0.5.0,-0.622562842691248,0.09935113957876335,-0.622562842691248,0.09935113957876335,0,,0,0,0.0,0.0,0.0
15.200000,enforcement,0.5.0,-0.6014232193432538,0.09935113957876335,-0.6014232193432538,0.09935113957876335,0,,0,0,0.0,0.0,0.0
15.250000,enforcement,0.5.0,-0.5802474669274627,0.09935113957876335,-0.5802474669274627,0.09935113957876335,0,,0,0,0.0,0.0,0.0
15.300000,enforcement,0.5.0,-0.5585706812577731,0.09935113957876335,-0.5585706812577731,0.09935113957876335,0,,0,0,0.0,0.0,0.0
15.350000,enforcement,0.5.0,-0.5365372367065946,0.09935113957876335,-0.5365372367065946,0.09935113957876335,0,,0,0,0.0,0.0,0.0
15.400000,enforcement,0.5.0,-0.5141907708091658,0.09935113957876335,-0.5141907708091658,0.09935113957876335,0,,0,0,0.0,0.0,0.0
15.450000,enforcement,0.5.0,-0.4915895225617398,0.09935113957876335,-0.4915895225617398,0.09935113957876335,0,,0,0,0.0,0.0,0.0
15.500000,enforcement,0.5.0,-0.4687875787728879,0.09935113957876335,-0.4687875787728879,0.09935113957876335,0,,0,0,0.0,0.0,0.0
15.550000,enforcement,0.5.0,-1.0,0.099742106470053,-0.6187875787728879,0.099742106470053,0,C-06,0,0,0.0,0.0,0.0
15.600000,enforcement,0.5.0,-0.6991009207888428,0.099742106470053,-0.6991009207888428,0.099742106470053,0,,0,0,0.0,0.0,0.0
15.650000,enforcement,0.5.0,-0.6630337644640146,0.099742106470053,-0.6630337644640146,0.099742106470053,0,,0,0,0.0,0.0,0.0
15.700000,enforcement,0.5.0,-0.6453106083314113,0.099742106470053,-0.6453106083314113,0.099742106470053,0,,0,0,0.0,0.0,0.0
15.750000,enforcement,0.5.0,-0.6238722603513213,0.099742106470053,-0.6238722603513213,0.099742106470053,0,,0,0,0.0,0.0,0.0
15.800000,enforcement,0.5.0,-0.602422247510223,0.099742106470053,-0.602422247510223,0.099742106470053,0,,0,0,0.0,0.0,0.0
15.850000,enforcement,0.5.0,-0.5804264384820149,0.099742106470053,-0.5804264384820149,0.099742106470053,0,,0,0,0.0,0.0,0.0
15.900000,enforcement,0.5.0,-0.5580430585437298,0.099742106470053,-0.5580430585437298,0.099742106470053,0,,0,0,0.0,0.0,0.0
15.950000,enforcement,0.5.0,-0.5353156673726771,0.099742106470053,-0.5353156673726771,0.099742106470053,0,,0,0,0.0,0.0,0.0
16.000000,enforcement,0.5.0,-0.512304730244801,0.099742106470053,-0.512304730244801,0.099742106470053,0,,0,0,0.0,0.0,0.0
16.050000,enforcement,0.5.0,-1.0,0.09937673963692584,-0.6623047302448011,0.09937673963692584,0,C-06,0,0,0.0,0.0,0.0
16.100000,enforcement,0.5.0,-0.7316186742289088,0.09937673963692584,-0.7316186742289088,0.09937673963692584,0,,0,0,0.0,0.0,0.0
16.150000,enforcement,0.5.0,-0.6970324569991801,0.09937673963692584,-0.6970324569991801,0.09937673963692584,0,,0,0,0.0,0.0,0.0
16.200000,enforcement,0.5.0,-0.6787813836706272,0.09937673963692584,-0.6787813836706272,0.09937673963692584,0,,0,0,0.0,0.0,0.0
16.250000,enforcement,0.5.0,-0.657060568482575,0.09937673963692584,-0.657060568482575,0.09937673963692584,0,,0,0,0.0,0.0,0.0
16.300000,enforcement,0.5.0,-0.6352256758155028,0.09937673963692584,-0.6352256758155028,0.09937673963692584,0,,0,0,0.0,0.0,0.0
16.350000,enforcement,0.5.0,-0.6127997016847727,0.09937673963692584,-0.6127997016847727,0.09937673963692584,0,,0,0,0.0,0.0,0.0
16.400000,enforcement,0.5.0,-0.5899353309979644,0.09937673963692584,-0.5899353309979644,0.09937673963692584,0,,0,0,0.0,0.0,0.0
16.450000,enforcement,0.5.0,-0.56668022445865,0.09937673963692584,-0.56668022445865,0.09937673963692584,0,,0,0,0.0,0.0,0.0
16.500000,enforcement,0.5.0,-0.543097449196323,0.09937673963692584,-0.543097449196323,0.09937673963692584,0,,0,0,0.0,0.0,0.0
16.550000,enforcement,0.5.0,-0.5192457178361662,0.09937673963692584,-0.5192457178361662,0.09937673963692584,0,,0,0,0.0,0.0,0.0
16.600000,enforcement,0.5.0,-1.0,0.10038934338022704,-0.6692457178361663,0.10038934338022704,0,C-06,0,0,0.0,0.0,0.0
16.650000,enforcement,0.5.0,-0.7455364250649072,0.10038934338022704,-0.7455364250649072,0.10038934338022704,0,,0,0,0.0,0.0,0.0
16.700000,enforcement,0.5.0,-0.7086107764438827,0.10038934338022704,-0.7086107764438827,0.10038934338022704,0,,0,0,0.0,0.0,0.0
16.750000,enforcement,0.5.0,-0.6896123872914285,0.10038934338022704,-0.6896123872914285,0.10038934338022704,0,,0,0,0.0,0.0,0.0
16.800000,enforcement,0.5.0,-0.666888492187008,0.10038934338022704,-0.666888492187008,0.10038934338022704,0,,0,0,0.0,0.0,0.0
16.850000,enforcement,0.5.0,-0.6441108160213671,0.10038934338022704,-0.6441108160213671,0.10038934338022704,0,,0,0,0.0,0.0,0.0
16.900000,enforcement,0.5.0,-0.6207507073766215,0.10038934338022704,-0.6207507073766215,0.10038934338022704,0,,0,0,0.0,0.0,0.0
16.950000,enforcement,0.5.0,-0.5969710276234284,0.10038934338022704,-0.5969710276234284,0.10038934338022704,0,,0,0,0.0,0.0,0.0
17.000000,enforcement,0.5.0,-0.5728191545966714,0.10038934338022704,-0.5728191545966714,0.10038934338022704,0,,0,0,0.0,0.0,0.0
17.050000,enforcement,0.5.0,-0.5483595032598902,0.10038934338022704,-0.5483595032598902,0.10038934338022704,0,,0,0,0.0,0.0,0.0
17.100000,enforcement,0.5.0,-1.0,0.09928548058716635,-0.6983595032598903,0.09928548058716635,0,C-06,0,0,0.0,0.0,0.0
17.150000,enforcement,0.5.0,-0.7597102106953443,0.09928548058716635,-0.7597102106953443,0.09928548058716635,0,,0,0,0.0,0.0,0.0
17.200000,enforcement,0.5.0,-0.7246525725224031,0.09928548058716635,-0.7246525725224031,0.09928548058716635,0,,0,0,0.0,0.0,0.0
17.250000,enforcement,0.5.0,-0.7047817421578035,0.09928548058716635,-0.7047817421578035,0.09928548058716635,0,,0,0,0.0,0.0,0.0
17.300000,enforcement,0.5.0,-0.6816171396362332,0.09928548058716635,-0.6816171396362332,0.09928548058716635,0,,0,0,0.0,0.0,0.0
17.350000,enforcement,0.5.0,-0.658314973485713,0.09928548058716635,-0.658314973485713,0.09928548058716635,0,,0,0,0.0,0.0,0.0
17.400000,enforcement,0.5.0,-0.6344319992739822,0.09928548058716635,-0.6344319992739822,0.09928548058716635,0,,0,0,0.0,0.0,0.0
17.450000,enforcement,0.5.0,-0.6101189392011731,0.09928548058716635,-0.6101189392011731,0.09928548058716635,0,,0,0,0.0,0.0,0.0
17.500000,enforcement,0.5.0,-0.5854267609310475,0.09928548058716635,-0.5854267609310475,0.09928548058716635,0,,0,0,0.0,0.0,0.0
17.550000,enforcement,0.5.0,-0.5604208801011392,0.09928548058716635,-0.5604208801011392,0.09928548058716635,0,,0,0,0.0,0.0,0.0
17.600000,enforcement,0.5.0,-0.5351623458935746,0.09928548058716635,-0.5351623458935746,0.09928548058716635,0,,0,0,0.0,0.0,0.0
17.650000,enforcement,0.5.0,-1.0,0.13988204724790626,-0.6851623458935746,0.13988204724790626,0,C-06,0,0,0.0,0.0,0.0
17.700000,enforcement,0.5.0,-0.7550734866926692,0.13988204724790626,-0.7550734866926692,0.13988204724790626,0,,0,0,0.0,0.0,0.0
17.750000,enforcement,0.5.0,-0.717701491655727,0.13988204724790626,-0.717701491655727,0.13988204724790626,0,,0,0,0.0,0.0,0.0
17.800000,enforcement,0.5.0,-0.6973464019922667,0.13988204724790626,-0.6973464019922667,0.13988204724790626,0,,0,0,0.0,0.0,0.0
17.850000,enforcement,0.5.0,-0.6734447767800575,0.13988204724790626,-0.6734447767800575,0.13988204724790626,0,,0,0,0.0,0.0,0.0
17.900000,enforcement,0.5.0,-0.6494953503739993,0.13988204724790626,-0.6494953503739993,0.13988204724790626,0,,0,0,0.0,0.0,0.0
17.950000,enforcement,0.5.0,-0.6249986557748582,0.13988204724790626,-0.6249986557748582,0.13988204724790626,0,,0,0,0.0,0.0,0.0
18.000000,enforcement,0.5.0,-0.6001142108620243,0.13988204724790626,-0.6001142108620243,0.13988204724790626,0,,0,0,0.0,0.0,0.0
18.050000,enforcement,0.5.0,-0.5748911213472871,0.13988204724790626,-0.5748911213472871,0.13988204724790626,0,,0,0,0.0,0.0,0.0
18.100000,enforcement,0.5.0,-0.549394580568318,0.13988204724790626,-0.549394580568318,0.13988204724790626,0,,0,0,0.0,0.0,0.0
18.150000,enforcement,0.5.0,-0.5236850745266778,0.13988204724790626,-0.5236850745266778,0.13988204724790626,0,,0,0,0.0,0.0,0.0
18.200000,enforcement,0.5.0,-1.0,0.2208622196636293,-0.6736850745266778,0.2208622196636293,0,C-06,0,0,0.0,0.0,0.0
18.250000,enforcement,0.5.0,-0.7463955947680212,0.2208622196636293,-0.7463955947680212,0.2208622196636293,0,,0,0,0.0,0.0,0.0
18.300000,enforcement,0.5.0,-0.7079493338460691,0.2208622196636293,-0.7079493338460691,0.2208622196636293,0,,0,0,0.0,0.0,0.0
18.350000,enforcement,0.5.0,-0.6871753914323798,0.2208622196636293,-0.6871753914323798,0.2208622196636293,0,,0,0,0.0,0.0,0.0
18.400000,enforcement,0.5.0,-0.6627964544553747,0.2208622196636293,-0.6627964544553747,0.2208622196636293,0,,0,0,0.0,0.0,0.0
18.450000,enforcement,0.5.0,-0.6384231193725738,0.2208622196636293,-0.6384231193725738,0.2208622196636293,0,,0,0,0.0,0.0,0.0
18.500000,enforcement,0.5.0,-0.6135378214346282,0.2208622196636293,-0.6135378214346282,0.2208622196636293,0,,0,0,0.0,0.0,0.0
18.550000,enforcement,0.5.0,-0.5883021598227808,0.2208622196636293,-0.5883021598227808,0.2208622196636293,0,,0,0,0.0,0.0,0.0
18.600000,enforcement,0.5.0,-0.5627641406887351,0.2208622196636293,-0.5627641406887351,0.2208622196636293,0,,0,0,0.0,0.0,0.0
18.650000,enforcement,0.5.0,-0.5369882890628443,0.2208622196636293,-0.5369882890628443,0.2208622196636293,0,,0,0,0.0,0.0,0.0
18.700000,enforcement,0.5.0,-1.0,0.3015936509369963,-0.6869882890628444,0.3015936509369963,0,C-06,0,0,0.0,0.0,0.0
18.750000,enforcement,0.5.0,-0.7508608623143863,0.3015936509369963,-0.7508608623143863,0.3015936509369963,0,,0,0,0.0,0.0,0.0
18.800000,enforcement,0.5.0,-0.7140866726457984,0.3015936509369963,-0.7140866726457984,0.3015936509369963,0,,0,0,0.0,0.0,0.0
18.850000,enforcement,0.5.0,-0.69324576736287,0.3015936509369963,-0.69324576736287,0.3015936509369963,0,,0,0,0.0,0.0,0.0
18.900000,enforcement,0.5.0,-0.6690639659704596,0.3015936509369963,-0.6690639659704596,0.3015936509369963,0,,0,0,0.0,0.0,0.0
18.950000,enforcement,0.5.0,-0.64482325909451,0.3015936509369963,-0.64482325909451,0.3015936509369963,0,,0,0,0.0,0.0,0.0
19.000000,enforcement,0.5.0,-0.6200602126942327,0.3015936509369963,-0.6200602126942327,0.3015936509369963,0,,0,0,0.0,0.0,0.0
19.050000,enforcement,0.5.0,-0.5949281148871596,0.3015936509369963,-0.5949281148871596,0.3015936509369963,0,,0,0,0.0,0.0,0.0
19.100000,enforcement,0.5.0,-0.5694768344131202,0.3015936509369963,-0.5694768344131202,0.3015936509369963,0,,0,0,0.0,0.0,0.0
19.150000,enforcement,0.5.0,-0.54377113172564,0.3015936509369963,-0.54377113172564,0.3015936509369963,0,,0,0,0.0,0.0,0.0
19.200000,enforcement,0.5.0,-0.5178712238026422,0.3015936509369963,-0.5178712238026422,0.3015936509369963,0,,0,0,0.0,0.0,0.0
19.250000,enforcement,0.5.0,-1.0,0.3808988929118887,-0.6678712238026422,0.3808988929118887,0,C-06,0,0,0.0,0.0,0.0
19.300000,enforcement,0.5.0,-0.7343788021150599,0.3808988929118887,-0.7343788021150599,0.3808988929118887,0,,0,0,0.0,0.0,0.0
19.350000,enforcement,0.5.0,-0.6969605594508111,0.3808988929118887,-0.6969605594508111,0.3808988929118887,0,,0,0,0.0,0.0,0.0
19.400000,enforcement,0.5.0,-0.6760133189157064,0.3808988929118887,-0.6760133189157064,0.3808988929118887,0,,0,0,0.0,0.0,0.0
19.450000,enforcement,0.5.0,-0.6516927116930341,0.3808988929118887,-0.6516927116930341,0.3808988929118887,0,,0,0,0.0,0.0,0.0
19.500000,enforcement,0.5.0,-0.6273635471757225,0.3808988929118887,-0.6273635471757225,0.3808988929118887,0,,0,0,0.0,0.0,0.0
19.550000,enforcement,0.5.0,-0.6025488637082603,0.3808988929118887,-0.6025488637082603,0.3808988929118887,0,,0,0,0.0,0.0,0.0
19.600000,enforcement,0.5.0,-0.577402357674783,0.3808988929118887,-0.577402357674783,0.3808988929118887,0,,0,0,0.0,0.0,0.0
19.650000,enforcement,0.5.0,-0.5519722972725681,0.3808988929118887,-0.5519722972725681,0.3808988929118887,0,,0,0,0.0,0.0,0.0
19.700000,enforcement,0.5.0,-0.5263221022425619,0.3808988929118887,-0.5263221022425619,0.3808988929118887,0,,0,0,0.0,0.0,0.0
19.750000,enforcement,0.5.0,-0.5005105993799883,0.3808988929118887,-0.5005105993799883,0.3808988929118887,0,,0,0,0.0,0.0,0.0
19.800000,enforcement,0.5.0,-1.0,0.460683337089253,-0.6505105993799883,0.460683337089253,0,C-06,0,0,0.0,0.0,0.0
19.850000,enforcement,0.5.0,-0.7275418836296752,0.460683337089253,-0.7275418836296752,0.460683337089253,0,,0,0,0.0,0.0,0.0
19.900000,enforcement,0.5.0,-0.6884680093624872,0.460683337089253,-0.6884680093624872,0.460683337089253,0,,0,0,0.0,0.0,0.0
19.950000,enforcement,0.5.0,-0.6678588511984469,0.460683337089253,-0.6678588511984469,0.460683337089253,0,,0,0,0.0,0.0,0.0
20.000000,enforcement,0.5.0,-0.6435673783455002,0.460683337089253,-0.6435673783455002,0.460683337089253,0,,0,0,0.0,0.0,0.0
20.050000,enforcement,0.5.0,-0.6193335348932972,0.460683337089253,-0.6193335348932972,0.460683337089253,0,,0,0,0.0,0.0,0.0
20.100000,enforcement,0.5.0,-0.5946186348691425,0.460683337089253,-0.5946186348691425,0.460683337089253,0,,0,0,0.0,0.0,0.0
20.150000,enforcement,0.5.0,-0.5695855641211317,0.460683337089253,-0.5695855641211317,0.460683337089253,0,,0,0,0.0,0.0,0.0
20.200000,enforcement,0.5.0,-0.5442803128719702,0.460683337089253,-0.5442803128719702,0.460683337089253,0,,0,0,0.0,0.0,0.0
20.250000,enforcement,0.5.0,-0.5187658771644355,0.460683337089253,-0.5187658771644355,0.460683337089253,0,,0,0,0.0,0.0,0.0
20.300000,enforcement,0.5.0,-1.0,0.5,-0.6687658771644355,0.5,0,C-06,0,0,0.0,0.0,0.0
20.350000,enforcement,0.5.0,-0.5845155118457372,0.5,-0.5845155118457372,0.5,0,,0,0,0.0,0.0,0.0
20.400000,enforcement,0.5.0,-0.5702726077952387,0.5,-0.5702726077952387,0.5,0,,0,0,0.0,0.0,0.0
20.450000,enforcement,0.5.0,-0.5442525665303917,0.5,-0.5442525665303917,0.5,0,,0,0,0.0,0.0,0.0
20.500000,enforcement,0.5.0,-0.5198492831936271,0.5,-0.5198492831936271,0.5,0,,0,0,0.0,0.0,0.0
20.550000,enforcement,0.5.0,-0.4949623253141397,0.5,-0.4949623253141397,0.5,0,,0,0,0.0,0.0,0.0
20.600000,enforcement,0.5.0,-0.46999627665976995,0.5,-0.46999627665976995,0.5,0,,0,0,0.0,0.0,0.0
20.650000,enforcement,0.5.0,-0.44494955746350423,0.5,-0.44494955746350423,0.5,0,,0,0,0.0,0.0,0.0
20.700000,enforcement,0.5.0,-0.4198837264270381,0.5,-0.4198837264270381,0.5,0,,0,0,0.0,0.0,0.0
20.750000,enforcement,0.5.0,-0.39484804587906724,0.5,-0.39484804587906724,0.5,0,,0,0,0.0,0.0,0.0
20.800000,enforcement,0.5.0,-0.3698915374525159,0.5,-0.3698915374525159,0.5,0,,0,0,0.0,0.0,0.0
20.850000,enforcement,0.5.0,-0.34506103755973344,0.5,-0.34506103755973344,0.5,0,,0,0,0.0,0.0,0.0
20.900000,enforcement,0.5.0,-0.3204014923984638,0.5,-0.3204014923984638,0.5,0,,0,0,0.0,0.0,0.0
20.950000,enforcement,0.5.0,-0.29595590126596816,0.5,-0.29595590126596816,0.5,0,,0,0,0.0,0.0,0.0
21.000000,enforcement,0.5.0,-0.2717653199266241,0.5,-0.2717653199266241,0.5,0,,0,0,0.0,0.0,0.0
21.050000,enforcement,0.5.0,-0.2478688583233632,0.5,-0.2478688583233632,0.5,0,,0,0,0.0,0.0,0.0
21.100000,enforcement,0.5.0,-0.22430368268483059,0.5,-0.22430368268483059,0.5,0,,0,0,0.0,0.0,0.0
21.150000,enforcement,0.5.0,-0.2011050201416686,0.5,-0.2011050201416686,0.5,0,,0,0,0.0,0.0,0.0
21.200000,enforcement,0.5.0,-0.17830616589164955,0.5,-0.17830616589164955,0.5,0,,0,0,0.0,0.0,0.0
21.250000,enforcement,0.5.0,-0.15593849269051824,0.5,-0.15593849269051824,0.5,0,,0,0,0.0,0.0,0.0
21.300000,enforcement,0.5.0,-0.13403146252363374,0.5,-0.13403146252363374,0.5,0,,0,0,0.0,0.0,0.0
21.350000,enforcement,0.5.0,-0.11261264033495778,0.5,-0.11261264033495778,0.5,0,,0,0,0.0,0.0,0.0
21.400000,enforcement,0.5.0,-0.09170770971703543,0.5,-0.09170770971703543,0.5,0,,0,0,0.0,0.0,0.0
21.450000,enforcement,0.5.0,-0.07134049048799287,0.5,-0.07134049048799287,0.5,0,,0,0,0.0,0.0,0.0
21.500000,enforcement,0.5.0,-0.05153295810106772,0.5,-0.05153295810106772,0.5,0,,0,0,0.0,0.0,0.0
21.550000,enforcement,0.5.0,-0.03230526484849472,0.5,-0.03230526484849472,0.5,0,,0,0,0.0,0.0,0.0
21.600000,enforcement,0.5.0,-0.013675762834518783,0.5,-0.013675762834518783,0.5,0,,0,0,0.0,0.0,0.0
21.650000,enforcement,0.5.0,0.004338971297418474,0.5,0.004338971297418474,0.5,0,,0,0,0.0,0.0,0.0
21.700000,enforcement,0.5.0,0.021724109891657444,0.5,0.021724109891657444,0.5,0,,0,0,0.0,0.0,0.0
21.750000,enforcement,0.5.0,0.03846654606519891,0.5,0.03846654606519891,0.5,0,,0,0,0.0,0.0,0.0
21.800000,enforcement,0.5.0,0.054554863752888094,0.5,0.054554863752888094,0.5,0,,0,0,0.0,0.0,0.0
21.850000,enforcement,0.5.0,0.0699793060160732,0.5,0.0699793060160732,0.5,0,,0,0,0.0,0.0,0.0
21.900000,enforcement,0.5.0,0.08473174162087933,0.5,0.08473174162087933,0.5,0,,0,0,0.0,0.0,0.0
21.950000,enforcement,0.5.0,0.09880562989723632,0.5,0.09880562989723632,0.5,0,,0,0,0.0,0.0,0.0
22.000000,enforcement,0.5.0,0.11219598389630264,0.5,0.11219598389630264,0.5,0,,0,0,0.0,0.0,0.0
22.050000,enforcement,0.5.0,0.12489933187189892,0.5,0.12489933187189892,0.5,0,,0,0,0.0,0.0,0.0
22.100000,enforcement,0.5.0,0.1369136771205341,0.5,0.1369136771205341,0.5,0,,0,0,0.0,0.0,0.0
22.150000,enforcement,0.5.0,0.14823845622444562,0.5,0.14823845622444562,0.5,0,,0,0,0.0,0.0,0.0
22.200000,enforcement,0.5.0,0.1588744957523418,0.5,0.1588744957523418,0.5,0,,0,0,0.0,0.0,0.0
22.250000,enforcement,0.5.0,0.16882396748305925,0.5,0.16882396748305925,0.5,0,,0,0,0.0,0.0,0.0
22.300000,enforcement,0.5.0,0.17809034222798537,0.5,0.17809034222798537,0.5,0,,0,0,0.0,0.0,0.0
22.350000,enforcement,0.5.0,0.18667834233815173,0.5,0.18667834233815173,0.5,0,,0,0,0.0,0.0,0.0
22.400000,enforcement,0.5.0,0.19459389299201235,0.5,0.19459389299201235,0.5,0,,0,0,0.0,0.0,0.0
22.450000,enforcement,0.5.0,0.20184407236876017,0.5,0.20184407236876017,0.5,0,,0,0,0.0,0.0,0.0
22.500000,enforcement,0.5.0,0.2084370608206245,0.5,0.2084370608206245,0.5,0,,0,0,0.0,0.0,0.0
22.550000,enforcement,0.5.0,0.2143820891647344,0.5,0.2143820891647344,0.5,0,,0,0,0.0,0.0,0.0
22.600000,enforcement,0.5.0,0.21968938622153264,0.5,0.21968938622153264,0.5,0,,0,0,0.0,0.0,0.0
22.650000,enforcement,0.5.0,0.2243701257319634,0.5,0.2243701257319634,0.5,0,,0,0,0.0,0.0,0.0
22.700000,enforcement,0.5.0,0.2284363727892324,0.5,0.2284363727892324,0.5,0,,0,0,0.0,0.0,0.0
22.750000,enforcement,0.5.0,0.23190102992410389,0.5,0.23190102992410389,0.5,0,,0,0,0.0,0.0,0.0
22.800000,enforcement,0.5.0,0.23477778298374624,0.5,0.23477778298374624,0.5,0,,0,0,0.0,0.0,0.0
22.850000,enforcement,0.5.0,0.23708104694455298,0.5,0.23708104694455298,0.5,0,,0,0,0.0,0.0,0.0
22.900000,enforcement,0.5.0,0.23882591179849502,0.5,0.23882591179849502,0.5,0,,0,0,0.0,0.0,0.0
22.950000,enforcement,0.5.0,0.24002808865029343,0.5,0.24002808865029343,0.5,0,,0,0,0.0,0.0,0.0
23.000000,enforcement,0.5.0,0.2407038561598421,0.5,0.2407038561598421,0.5,0,,0,0,0.0,0.0,0.0
23.050000,enforcement,0.5.0,0.24087000745999473,0.5,0.24087000745999473,0.5,0,,0,0,0.0,0.0,0.0
23.100000,enforcement,0.5.0,0.2405437976752631,0.5,0.2405437976752631,0.5,0,,0,0,0.0,0.0,0.0
23.150000,enforcement,0.5.0,0.239742892160791,0.5,0.239742892160791,0.5,0,,0,0,0.0,0.0,0.0
23.200000,enforcement,0.5.0,0.23848531557537025,0.5,0.23848531557537025,0.5,0,,0,0,0.0,0.0,0.0
23.250000,enforcement,0.5.0,0.2367894018945554,0.5,0.2367894018945554,0.5,0,,0,0,0.0,0.0,0.0
23.300000,enforcement,0.5.0,0.23467374546349115,0.5,0.23467374546349115,0.5,0,,0,0,0.0,0.0,0.0
23.350000,enforcement,0.5.0,0.23215715318076077,0.5,0.23215715318076077,0.5,0,,0,0,0.0,0.0,0.0
23.400000,enforcement,0.5.0,0.22925859789729403,0.5,0.22925859789729403,0.5,0,,0,0,0.0,0.0,0.0
23.450000,enforcement,0.5.0,0.2259971731059522,0.5,0.2259971731059522,0.5,0,,0,0,0.0,0.0,0.0
23.500000,enforcement,0.5.0,0.22239204898989184,0.5,0.22239204898989184,0.5,0,,0,0,0.0,0.0,0.0
23.550000,enforcement,0.5.0,0.21846242988945425,0.5,0.21846242988945425,0.5,0,,0,0,0.0,0.0,0.0
23.600000,enforcement,0.5.0,0.2142275132398412,0.5,0.2142275132398412,0.5,0,,0,0,0.0,0.0,0.0
23.650000,enforcement,0.5.0,0.20970645002411045,0.5,0.20970645002411045,0.5,0,,0,0,0.0,0.0,0.0
23.700000,enforcement,0.5.0,0.20491830677861,0.5,0.20491830677861,0.5,0,,0,0,0.0,0.0,0.0
23.750000,enforcement,0.5.0,0.19988202918105938,0.5,0.19988202918105938,0.5,0,,0,0,0.0,0.0,0.0
23.800000,enforcement,0.5.0,0.19461640724461113,0.5,0.19461640724461113,0.5,0,,0,0,0.0,0.0,0.0
23.850000,enforcement,0.5.0,0.1891400421348704,0.5,0.1891400421348704,0.5,0,,0,0,0.0,0.0,0.0
23.900000,enforcement,0.5.0,0.18347131462111121,0.5,0.18347131462111121,0.5,0,,0,0,0.0,0.0,0.0
23.950000,enforcement,0.5.0,0.17762835516689035,0.5,0.17762835516689035,0.5,0,,0,0,0.0,0.0,0.0
24.000000,enforcement,0.5.0,0.1716290156606816,0.5,0.1716290156606816,0.5,0,,0,0,0.0,0.0,0.0
24.050000,enforcement,0.5.0,0.16549084278180742,0.5,0.16549084278180742,0.5,0,,0,0,0.0,0.0,0.0
24.100000,enforcement,0.5.0,0.15923105299304655,0.5,0.15923105299304655,0.5,0,,0,0,0.0,0.0,0.0
24.150000,enforcement,0.5.0,0.15286650914734826,0.5,0.15286650914734826,0.5,0,,0,0,0.0,0.0,0.0
24.200000,enforcement,0.5.0,0.14641369869178664,0.5,0.14641369869178664,0.5,0,,0,0,0.0,0.0,0.0
24.250000,enforcement,0.5.0,0.13988871345013684,0.5,0.13988871345013684,0.5,0,,0,0,0.0,0.0,0.0
24.300000,enforcement,0.5.0,0.13330723096093344,0.5,0.13330723096093344,0.5,0,,0,0,0.0,0.0,0.0
24.350000,enforcement,0.5.0,0.12668449734675485,0.5,0.12668449734675485,0.5,0,,0,0,0.0,0.0,0.0
24.400000,enforcement,0.5.0,0.12003531168735265,0.5,0.12003531168735265,0.5,0,,0,0,0.0,0.0,0.0
24.450000,enforcement,0.5.0,0.11337401186794248,0.5,0.11337401186794248,0.5,0,,0,0,0.0,0.0,0.0
24.500000,enforcement,0.5.0,0.10671446187167552,0.5,0.10671446187167552,0.5,0,,0,0,0.0,0.0,0.0
24.550000,enforcement,0.5.0,0.10007004048459724,0.5,0.10007004048459724,0.5,0,,0,0,0.0,0.0,0.0
24.600000,enforcement,0.5.0,0.0934536313795454,0.5,0.0934536313795454,0.5,0,,0,0,0.0,0.0,0.0
24.650000,enforcement,0.5.0,0.08687761454470137,0.5,0.08687761454470137,0.5,0,,0,0,0.0,0.0,0.0
24.700000,enforcement,0.5.0,0.08035385902160017,0.5,0.08035385902160017,0.5,0,,0,0,0.0,0.0,0.0
24.750000,enforcement,0.5.0,0.07389371691674572,0.5,0.07389371691674572,0.5,0,,0,0,0.0,0.0,0.0
24.800000,enforcement,0.5.0,0.06750801864982814,0.5,0.06750801864982814,0.5,0,,0,0,0.0,0.0,0.0
24.850000,enforcement,0.5.0,0.061207069402216666,0.5,0.061207069402216666,0.5,0,,0,0,0.0,0.0,0.0
24.900000,enforcement,0.5.0,0.055000646727303495,0.5,0.055000646727303495,0.5,0,,0,0,0.0,0.0,0.0
24.950000,enforcement,0.5.0,0.04889799928563486,0.5,0.04889799928563486,0.5,0,,0,0,0.0,0.0,0.0
25.000000,enforcement,0.5.0,0.04290784666617589,0.5,0.04290784666617589,0.5,0,,0,0,0.0,0.0,0.0
25.050000,enforcement,0.5.0,0.03703838025544989,0.5,0.03703838025544989,0.5,0,,0,0,0.0,0.0,0.0
25.100000,enforcement,0.5.0,0.03129726511627115,0.5,0.03129726511627115,0.5,0,,0,0,0.0,0.0,0.0
25.150000,enforcement,0.5.0,0.025691642836665876,0.5,0.025691642836665876,0.5,0,,0,0,0.0,0.0,0.0
25.200000,enforcement,0.5.0,0.020228135310916676,0.5,0.020228135310916676,0.5,0,,0,0,0.0,0.0,0.0
25.250000,enforcement,0.5.0,0.01491284941310728,0.5,0.01491284941310728,0.5,0,,0,0,0.0,0.0,0.0
25.300000,enforcement,0.5.0,0.009751382524487323,0.4608320350651613,0.009751382524487323,0.4608320350651613,0,,0,0,0.0,0.0,0.0
25.350000,enforcement,0.5.0,0.00474882887542854,0.4608320350651613,0.00474882887542854,0.4608320350651613,0,,0,0,0.0,0.0,0.0
25.400000,enforcement,0.5.0,-9.021333720933902e-05,0.4608320350651613,-9.021333720933902e-05,0.4608320350651613,0,,0,0,0.0,0.0,0.0
25.450000,enforcement,0.5.0,-0.004761634096340089,0.4608320350651613,-0.004761634096340089,0.4608320350651613,0,,0,0,0.0,0.0,0.0
25.500000,enforcement,0.5.0,-0.009261803013835373,0.4608320350651613,-0.009261803013835373,0.4608320350651613,0,,0,0,0.0,0.0,0.0
25.550000,enforcement,0.5.0,-0.013587560121624431,0.4608320350651613,-0.013587560121624431,0.4608320350651613,0,,0,0,0.0,0.0,0.0
25.600000,enforcement,0.5.0,-0.017736206043767144,0.4608320350651613,-0.017736206043767144,0.4608320350651613,0,,0,0,0.0,0.0,0.0
25.650000,enforcement,0.5.0,-0.021705491588639454,0.4608320350651613,-0.021705491588639454,0.4608320350651613,0,,0,0,0.0,0.0,0.0
25.700000,enforcement,0.5.0,-0.025493606799668313,0.4608320350651613,-0.025493606799668313,0.4608320350651613,0,,0,0,0.0,0.0,0.0
25.750000,enforcement,0.5.0,-0.02909916950365255,0.4608320350651613,-0.02909916950365255,0.4608320350651613,0,,0,0,0.0,0.0,0.0
25.800000,enforcement,0.5.0,-0.03252121339494803,0.3813538412311367,-0.03252121339494803,0.3813538412311367,0,,0,0,0.0,0.0,0.0
25.850000,enforcement,0.5.0,-0.03575917569358912,0.3813538412311367,-0.03575917569358912,0.3813538412311367,0,,0,0,0.0,0.0,0.0
25.900000,enforcement,0.5.0,-0.03881288441542327,0.3813538412311367,-0.03881288441542327,0.3813538412311367,0,,0,0,0.0,0.0,0.0
25.950000,enforcement,0.5.0,-0.04168254529165666,0.3813538412311367,-0.04168254529165666,0.3813538412311367,0,,0,0,0.0,0.0,0.0
26.000000,enforcement,0.5.0,-0.04436872837501631,0.3813538412311367,-0.04436872837501631,0.3813538412311367,0,,0,0,0.0,0.0,0.0
26.050000,enforcement,0.5.0,-0.04687235436904137,0.3813538412311367,-0.04687235436904137,0.3813538412311367,0,,0,0,0.0,0.0,0.0
26.100000,enforcement,0.5.0,-0.04919468071688651,0.3813538412311367,-0.04919468071688651,0.3813538412311367,0,,0,0,0.0,0.0,0.0
26.150000,enforcement,0.5.0,-0.05133728748491442,0.3813538412311367,-0.05133728748491442,0.3813538412311367,0,,0,0,0.0,0.0,0.0
26.200000,enforcement,0.5.0,-0.05330206307626346,0.3813538412311367,-0.05330206307626346,0.3813538412311367,0,,0,0,0.0,0.0,0.0
26.250000,enforcement,0.5.0,-0.05509118980869782,0.3813538412311367,-0.05509118980869782,0.3813538412311367,0,,0,0,0.0,0.0,0.0
26.300000,enforcement,0.5.0,-0.056707129389837546,0.3023552954262595,-0.056707129389837546,0.3023552954262595,0,,0,0,0.0,0.0,0.0
26.350000,enforcement,0.5.0,-0.058152608323093644,0.3023552954262595,-0.058152608323093644,0.3023552954262595,0,,0,0,0.0,0.0,0.0
26.400000,enforcement,0.5.0,-0.059430603275803615,0.3023552954262595,-0.059430603275803615,0.3023552954262595,0,,0,0,0.0,0.0,0.0
26.450000,enforcement,0.5.0,-0.06054432644066248,0.3023552954262595,-0.06054432644066248,0.3023552954262595,0,,0,0,0.0,0.0,0.0
26.500000,enforcement,0.5.0,-0.06149721092049611,0.3023552954262595,-0.06149721092049611,0.3023552954262595,0,,0,0,0.0,0.0,0.0
26.550000,enforcement,0.5.0,-0.062292896165549824,0.3023552954262595,-0.062292896165549824,0.3023552954262595,0,,0,0,0.0,0.0,0.0
26.600000,enforcement,0.5.0,-0.062935213491228,0.3023552954262595,-0.062935213491228,0.3023552954262595,0,,0,0,0.0,0.0,0.0
26.650000,enforcement,0.5.0,-0.06342817170323817,0.3023552954262595,-0.06342817170323817,0.3023552954262595,0,,0,0,0.0,0.0,0.0
26.700000,enforcement,0.5.0,-0.06377594285605986,0.3023552954262595,-0.06377594285605986,0.3023552954262595,0,,0,0,0.0,0.0,0.0
26.750000,enforcement,0.5.0,-0.06398284816973632,0.3023552954262595,-0.06398284816973632,0.3023552954262595,0,,0,0,0.0,0.0,0.0
26.800000,enforcement,0.5.0,-0.06405334412804006,0.22192380392102795,-0.06405334412804006,0.22192380392102795,0,,0,0,0.0,0.0,0.0
26.850000,enforcement,0.5.0,-0.06399200878105736,0.22192380392102795,-0.06399200878105736,0.22192380392102795,0,,0,0,0.0,0.0,0.0
26.900000,enforcement,0.5.0,-0.06380352827298927,0.22192380392102795,-0.06380352827298927,0.22192380392102795,0,,0,0,0.0,0.0,0.0
26.950000,enforcement,0.5.0,-0.06349268361553799,0.22192380392102795,-0.06349268361553799,0.22192380392102795,0,,0,0,0.0,0.0,0.0
27.000000,enforcement,0.5.0,-0.06306433772533276,0.22192380392102795,-0.06306433772533276,0.22192380392102795,0,,0,0,0.0,0.0,0.0
27.050000,enforcement,0.5.0,-0.06252342274348419,0.22192380392102795,-0.06252342274348419,0.22192380392102795,0,,0,0,0.0,0.0,0.0
27.100000,enforcement,0.5.0,-0.06187492765317776,0.22192380392102795,-0.06187492765317776,0.22192380392102795,0,,0,0,0.0,0.0,0.0
27.150000,enforcement,0.5.0,-0.061123886210912415,0.22192380392102795,-0.061123886210912415,0.22192380392102795,0,,0,0,0.0,0.0,0.0
27.200000,enforcement,0.5.0,-0.06027536520507535,0.22192380392102795,-0.06027536520507535,0.22192380392102795,0,,0,0,0.0,0.0,0.0
27.250000,enforcement,0.5.0,-0.059334453054731194,0.22192380392102795,-0.059334453054731194,0.22192380392102795,0,,0,0,0.0,0.0,0.0
27.300000,enforcement,0.5.0,-0.058306248760364256,0.14125217611212393,-0.058306248760364256,0.14125217611212393,0,,0,0,0.0,0.0,0.0
27.350000,enforcement,0.5.0,-0.05719585121672917,0.14125217611212393,-0.05719585121672917,0.14125217611212393,0,,0,0,0.0,0.0,0.0
27.400000,enforcement,0.5.0,-0.05600834889739213,0.14125217611212393,-0.05600834889739213,0.14125217611212393,0,,0,0,0.0,0.0,0.0
27.450000,enforcement,0.5.0,-0.0547488099189337,0.14125217611212393,-0.0547488099189337,0.14125217611212393,0,,0,0,0.0,0.0,0.0
27.500000,enforcement,0.5.0,-0.053422272492006144,0.14125217611212393,-0.053422272492006144,0.14125217611212393,0,,0,0,0.0,0.0,0.0
27.550000,enforcement,0.5.0,-0.05203373576517168,0.14125217611212393,-0.05203373576517168,0.14125217611212393,0,,0,0,0.0,0.0,0.0
27.600000,enforcement,0.5.0,-0.050588151066479625,0.14125217611212393,-0.050588151066479625,0.14125217611212393,0,,0,0,0.0,0.0,0.0
27.650000,enforcement,0.5.0,-0.04909041354677469,0.14125217611212393,-0.04909041354677469,0.14125217611212393,0,,0,0,0.0,0.0,0.0
27.700000,enforcement,0.5.0,-0.04754535422767161,0.14125217611212393,-0.04754535422767161,0.14125217611212393,0,,0,0,0.0,0.0,0.0
27.750000,enforcement,0.5.0,-0.045957732456076726,0.14125217611212393,-0.045957732456076726,0.14125217611212393,0,,0,0,0.0,0.0,0.0
27.800000,enforcement,0.5.0,-0.6734445878204419,0.09931708459952227,-0.19595773245607673,0.09931708459952227,0,C-06,0,0,0.0,0.0,0.0
27.850000,enforcement,0.5.0,-0.15992869208913252,0.09931708459952227,-0.15992869208913252,0.09931708459952227,0,,0,0,0.0,0.0,0.0
27.900000,enforcement,0.5.0,-0.16595525754955956,0.09931708459952227,-0.16595525754955956,0.09931708459952227,0,,0,0,0.0,0.0,0.0
27.950000,enforcement,0.5.0,-0.16503360745227938,0.09931708459952227,-0.16503360745227938,0.09931708459952227,0,,0,0,0.0,0.0,0.0
28.000000,enforcement,0.5.0,-0.16480712178440876,0.09931708459952227,-0.16480712178440876,0.09931708459952227,0,,0,0,0.0,0.0,0.0
28.050000,enforcement,0.5.0,-0.16410041371421305,0.09931708459952227,-0.16410041371421305,0.09931708459952227,0,,0,0,0.0,0.0,0.0
28.100000,enforcement,0.5.0,-0.16311078157114337,0.09931708459952227,-0.16311078157114337,0.09931708459952227,0,,0,0,0.0,0.0,0.0
28.150000,enforcement,0.5.0,-0.1618221167806578,0.09931708459952227,-0.1618221167806578,0.09931708459952227,0,,0,0,0.0,0.0,0.0
28.200000,enforcement,0.5.0,-0.16025171444445474,0.09931708459952227,-0.16025171444445474,0.09931708459952227,0,,0,0,0.0,0.0,0.0
28.250000,enforcement,0.5.0,-0.15841182539286136,0.09931708459952227,-0.15841182539286136,0.09931708459952227,0,,0,0,0.0,0.0,0.0
28.300000,enforcement,0.5.0,-1.0,0.10041135431015802,-0.3084118253928614,0.10041135431015802,0,C-06,0,0,0.0,0.0,0.0
28.350000,enforcement,0.5.0,-0.4211223933662386,0.10041135431015802,-0.4211223933662386,0.10041135431015802,0,,0,0,0.0,0.0,0.0
28.400000,enforcement,0.5.0,-0.405130913831031,0.10041135431015802,-0.405130913831031,0.10041135431015802,0,,0,0,0.0,0.0,0.0
28.450000,enforcement,0.5.0,-0.4084486402453077,0.10041135431015802,-0.4084486402453077,0.10041135431015802,0,,0,0,0.0,0.0,0.0
28.500000,enforcement,0.5.0,-0.4077236754045408,0.10041135431015802,-0.4077236754045408,0.10041135431015802,0,,0,0,0.0,0.0,0.0
28.550000,enforcement,0.5.0,-0.40669143717580225,0.10041135431015802,-0.40669143717580225,0.10041135431015802,0,,0,0,0.0,0.0,0.0
28.600000,enforcement,0.5.0,-0.4047950819952061,0.10041135431015802,-0.4047950819952061,0.10041135431015802,0,,0,0,0.0,0.0,0.0
28.650000,enforcement,0.5.0,-0.4021584873839849,0.10041135431015802,-0.4021584873839849,0.10041135431015802,0,,0,0,0.0,0.0,0.0
28.700000,enforcement,0.5.0,-0.39879827439231014,0.10041135431015802,-0.39879827439231014,0.10041135431015802,0,,0,0,0.0,0.0,0.0
28.750000,enforcement,0.5.0,-0.3947485497518058,0.10041135431015802,-0.3947485497518058,0.10041135431015802,0,,0,0,0.0,0.0,0.0
28.800000,enforcement,0.5.0,-1.0,0.09935113957876407,-0.5447485497518058,0.09935113957876407,0,C-06,0,0,0.0,0.0,0.0
28.850000,enforcement,0.5.0,-0.6445483879078052,0.09935113957876407,-0.6445483879078052,0.09935113957876407,0,,0,0,0.0,0.0,0.0
28.900000,enforcement,0.5.0,-0.6261174271499882,0.09935113957876407,-0.6261174271499882,0.09935113957876407,0,,0,0,0.0,0.0,0.0
28.950000,enforcement,0.5.0,-0.6255016440002164,0.09935113957876407,-0.6255016440002164,0.09935113957876407,0,,0,0,0.0,0.0,0.0
29.000000,enforcement,0.5.0,-0.6206292225520126,0.09935113957876407,-0.6206292225520126,0.09935113957876407,0,,0,0,0.0,0.0,0.0
29.050000,enforcement,0.5.0,-0.6151613460804919,0.09935113957876407,-0.6151613460804919,0.09935113957876407,0,,0,0,0.0,0.0,0.0
29.100000,enforcement,0.5.0,-0.608558157696064,0.09935113957876407,-0.608558157696064,0.09935113957876407,0,,0,0,0.0,0.0,0.0
29.150000,enforcement,0.5.0,-0.600965653848977,0.09935113957876407,-0.600965653848977,0.09935113957876407,0,,0,0,0.0,0.0,0.0
29.200000,enforcement,0.5.0,-0.5924185286237065,0.09935113957876407,-0.5924185286237065,0.09935113957876407,0,,0,0,0.0,0.0,0.0
29.250000,enforcement,0.5.0,-0.5829699358210508,0.09935113957876407,-0.5829699358210508,0.09935113957876407,0,,0,0,0.0,0.0,0.0
29.300000,enforcement,0.5.0,-0.5726702035651143,0.09935113957876407,-0.5726702035651143,0.09935113957876407,0,,0,0,0.0,0.0,0.0
29.350000,enforcement,0.5.0,-1.0,0.09974210647005266,-0.7226702035651144,0.09974210647005266,0,C-06,0,0,0.0,0.0,0.0
29.400000,enforcement,0.5.0,-0.8208728311639053,0.09974210647005266,-0.8208728311639053,0.09974210647005266,0,,0,0,0.0,0.0,0.0
29.450000,enforcement,0.5.0,-0.793954499462732,0.09974210647005266,-0.793954499462732,0.09974210647005266,0,,0,0,0.0,0.0,0.0
29.500000,enforcement,0.5.0,-0.7865078204923466,0.09974210647005266,-0.7865078204923466,0.09974210647005266,0,,0,0,0.0,0.0,0.0
29.550000,enforcement,0.5.0,-0.774328890098229,0.09974210647005266,-0.774328890098229,0.09974210647005266,0,,0,0,0.0,0.0,0.0
29.600000,enforcement,0.5.0,-0.7615773089604876,0.09974210647005266,-0.7615773089604876,0.09974210647005266,0,,0,0,0.0,0.0,0.0
29.650000,enforcement,0.5.0,-0.7476322545669161,0.09974210647005266,-0.7476322545669161,0.09974210647005266,0,,0,0,0.0,0.0,0.0
29.700000,enforcement,0.5.0,-0.7326762435976495,0.09974210647005266,-0.7326762435976495,0.09974210647005266,0,,0,0,0.0,0.0,0.0
29.750000,enforcement,0.5.0,-0.7167568874086276,0.09974210647005266,-0.7167568874086276,0.09974210647005266,0,,0,0,0.0,0.0,0.0
29.800000,enforcement,0.5.0,-0.6999439615861243,0.09974210647005266,-0.6999439615861243,0.09974210647005266,0,,0,0,0.0,0.0,0.0
29.850000,enforcement,0.5.0,-0.6823029638635728,0.09974210647005266,-0.6823029638635728,0.09974210647005266,0,,0,0,0.0,0.0,0.0
29.900000,enforcement,0.5.0,-1.0,0.0993767396369244,-0.8323029638635728,0.0993767396369244,0,C-06,0,0,0.0,0.0,0.0
29.950000,enforcement,0.5.0,-0.9200056620787517,0.0993767396369244,-0.9200056620787517,0.0993767396369244,0,,0,0,0.0,0.0,0.0
30.000000,enforcement,0.5.0,-0.8856441351923808,0.0993767396369244,-0.8856441351923808,0.0993767396369244,0,,0,0,0.0,0.0,0.0
30.050000,enforcement,0.5.0,-0.8707980041876937,0.0993767396369244,-0.8707980041876937,0.0993767396369244,0,,0,0,0.0,0.0,0.0
30.100000,enforcement,0.5.0,-0.8512432067593396,0.0993767396369244,-0.8512432067593396,0.0993767396369244,0,,0,0,0.0,0.0,0.0
30.150000,enforcement,0.5.0,-0.8312451480911456,0.0993767396369244,-0.8312451480911456,0.0993767396369244,0,,0,0,0.0,0.0,0.0
30.200000,enforcement,0.5.0,-0.8101656550528138,0.0993767396369244,-0.8101656550528138,0.0993767396369244,0,,0,0,0.0,0.0,0.0
30.250000,enforcement,0.5.0,-0.7882052231915557,0.0993767396369244,-0.7882052231915557,0.0993767396369244,0,,0,0,0.0,0.0,0.0
30.300000,enforcement,0.5.0,-0.7654201754564145,0.0993767396369244,-0.7654201754564145,0.0993767396369244,0,,0,0,0.0,0.0,0.0
30.350000,enforcement,0.5.0,-0.7418899728608385,0.0993767396369244,-0.7418899728608385,0.0993767396369244,0,,0,0,0.0,0.0,0.0
30.400000,enforcement,0.5.0,-1.0,0.10038934338022742,-0.8918899728608385,0.10038934338022742,0,C-06,0,0,0.0,0.0,0.0
30.450000,enforcement,0.5.0,-0.9583696595046474,0.10038934338022742,-0.9583696595046474,0.10038934338022742,0,,0,0,0.0,0.0,0.0
30.500000,enforcement,0.5.0,-0.9212861374005269,0.10038934338022742,-0.9212861374005269,0.10038934338022742,0,,0,0,0.0,0.0,0.0
30.550000,enforcement,0.5.0,-0.9008821229836896,0.10038934338022742,-0.9008821229836896,0.10038934338022742,0,,0,0,0.0,0.0,0.0
30.600000,enforcement,0.5.0,-0.876375970049794,0.10038934338022742,-0.876375970049794,0.10038934338022742,0,,0,0,0.0,0.0,0.0
30.650000,enforcement,0.5.0,-0.8514796650564418,0.10038934338022742,-0.8514796650564418,0.10038934338022742,0,,0,0,0.0,0.0,0.0
30.700000,enforcement,0.5.0,-0.825651644667946,0.10038934338022742,-0.825651644667946,0.10038934338022742,0,,0,0,0.0,0.0,0.0
30.750000,enforcement,0.5.0,-0.7990824017054051,0.10038934338022742,-0.7990824017054051,0.10038934338022742,0,,0,0,0.0,0.0,0.0
30.800000,enforcement,0.5.0,-0.7718349752255582,0.10038934338022742,-0.7718349752255582,0.10038934338022742,0,,0,0,0.0,0.0,0.0
30.850000,enforcement,0.5.0,-0.7439921390310819,0.10038934338022742,-0.7439921390310819,0.10038934338022742,0,,0,0,0.0,0.0,0.0
30.900000,enforcement,0.5.0,-0.7156311788735529,0.10038934338022742,-0.7156311788735529,0.10038934338022742,0,,0,0,0.0,0.0,0.0
30.950000,enforcement,0.5.0,-1.0,0.09928548058716641,-0.8656311788735529,0.09928548058716641,0,C-06,0,0,0.0,0.0,0.0
31.000000,enforcement,0.5.0,-0.9225115816538427,0.09928548058716641,-0.9225115816538427,0.09928548058716641,0,,0,0,0.0,0.0,0.0
31.050000,enforcement,0.5.0,-0.8821330781750919,0.09928548058716641,-0.8821330781750919,0.09928548058716641,0,,0,0,0.0,0.0,0.0
31.100000,enforcement,0.5.0,-0.8574911990577989,0.09928548058716641,-0.8574911990577989,0.09928548058716641,0,,0,0,0.0,0.0,0.0
31.150000,enforcement,0.5.0,-0.8292145523414103,0.09928548058716641,-0.8292145523414103,0.09928548058716641,0,,0,0,0.0,0.0,0.0
31.200000,enforcement,0.5.0,-0.8007383774321813,0.09928548058716641,-0.8007383774321813,0.09928548058716641,0,,0,0,0.0,0.0,0.0
31.250000,enforcement,0.5.0,-0.7715726711440386,0.09928548058716641,-0.7715726711440386,0.09928548058716641,0,,0,0,0.0,0.0,0.0
31.300000,enforcement,0.5.0,-0.7418956770256521,0.09928548058716641,-0.7418956770256521,0.09928548058716641,0,,0,0,0.0,0.0,0.0
31.350000,enforcement,0.5.0,-0.7117697590379658,0.09928548058716641,-0.7117697590379658,0.09928548058716641,0,,0,0,0.0,0.0,0.0
31.400000,enforcement,0.5.0,-0.6812743338399986,0.09928548058716641,-0.6812743338399986,0.09928548058716641,0,,0,0,0.0,0.0,0.0
31.450000,enforcement,0.5.0,-0.6504833714361042,0.09928548058716641,-0.6504833714361042,0.09928548058716641,0,,0,0,0.0,0.0,0.0
31.500000,enforcement,0.5.0,-1.0,0.0999593889305706,-0.8004833714361043,0.0999593889305706,0,C-06,0,0,0.0,0.0,0.0
31.550000,enforcement,0.5.0,-0.8605174287651498,0.0999593889305706,-0.8605174287651498,0.0999593889305706,0,,0,0,0.0,0.0,0.0
31.600000,enforcement,0.5.0,-0.8176766895635545,0.0999593889305706,-0.8176766895635545,0.0999593889305706,0,,0,0,0.0,0.0,0.0
31.650000,enforcement,0.5.0,-0.791519271673141,0.0999593889305706,-0.791519271673141,0.0999593889305706,0,,0,0,0.0,0.0,0.0
31.700000,enforcement,0.5.0,-0.7618321292050989,0.0999593889305706,-0.7618321292050989,0.0999593889305706,0,,0,0,0.0,0.0,0.0
31.750000,enforcement,0.5.0,-0.7321402672133224,0.0999593889305706,-0.7321402672133224,0.0999593889305706,0,,0,0,0.0,0.0,0.0
31.800000,enforcement,0.5.0,-0.701941091263993,0.0999593889305706,-0.701941091263993,0.0999593889305706,0,,0,0,0.0,0.0,0.0
31.850000,enforcement,0.5.0,-0.6714078177216048,0.0999593889305706,-0.6714078177216048,0.0999593889305706,0,,0,0,0.0,0.0,0.0
31.900000,enforcement,0.5.0,-0.6405978990888817,0.0999593889305706,-0.6405978990888817,0.0999593889305706,0,,0,0,0.0,0.0,0.0
31.950000,enforcement,0.5.0,-0.6095853976845534,0.0999593889305706,-0.6095853976845534,0.0999593889305706,0,,0,0,0.0,0.0,0.0
32.000000,enforcement,0.5.0,-0.5784389139577978,0.0999593889305706,-0.5784389139577978,0.0999593889305706,0,,0,0,0.0,0.0,0.0
32.050000,enforcement,0.5.0,-1.0,0.09930694315072891,-0.7284389139577978,0.09930694315072891,0,C-06,0,0,0.0,0.0,0.0
32.100000,enforcement,0.5.0,-0.7895287602131177,0.09930694315072891,-0.7895287602131177,0.09930694315072891,0,,0,0,0.0,0.0,0.0
32.150000,enforcement,0.5.0,-0.7467431181279857,0.09930694315072891,-0.7467431181279857,0.09930694315072891,0,,0,0,0.0,0.0,0.0
32.200000,enforcement,0.5.0,-0.7207166800912951,0.09930694315072891,-0.7207166800912951,0.09930694315072891,0,,0,0,0.0,0.0,0.0
32.250000,enforcement,0.5.0,-0.6913508969281892,0.09930694315072891,-0.6913508969281892,0.09930694315072891,0,,0,0,0.0,0.0,0.0
32.300000,enforcement,0.5.0,-0.662094237535928,0.09930694315072891,-0.662094237535928,0.09930694315072891,0,,0,0,0.0,0.0,0.0
32.350000,enforcement,0.5.0,-0.6324581231290571,0.09930694315072891,-0.6324581231290571,0.09930694315072891,0,,0,0,0.0,0.0,0.0
32.400000,enforcement,0.5.0,-0.6026052967537436,0.09930694315072891,-0.6026052967537436,0.09930694315072891,0,,0,0,0.0,0.0,0.0
32.450000,enforcement,0.5.0,-0.572588320906706,0.09930694315072891,-0.572588320906706,0.09930694315072891,0,,0,0,0.0,0.0,0.0
32.500000,enforcement,0.5.0,-0.5424752490346479,0.09930694315072891,-0.5424752490346479,0.09930694315072891,0,,0,0,0.0,0.0,0.0
32.550000,enforcement,0.5.0,-1.0,0.10011823531020164,-0.692475249034648,0.10011823531020164,0,C-06,0,0,0.0,0.0,0.0
32.600000,enforcement,0.5.0,-0.7455895920126182,0.10011823531020164,-0.7455895920126182,0.10011823531020164,0,,0,0,0.0,0.0,0.0
32.650000,enforcement,0.5.0,-0.7060654090341677,0.10011823531020164,-0.7060654090341677,0.10011823531020164,0,,0,0,0.0,0.0,0.0
32.700000,enforcement,0.5.0,-0.6813279520726889,0.10011823531020164,-0.6813279520726889,0.10011823531020164,0,,0,0,0.0,0.0,0.0
32.750000,enforcement,0.5.0,-0.6536275004265424,0.10011823531020164,-0.6536275004265424,0.10011823531020164,0,,0,0,0.0,0.0,0.0
32.800000,enforcement,0.5.0,-0.6259907878848154,0.10011823531020164,-0.6259907878848154,0.10011823531020164,0,,0,0,0.0,0.0,0.0
32.850000,enforcement,0.5.0,-0.597998407593726,0.10011823531020164,-0.597998407593726,0.10011823531020164,0,,0,0,0.0,0.0,0.0
32.900000,enforcement,0.5.0,-0.569796745670241,0.10011823531020164,-0.569796745670241,0.10011823531020164,0,,0,0,0.0,0.0,0.0
32.950000,enforcement,0.5.0,-0.5414369443627303,0.10011823531020164,-0.5414369443627303,0.10011823531020164,0,,0,0,0.0,0.0,0.0
33.000000,enforcement,0.5.0,-0.5129832591846873,0.10011823531020164,-0.5129832591846873,0.10011823531020164,0,,0,0,0.0,0.0,0.0
33.050000,enforcement,0.5.0,-0.48449533168900133,0.10011823531020164,-0.48449533168900133,0.10011823531020164,0,,0,0,0.0,0.0,0.0
33.100000,enforcement,0.5.0,-1.0,0.09928829196594313,-0.6344953316890013,0.09928829196594313,0,C-06,0,0,0.0,0.0,0.0
33.150000,enforcement,0.5.0,-0.6931653279053818,0.09928829196594313,-0.6931653279053818,0.09928829196594313,0,,0,0,0.0,0.0,0.0
33.200000,enforcement,0.5.0,-0.6547615706595746,0.09928829196594313,-0.6547615706595746,0.09928829196594313,0,,0,0,0.0,0.0,0.0
33.250000,enforcement,0.5.0,-0.631772985922318,0.09928829196594313,-0.631772985922318,0.09928829196594313,0,,0,0,0.0,0.0,0.0
33.300000,enforcement,0.5.0,-0.6057876190846759,0.09928829196594313,-0.6057876190846759,0.09928829196594313,0,,0,0,0.0,0.0,0.0
33.350000,enforcement,0.5.0,-0.579907703728077,0.09928829196594313,-0.579907703728077,0.09928829196594313,0,,0,0,0.0,0.0,0.0
33.400000,enforcement,0.5.0,-0.5537001568743178,0.09928829196594313,-0.5537001568743178,0.09928829196594313,0,,0,0,0.0,0.0,0.0
33.450000,enforcement,0.5.0,-0.5273075663567985,0.09928829196594313,-0.5273075663567985,0.09928829196594313,0,,0,0,0.0,0.0,0.0
33.500000,enforcement,0.5.0,-0.5007765862835922,0.09928829196594313,-0.5007765862835922,0.09928829196594313,0,,0,0,0.0,0.0,0.0
33.550000,enforcement,0.5.0,-0.4741671617264364,0.09928829196594313,-0.4741671617264364,0.09928829196594313,0,,0,0,0.0,0.0,0.0
33.600000,enforcement,0.5.0,-0.44753478957421167,0.09928829196594313,-0.44753478957421167,0.09928829196594313,0,,0,0,0.0,0.0,0.0
33.650000,enforcement,0.5.0,-1.0,0.09994509278456826,-0.5975347895742117,0.09994509278456826,0,C-06,0,0,0.0,0.0,0.0
33.700000,enforcement,0.5.0,-0.6702824228434339,0.09994509278456826,-0.6702824228434339,0.09994509278456826,0,,0,0,0.0,0.0,0.0
33.750000,enforcement,0.5.0,-0.6317037708854709,0.09994509278456826,-0.6317037708854709,0.09994509278456826,0,,0,0,0.0,0.0,0.0
33.800000,enforcement,0.5.0,-0.6107723160047307,0.09994509278456826,-0.6107723160047307,0.09994509278456826,0,,0,0,0.0,0.0,0.0
33.850000,enforcement,0.5.0,-0.5864652824108278,0.09994509278456826,-0.5864652824108278,0.09994509278456826,0,,0,0,0.0,0.0,0.0
33.900000,enforcement,0.5.0,-0.5622970802385245,0.09994509278456826,-0.5622970802385245,0.09994509278456826,0,,0,0,0.0,0.0,0.0
33.950000,enforcement,0.5.0,-0.5377662867707222,0.09994509278456826,-0.5377662867707222,0.09994509278456826,0,,0,0,0.0,0.0,0.0
34.000000,enforcement,0.5.0,-0.5130235600222103,0.09994509278456826,-0.5130235600222103,0.09994509278456826,0,,0,0,0.0,0.0,0.0
34.050000,enforcement,0.5.0,-0.4881117038387086,0.09994509278456826,-0.4881117038387086,0.09994509278456826,0,,0,0,0.0,0.0,0.0
34.100000,enforcement,0.5.0,-0.46308887937722537,0.09994509278456826,-0.46308887937722537,0.09994509278456826,0,,0,0,0.0,0.0,0.0
34.150000,enforcement,0.5.0,-1.0,0.09931708459952232,-0.6130888793772253,0.09931708459952232,0,C-06,0,0,0.0,0.0,0.0
34.200000,enforcement,0.5.0,-0.6769799086759042,0.09931708459952232,-0.6769799086759042,0.09931708459952232,0,,0,0,0.0,0.0,0.0
34.250000,enforcement,0.5.0,-0.6417203458306507,0.09931708459952232,-0.6417203458306507,0.09931708459952232,0,,0,0,0.0,0.0,0.0
34.300000,enforcement,0.5.0,-0.622053132049402,0.09931708459952232,-0.622053132049402,0.09931708459952232,0,,0,0,0.0,0.0,0.0
34.350000,enforcement,0.5.0,-0.5992523157853726,0.09931708459952232,-0.5992523157853726,0.09931708459952232,0,,0,0,0.0,0.0,0.0
34.400000,enforcement,0.5.0,-0.5764606403347217,0.09931708459952232,-0.5764606403347217,0.09931708459952232,0,,0,0,0.0,0.0,0.0
34.450000,enforcement,0.5.0,-0.5532365170290892,0.09931708459952232,-0.5532365170290892,0.09931708459952232,0,,0,0,0.0,0.0,0.0
34.500000,enforcement,0.5.0,-0.5297213510095888,0.09931708459952232,-0.5297213510095888,0.09931708459952232,0,,0,0,0.0,0.0,0.0
34.550000,enforcement,0.5.0,-0.5059599053231607,0.09931708459952232,-0.5059599053231607,0.09931708459952232,0,,0,0,0.0,0.0,0.0
34.600000,enforcement,0.5.0,-0.48201068310579,0.09931708459952232,-0.48201068310579,0.09931708459952232,0,,0,0,0.0,0.0,0.0
34.650000,enforcement,0.5.0,-0.4579279959463194,0.09931708459952232,-0.4579279959463194,0.09931708459952232,0,,0,0,0.0,0.0,0.0
34.700000,enforcement,0.5.0,-1.0,0.10041135431015907,-0.6079279959463194,0.10041135431015907,0,C-06,0,0,0.0,0.0,0.0
34.750000,enforcement,0.5.0,-0.6832676138637785,0.10041135431015907,-0.6832676138637785,0.10041135431015907,0,,0,0,0.0,0.0,0.0
34.800000,enforcement,0.5.0,-0.6469355110360397,0.10041135431015907,-0.6469355110360397,0.10041135431015907,0,,0,0,0.0,0.0,0.0
34.850000,enforcement,0.5.0,-0.6282096304308752,0.10041135431015907,-0.6282096304308752,0.10041135431015907,0,,0,0,0.0,0.0,0.0
34.900000,enforcement,0.5.0,-0.6059754485424691,0.10041135431015907,-0.6059754485424691,0.10041135431015907,0,,0,0,0.0,0.0,0.0
34.950000,enforcement,0.5.0,-0.5837705988259296,0.10041135431015907,-0.5837705988259296,0.10041135431015907,0,,0,0,0.0,0.0,0.0
35.000000,enforcement,0.5.0,-0.5610886721145414,0.10041135431015907,-0.5610886721145414,0.10041135431015907,0,,0,0,0.0,0.0,0.0
35.050000,enforcement,0.5.0,-0.5380819574898039,0.10041135431015907,-0.5380819574898039,0.10041135431015907,0,,0,0,0.0,0.0,0.0
35.100000,enforcement,0.5.0,-0.5147937619541654,0.10041135431015907,-0.5147937619541654,0.10041135431015907,0,,0,0,0.0,0.0,0.0
35.150000,enforcement,0.5.0,-0.4912832223183003,0.10041135431015907,-0.4912832223183003,0.10041135431015907,0,,0,0,0.0,0.0,0.0
35.200000,enforcement,0.5.0,-1.0,0.09935113957876368,-0.6412832223183003,0.09935113957876368,0,C-06,0,0,0.0,0.0,0.0
35.250000,enforcement,0.5.0,-0.7045566066236073,0.09935113957876368,-0.7045566066236073,0.09935113957876368,0,,0,0,0.0,0.0,0.0
35.300000,enforcement,0.5.0,-0.6707674422395739,0.09935113957876368,-0.6707674422395739,0.09935113957876368,0,,0,0,0.0,0.0,0.0
35.350000,enforcement,0.5.0,-0.652184542731256,0.09935113957876368,-0.652184542731256,0.09935113957876368,0,,0,0,0.0,0.0,0.0
35.400000,enforcement,0.5.0,-0.6304008913772765,0.09935113957876368,-0.6304008913772765,0.09935113957876368,0,,0,0,0.0,0.0,0.0
35.450000,enforcement,0.5.0,-0.6085237858656595,0.09935113957876368,-0.6085237858656595,0.09935113957876368,0,,0,0,0.0,0.0,0.0
35.500000,enforcement,0.5.0,-0.5861170742057676,0.09935113957876368,-0.5861170742057676,0.09935113957876368,0,,0,0,0.0,0.0,0.0
35.550000,enforcement,0.5.0,-0.5633239406816163,0.09935113957876368,-0.5633239406816163,0.09935113957876368,0,,0,0,0.0,0.0,0.0
35.600000,enforcement,0.5.0,-0.5401912010929393,0.09935113957876368,-0.5401912010929393,0.09935113957876368,0,,0,0,0.0,0.0,0.0
35.650000,enforcement,0.5.0,-0.5167795710787451,0.09935113957876368,-0.5167795710787451,0.09935113957876368,0,,0,0,0.0,0.0,0.0
35.700000,enforcement,0.5.0,-0.4931456515375972,0.09935113957876368,-0.4931456515375972,0.09935113957876368,0,,0,0,0.0,0.0,0.0
35.750000,enforcement,0.5.0,-1.0,0.09974210647005272,-0.6431456515375972,0.09974210647005272,0,C-06,0,0,0.0,0.0,0.0
35.800000,enforcement,0.5.0,-0.7161475220002649,0.09974210647005272,-0.7161475220002649,0.09974210647005272,0,,0,0,0.0,0.0,0.0
35.850000,enforcement,0.5.0,-0.6803781352719599,0.09974210647005272,-0.6803781352719599,0.09974210647005272,0,,0,0,0.0,0.0,0.0
35.900000,enforcement,0.5.0,-0.6617558892139668,0.09974210647005272,-0.6617558892139668,0.09974210647005272,0,,0,0,0.0,0.0,0.0
35.950000,enforcement,0.5.0,-0.6395982008780547,0.09974210647005272,-0.6395982008780547,0.09974210647005272,0,,0,0,0.0,0.0,0.0
36.000000,enforcement,0.5.0,-0.617394714422311,0.09974210647005272,-0.617394714422311,0.09974210647005272,0,,0,0,0.0,0.0,0.0
36.050000,enforcement,0.5.0,-0.5946467218514615,0.09974210647005272,-0.5946467218514615,0.09974210647005272,0,,0,0,0.0,0.0,0.0
36.100000,enforcement,0.5.0,-0.5715088375967916,0.09974210647005272,-0.5715088375967916,0.09974210647005272,0,,0,0,0.0,0.0,0.0
36.150000,enforcement,0.5.0,-0.5480270208064166,0.09974210647005272,-0.5480270208064166,0.09974210647005272,0,,0,0,0.0,0.0,0.0
36.200000,enforcement,0.5.0,-0.5242631226144412,0.09974210647005272,-0.5242631226144412,0.09974210647005272,0,,0,0,0.0,0.0,0.0
36.250000,enforcement,0.5.0,-0.5002745184380616,0.09974210647005272,-0.5002745184380616,0.09974210647005272,0,,0,0,0.0,0.0,0.0
36.300000,enforcement,0.5.0,-1.0,0.0993767396369255,-0.6502745184380616,0.0993767396369255,0,C-06,0,0,0.0,0.0,0.0
36.350000,enforcement,0.5.0,-0.7277108466218605,0.0993767396369255,-0.7277108466218605,0.0993767396369255,0,,0,0,0.0,0.0,0.0
36.400000,enforcement,0.5.0,-0.6904874636072914,0.0993767396369255,-0.6904874636072914,0.0993767396369255,0,,0,0,0.0,0.0,0.0
36.450000,enforcement,0.5.0,-0.6714157174791152,0.0993767396369255,-0.6714157174791152,0.0993767396369255,0,,0,0,0.0,0.0,0.0
36.500000,enforcement,0.5.0,-0.6486386107041322,0.0993767396369255,-0.6486386107041322,0.0993767396369255,0,,0,0,0.0,0.0,0.0
36.550000,enforcement,0.5.0,-0.6258480193352877,0.0993767396369255,-0.6258480193352877,0.0993767396369255,0,,0,0,0.0,0.0,0.0
36.600000,enforcement,0.5.0,-0.6025122521842666,0.0993767396369255,-0.6025122521842666,0.0993767396369255,0,,0,0,0.0,0.0,0.0
36.650000,enforcement,0.5.0,-0.5787926882750662,0.0993767396369255,-0.5787926882750662,0.0993767396369255,0,,0,0,0.0,0.0,0.0
36.700000,enforcement,0.5.0,-0.5547353037172217,0.0993767396369255,-0.5547353037172217,0.0993767396369255,0,,0,0,0.0,0.0,0.0
36.750000,enforcement,0.5.0,-0.5304030283590525,0.0993767396369255,-0.5304030283590525,0.0993767396369255,0,,0,0,0.0,0.0,0.0
36.800000,enforcement,0.5.0,-1.0,0.10038934338022665,-0.6804030283590525,0.10038934338022665,0,C-06,0,0,0.0,0.0,0.0
36.850000,enforcement,0.5.0,-0.7496307308042599,0.10038934338022665,-0.7496307308042599,0.10038934338022665,0,,0,0,0.0,0.0,0.0
36.900000,enforcement,0.5.0,-0.7134947109739822,0.10038934338022665,-0.7134947109739822,0.10038934338022665,0,,0,0,0.0,0.0,0.0
36.950000,enforcement,0.5.0,-0.6940097196460041,0.10038934338022665,-0.6940097196460041,0.10038934338022665,0,,0,0,0.0,0.0,0.0
37.000000,enforcement,0.5.0,-0.6710109712617836,0.10038934338022665,-0.6710109712617836,0.10038934338022665,0,,0,0,0.0,0.0,0.0
37.050000,enforcement,0.5.0,-0.6479268808244056,0.10038934338022665,-0.6479268808244056,0.10038934338022665,0,,0,0,0.0,0.0,0.0
37.100000,enforcement,0.5.0,-0.6242691145816152,0.10038934338022665,-0.6242691145816152,0.10038934338022665,0,,0,0,0.0,0.0,0.0
37.150000,enforcement,0.5.0,-0.6001945423155621,0.10038934338022665,-0.6001945423155621,0.10038934338022665,0,,0,0,0.0,0.0,0.0
37.200000,enforcement,0.5.0,-0.5757520508254902,0.10038934338022665,-0.5757520508254902,0.10038934338022665,0,,0,0,0.0,0.0,0.0
37.250000,enforcement,0.5.0,-0.5510063134547112,0.10038934338022665,-0.5510063134547112,0.10038934338022665,0,,0,0,0.0,0.0,0.0
37.300000,enforcement,0.5.0,-0.5260174435554154,0.10038934338022665,-0.5260174435554154,0.10038934338022665,0,,0,0,0.0,0.0,0.0
37.350000,enforcement,0.5.0,-1.0,0.09928548058716619,-0.6760174435554154,0.09928548058716619,0,C-06,0,0,0.0,0.0,0.0
37.400000,enforcement,0.5.0,-0.746112888042249,0.09928548058716619,-0.746112888042249,0.09928548058716619,0,,0,0,0.0,0.0,0.0
37.450000,enforcement,0.5.0,-0.7088960838393485,0.09928548058716619,-0.7088960838393485,0.09928548058716619,0,,0,0,0.0,0.0,0.0
37.500000,enforcement,0.5.0,-0.6886858899435802,0.09928548058716619,-0.6886858899435802,0.09928548058716619,0,,0,0,0.0,0.0,0.0
37.550000,enforcement,0.5.0,-0.6649499628185378,0.09928548058716619,-0.6649499628185378,0.09928548058716619,0,,0,0,0.0,0.0,0.0
37.600000,enforcement,0.5.0,-0.6411752011143212,0.09928548058716619,-0.6411752011143212,0.09928548058716619,0,,0,0,0.0,0.0,0.0
37.650000,enforcement,0.5.0,-0.6168640858079124,0.09928548058716619,-0.6168640858079124,0.09928548058716619,0,,0,0,0.0,0.0,0.0
37.700000,enforcement,0.5.0,-0.5921747797130723,0.09928548058716619,-0.5921747797130723,0.09928548058716619,0,,0,0,0.0,0.0,0.0
37.750000,enforcement,0.5.0,-0.5671557533028002,0.09928548058716619,-0.5671557533028002,0.09928548058716619,0,,0,0,0.0,0.0,0.0
37.800000,enforcement,0.5.0,-0.5418714375175965,0.09928548058716619,-0.5418714375175965,0.09928548058716619,0,,0,0,0.0,0.0,0.0
37.850000,enforcement,0.5.0,-1.0,0.09975653608208529,-0.6918714375175965,0.09975653608208529,0,C-06,0,0,0.0,0.0,0.0
37.900000,enforcement,0.5.0,-0.7555516648591247,0.09975653608208529,-0.7555516648591247,0.09975653608208529,0,,0,0,0.0,0.0,0.0
37.950000,enforcement,0.5.0,-0.7193613876530169,0.09975653608208529,-0.7193613876530169,0.09975653608208529,0,,0,0,0.0,0.0,0.0
38.000000,enforcement,0.5.0,-0.6989574765482502,0.09975653608208529,-0.6989574765482502,0.09975653608208529,0,,0,0,0.0,0.0,0.0
38.050000,enforcement,0.5.0,-0.6752019779716861,0.09975653608208529,-0.6752019779716861,0.09975653608208529,0,,0,0,0.0,0.0,0.0
38.100000,enforcement,0.5.0,-0.6513574802569678,0.09975653608208529,-0.6513574802569678,0.09975653608208529,0,,0,0,0.0,0.0,0.0
38.150000,enforcement,0.5.0,-0.6269634908487478,0.09975653608208529,-0.6269634908487478,0.09975653608208529,0,,0,0,0.0,0.0,0.0
38.200000,enforcement,0.5.0,-0.6021732286045862,0.09975653608208529,-0.6021732286045862,0.09975653608208529,0,,0,0,0.0,0.0,0.0
38.250000,enforcement,0.5.0,-0.5770369380915445,0.09975653608208529,-0.5770369380915445,0.09975653608208529,0,,0,0,0.0,0.0,0.0
38.300000,enforcement,0.5.0,-0.5516197514832836,0.09975653608208529,-0.5516197514832836,0.09975653608208529,0,,0,0,0.0,0.0,0.0
38.350000,enforcement,0.5.0,-0.5259823016372929,0.09975653608208529,-0.5259823016372929,0.09975653608208529,0,,0,0,0.0,0.0,0.0
38.400000,enforcement,0.5.0,-1.0,0.09950921856241723,-0.6759823016372929,0.09950921856241723,0,C-06,0,0,0.0,0.0,0.0
38.450000,enforcement,0.5.0,-0.7427855829041254,0.09950921856241723,-0.7427855829041254,0.09950921856241723,0,,0,0,0.0,0.0,0.0
38.500000,enforcement,0.5.0,-0.7056093144998198,0.09950921856241723,-0.7056093144998198,0.09950921856241723,0,,0,0,0.0,0.0,0.0
38.550000,enforcement,0.5.0,-0.6849073995060173,0.09950921856241723,-0.6849073995060173,0.09950921856241723,0,,0,0,0.0,0.0,0.0
38.600000,enforcement,0.5.0,-0.6607960527823229,0.09950921856241723,-0.6607960527823229,0.09950921856241723,0,,0,0,0.0,0.0,0.0
38.650000,enforcement,0.5.0,-0.6366524971960678,0.09950921856241723,-0.6366524971960678,0.09950921856241723,0,,0,0,0.0,0.0,0.0
38.700000,enforcement,0.5.0,-0.611997565225027,0.09950921856241723,-0.611997565225027,0.09950921856241723,0,,0,0,0.0,0.0,0.0
38.750000,enforcement,0.5.0,-0.5869861815200514,0.09950921856241723,-0.5869861815200514,0.09950921856241723,0,,0,0,0.0,0.0,0.0
38.800000,enforcement,0.5.0,-0.5616671493286955,0.09950921856241723,-0.5616671493286955,0.09950921856241723,0,,0,0,0.0,0.0,0.0
38.850000,enforcement,0.5.0,-0.5361045894066748,0.09950921856241723,-0.5361045894066748,0.09950921856241723,0,,0,0,0.0,0.0,0.0
38.900000,enforcement,0.5.0,-0.5103580215210038,0.09950921856241723,-0.5103580215210038,0.09950921856241723,0,,0,0,0.0,0.0,0.0
38.950000,enforcement,0.5.0,-1.0,0.09994099516963673,-0.6603580215210039,0.09994099516963673,0,C-06,0,0,0.0,0.0,0.0
39.000000,enforcement,0.5.0,-0.7343606330451442,0.09994099516963673,-0.7343606330451442,0.09994099516963673,0,,0,0,0.0,0.0,0.0
39.050000,enforcement,0.5.0,-0.6958217203968812,0.09994099516963673,-0.6958217203968812,0.09994099516963673,0,,0,0,0.0,0.0,0.0
39.100000,enforcement,0.5.0,-0.6751670058348131,0.09994099516963673,-0.6751670058348131,0.09994099516963673,0,,0,0,0.0,0.0,0.0
39.150000,enforcement,0.5.0,-0.6509033821755098,0.09994099516963673,-0.6509033821755098,0.09994099516963673,0,,0,0,0.0,0.0,0.0
39.200000,enforcement,0.5.0,-0.6266680122782082,0.09994099516963673,-0.6266680122782082,0.09994099516963673,0,,0,0,0.0,0.0,0.0
39.250000,enforcement,0.5.0,-0.6019390287130338,0.09994099516963673,-0.6019390287130338,0.09994099516963673,0,,0,0,0.0,0.0,0.0
39.300000,enforcement,0.5.0,-0.5768773569033462,0.09994099516963673,-0.5768773569033462,0.09994099516963673,0,,0,0,0.0,0.0,0.0
39.350000,enforcement,0.5.0,-0.5515299698235293,0.09994099516963673,-0.5515299698235293,0.09994099516963673,0,,0,0,0.0,0.0,0.0
39.400000,enforcement,0.5.0,-0.5259603920456304,0.09994099516963673,-0.5259603920456304,0.09994099516963673,0,,0,0,0.0,0.0,0.0
39.450000,enforcement,0.5.0,-1.0,0.09718836274266518,-0.6759603920456304,0.09718836274266518,0,C-06,0,0,0.0,0.0,0.0
39.500000,enforcement,0.5.0,-0.7372866858599346,0.09718836274266518,-0.7372866858599346,0.09718836274266518,0,,0,0,0.0,0.0,0.0
39.550000,enforcement,0.5.0,-0.7012195595817062,0.09718836274266518,-0.7012195595817062,0.09718836274266518,0,,0,0,0.0,0.0,0.0
39.600000,enforcement,0.5.0,-0.6805293943396943,0.09718836274266518,-0.6805293943396943,0.09718836274266518,0,,0,0,0.0,0.0,0.0
39.650000,enforcement,0.5.0,-0.6566174970224,0.09718836274266518,-0.6566174970224,0.09718836274266518,0,,0,0,0.0,0.0,0.0
39.700000,enforcement,0.5.0,-0.6326446645849383,0.09718836274266518,-0.6326446645849383,0.09718836274266518,0,,0,0,0.0,0.0,0.0
39.750000,enforcement,0.5.0,-0.6081673325772887,0.09718836274266518,-0.6081673325772887,0.09718836274266518,0,,0,0,0.0,0.0,0.0
39.800000,enforcement,0.5.0,-0.5833340186619607,0.09718836274266518,-0.5833340186619607,0.09718836274266518,0,,0,0,0.0,0.0,0.0
39.850000,enforcement,0.5.0,-0.5581941090355432,0.09718836274266518,-0.5581941090355432,0.09718836274266518,0,,0,0,0.0,0.0,0.0
39.900000,enforcement,0.5.0,-0.5328111714962867,0.09718836274266518,-0.5328111714962867,0.09718836274266518,0,,0,0,0.0,0.0,0.0
39.950000,enforcement,0.5.0,-0.507244377868153,0.09718836274266518,-0.507244377868153,0.09718836274266518,0,,0,0,0.0,0.0,0.0
40.000000,enforcement,0.5.0,-1.0,0.5,-0.657244377868153,0.19718836274266519,0,C-06,0,0,0.0,0.0,0.0
40.050000,enforcement,0.5.0,-0.7289469194636056,0.5,-0.7289469194636056,0.2971883627426652,0,C-06,0,0,0.0,0.0,0.0
40.100000,enforcement,0.5.0,-0.6911687735209244,0.5,-0.6911687735209244,0.3971883627426652,0,C-06,0,0,0.0,0.0,0.0
40.150000,enforcement,0.5.0,-0.6707517208047669,0.5,-0.6707517208047669,0.4971883627426652,0,C-06,0,0,0.0,0.0,0.0
40.200000,enforcement,0.5.0,-0.6468124341181846,0.5,-0.6468124341181846,0.5,0,,0,0,0.0,0.0,0.0
40.250000,enforcement,0.5.0,-0.6228833116303959,0.5,-0.6228833116303959,0.5,0,,0,0,0.0,0.0,0.0
40.300000,enforcement,0.5.0,-0.598459600101124,0.5,-0.598459600101124,0.5,0,,0,0,0.0,0.0,0.0
40.350000,enforcement,0.5.0,-0.5736987831268441,0.5,-0.5736987831268441,0.5,0,,0,0,0.0,0.0,0.0
40.400000,enforcement,0.5.0,-0.54864787525037,0.5,-0.54864787525037,0.5,0,,0,0,0.0,0.0,0.0
40.450000,enforcement,0.5.0,-0.5233698962565139,0.5,-0.5233698962565139,0.5,0,,0,0,0.0,0.0,0.0
40.500000,enforcement,0.5.0,-1.0,0.5,-0.6733698962565139,0.5,0,C-06,0,0,0.0,0.0,0.0
