step,sim_t,x,y,yaw,s,ey,epsi,raw_steer,safe_steer,rules_fired
0,0.0000,-0.7500,0.9300,0.0000,0.0000,0.1800,0.0000,-1.0000,-0.0900,C-01
1,0.0500,-0.7400,0.9300,-0.0018,0.0000,0.1800,-0.0018,-1.0000,-0.0900,C-06;C-01
2,0.1000,-0.7300,0.9300,-0.0035,0.0000,0.1800,-0.0035,-1.0000,-0.0899,C-06;C-01
3,0.1500,-0.7200,0.9299,-0.0053,0.0000,0.1799,-0.0053,-1.0000,-0.0899,C-06;C-01
4,0.2000,-0.7100,0.9299,-0.0070,0.0000,0.1799,-0.0070,-1.0000,-0.0898,C-06;C-01
5,0.2500,-0.7000,0.9298,-0.0087,0.0000,0.1798,-0.0087,-1.0000,-0.0897,C-06;C-01
6,0.3000,-0.6900,0.9297,-0.0105,0.0000,0.1797,-0.0105,-1.0000,-0.0895,C-06;C-01
7,0.3500,-0.6800,0.9296,-0.0122,0.0000,0.1796,-0.0122,-1.0000,-0.0894,C-06;C-01
8,0.4000,-0.6700,0.9294,-0.0140,0.0000,0.1794,-0.0140,-1.0000,-0.0892,C-06;C-01
9,0.4500,-0.6600,0.9293,-0.0157,0.0000,0.1793,-0.0157,-1.0000,-0.0889,C-06;C-01
10,0.5000,-0.6500,0.9291,-0.0174,0.0000,0.1791,-0.0174,-1.0000,-0.0887,C-06;C-01
11,0.5500,-0.6400,0.9289,-0.0192,0.1000,0.1789,-0.0192,-1.0000,-0.0884,C-06;C-01
12,0.6000,-0.6300,0.9287,-0.0209,0.1000,0.1787,-0.0209,-1.0000,-0.0881,C-06;C-01
13,0.6500,-0.6200,0.9285,-0.0226,0.1000,0.1785,-0.0226,-1.0000,-0.0878,C-06;C-01
14,0.7000,-0.6100,0.9283,-0.0243,0.1000,0.1783,-0.0243,-1.0000,-0.0874,C-06;C-01
15,0.7500,-0.6000,0.9280,-0.0260,0.1000,0.1780,-0.0260,-1.0000,-0.0871,C-06;C-01
16,0.8000,-0.5900,0.9278,-0.0277,0.1000,0.1778,-0.0277,-1.0000,-0.0867,C-06;C-01
17,0.8500,-0.5800,0.9275,-0.0294,0.1000,0.1775,-0.0294,-1.0000,-0.0862,C-06;C-01
18,0.9000,-0.5700,0.9272,-0.0311,0.1000,0.1772,-0.0311,-1.0000,-0.0858,C-06;C-01
19,0.9500,-0.5600,0.9269,-0.0327,0.1000,0.1769,-0.0327,-1.0000,-0.0853,C-06;C-01
20,1.0000,-0.5500,0.9265,-0.0344,0.1000,0.1765,-0.0344,-1.0000,-0.0848,C-06;C-01
21,1.0500,-0.5400,0.9262,-0.0360,0.2000,0.1762,-0.0360,-1.0000,-0.0843,C-06;C-01
22,1.1000,-0.5301,0.9258,-0.0377,0.2000,0.1758,-0.0377,-1.0000,-0.0837,C-06;C-01
23,1.1500,-0.5201,0.9254,-0.0393,0.2000,0.1754,-0.0393,-1.0000,-0.0831,C-06;C-01
24,1.2000,-0.5101,0.9250,-0.0409,0.2000,0.1750,-0.0409,-1.0000,-0.0825,C-06;C-01
25,1.2500,-0.5001,0.9246,-0.0425,0.2000,0.1746,-0.0425,-1.0000,-0.0819,C-06;C-01
26,1.3000,-0.4901,0.9242,-0.0441,0.2000,0.1742,-0.0441,-1.0000,-0.0813,C-06;C-01
27,1.3500,-0.4801,0.9237,-0.0457,0.2000,0.1737,-0.0457,-1.0000,-0.0806,C-06;C-01
28,1.4000,-0.4701,0.9233,-0.0473,0.2000,0.1733,-0.0473,-1.0000,-0.0799,C-06;C-01
29,1.4500,-0.4601,0.9228,-0.0488,0.2000,0.1728,-0.0488,-1.0000,-0.0792,C-06;C-01
30,1.5000,-0.4501,0.9223,-0.0504,0.2000,0.1723,-0.0504,-1.0000,-0.0784,C-06;C-01
31,1.5500,-0.4401,0.9218,-0.0519,0.3000,0.1718,-0.0519,-1.0000,-0.0777,C-06;C-01
32,1.6000,-0.4302,0.9212,-0.0534,0.3000,0.1712,-0.0534,-1.0000,-0.0769,C-06;C-01
33,1.6500,-0.4202,0.9207,-0.0549,0.3000,0.1707,-0.0549,-1.0000,-0.0761,C-06;C-01
34,1.7000,-0.4102,0.9201,-0.0564,0.3000,0.1701,-0.0564,-1.0000,-0.0752,C-06;C-01
35,1.7500,-0.4002,0.9196,-0.0578,0.3000,0.1696,-0.0578,-1.0000,-0.0744,C-06;C-01
36,1.8000,-0.3902,0.9190,-0.0593,0.3000,0.1690,-0.0593,-1.0000,-0.0735,C-06;C-01
37,1.8500,-0.3802,0.9184,-0.0607,0.3000,0.1684,-0.0607,-1.0000,-0.0726,C-06;C-01
38,1.9000,-0.3703,0.9178,-0.0621,0.3000,0.1678,-0.0621,-1.0000,-0.0717,C-06;C-01
39,1.9500,-0.3603,0.9172,-0.0635,0.3000,0.1672,-0.0635,-1.0000,-0.0707,C-06;C-01
40,2.0000,-0.3503,0.9165,-0.0649,0.3000,0.1665,-0.0649,-1.0000,-0.0698,C-06;C-01
41,2.0500,-0.3403,0.9159,-0.0662,0.4000,0.1659,-0.0662,-1.0000,-0.0688,C-06;C-01
42,2.1000,-0.3303,0.9152,-0.0676,0.4000,0.1652,-0.0676,-1.0000,-0.0678,C-06;C-01
43,2.1500,-0.3204,0.9145,-0.0689,0.4000,0.1645,-0.0689,-1.0000,-0.0668,C-06;C-01
44,2.2000,-0.3104,0.9138,-0.0702,0.4000,0.1638,-0.0702,-1.0000,-0.0657,C-06;C-01
45,2.2500,-0.3004,0.9131,-0.0715,0.4000,0.1631,-0.0715,-1.0000,-0.0647,C-06;C-01
46,2.3000,-0.2904,0.9124,-0.0727,0.4000,0.1624,-0.0727,-1.0000,-0.0636,C-06;C-01
47,2.3500,-0.2805,0.9116,-0.0740,0.4000,0.1616,-0.0740,-1.0000,-0.0625,C-06;C-01
48,2.4000,-0.2705,0.9109,-0.0752,0.4000,0.1609,-0.0752,-1.0000,-0.0614,C-06;C-01
49,2.4500,-0.2605,0.9101,-0.0764,0.4000,0.1601,-0.0764,-1.0000,-0.0602,C-06;C-01
50,2.5000,-0.2506,0.9094,-0.0775,0.4000,0.1594,-0.0775,-1.0000,-0.0591,C-06;C-01
51,2.5500,-0.2406,0.9086,-0.0787,0.5000,0.1586,-0.0787,-1.0000,-0.0579,C-06;C-01
52,2.6000,-0.2306,0.9078,-0.0798,0.5000,0.1578,-0.0798,-1.0000,-0.0567,C-06;C-01
53,2.6500,-0.2206,0.9070,-0.0809,0.5000,0.1570,-0.0809,-1.0000,-0.0555,C-06;C-01
54,2.7000,-0.2107,0.9062,-0.0820,0.5000,0.1562,-0.0820,-1.0000,-0.0543,C-06;C-01
55,2.7500,-0.2007,0.9054,-0.0831,0.5000,0.1554,-0.0831,-1.0000,-0.0530,C-06;C-01
56,2.8000,-0.1908,0.9045,-0.0841,0.5000,0.1545,-0.0841,-1.0000,-0.0518,C-06;C-01
57,2.8500,-0.1808,0.9037,-0.0851,0.5000,0.1537,-0.0851,-1.0000,-0.0505,C-06;C-01
58,2.9000,-0.1708,0.9028,-0.0861,0.5000,0.1528,-0.0861,-1.0000,-0.0492,C-06;C-01
59,2.9500,-0.1609,0.9020,-0.0870,0.5000,0.1520,-0.0870,-1.0000,-0.0479,C-06;C-01
60,3.0000,-0.1509,0.9011,-0.0880,0.5000,0.1511,-0.0880,-1.0000,-0.0466,C-06;C-01
61,3.0500,-0.1409,0.9002,-0.0889,0.6000,0.1502,-0.0889,-1.0000,-0.0453,C-06;C-01
62,3.1000,-0.1310,0.8993,-0.0898,0.6000,0.1493,-0.0898,-1.0000,-0.0440,C-06;C-01
63,3.1500,-0.1210,0.8984,-0.0906,0.6000,0.1484,-0.0906,-1.0000,-0.0426,C-06;C-01
64,3.2000,-0.1111,0.8975,-0.0914,0.6000,0.1475,-0.0914,-1.0000,-0.0413,C-06;C-01
65,3.2500,-0.1011,0.8966,-0.0922,0.6000,0.1466,-0.0922,-1.0000,-0.0399,C-06;C-01
66,3.3000,-0.0911,0.8957,-0.0930,0.6000,0.1457,-0.0930,-1.0000,-0.0385,C-06;C-01
67,3.3500,-0.0812,0.8947,-0.0938,0.6000,0.1447,-0.0938,-1.0000,-0.0371,C-06;C-01
68,3.4000,-0.0712,0.8938,-0.0945,0.6000,0.1438,-0.0945,-1.0000,-0.0357,C-06;C-01
69,3.4500,-0.0613,0.8928,-0.0952,0.6000,0.1428,-0.0952,-1.0000,-0.0343,C-06;C-01
70,3.5000,-0.0513,0.8919,-0.0959,0.6000,0.1419,-0.0959,-1.0000,-0.0328,C-06;C-01
71,3.5500,-0.0414,0.8909,-0.0965,0.7000,0.1409,-0.0965,-1.0000,-0.0314,C-06;C-01
72,3.6000,-0.0314,0.8900,-0.0971,0.7000,0.1400,-0.0971,-1.0000,-0.0299,C-06;C-01
73,3.6500,-0.0215,0.8890,-0.0977,0.7000,0.1390,-0.0977,-1.0000,-0.0285,C-06;C-01
74,3.7000,-0.0115,0.8880,-0.0982,0.7000,0.1380,-0.0982,-1.0000,-0.0270,C-06;C-01
75,3.7500,-0.0016,0.8870,-0.0988,0.7000,0.1370,-0.0988,-1.0000,-0.0255,C-06;C-01
76,3.8000,0.0084,0.8860,-0.0993,0.7000,0.1360,-0.0993,-1.0000,-0.0241,C-06;C-01
77,3.8500,0.0183,0.8850,-0.0997,0.7000,0.1350,-0.0997,-1.0000,-0.0226,C-06;C-01
78,3.9000,0.0283,0.8841,-0.1002,0.7000,0.1341,-0.1002,-1.0000,-0.0211,C-06;C-01
79,3.9500,0.0382,0.8830,-0.1006,0.7000,0.1330,-0.1006,-1.0000,-0.0196,C-06;C-01
80,4.0000,0.0482,0.8820,-0.1010,0.7000,0.1320,-0.1010,-1.0000,-0.0181,C-06;C-01
81,4.0500,0.0581,0.8810,-0.1013,0.8000,0.1310,-0.1013,-1.0000,-0.0166,C-06;C-01
82,4.1000,0.0681,0.8800,-0.1016,0.8000,0.1300,-0.1016,-1.0000,-0.0150,C-06;C-01
83,4.1500,0.0780,0.8790,-0.1019,0.8000,0.1290,-0.1019,-1.0000,-0.0135,C-06;C-01
84,4.2000,0.0880,0.8780,-0.1022,0.8000,0.1280,-0.1022,-1.0000,-0.0120,C-06;C-01
85,4.2500,0.0979,0.8770,-0.1024,0.8000,0.1270,-0.1024,-1.0000,-0.0104,C-06;C-01
86,4.3000,0.1079,0.8759,-0.1026,0.8000,0.1259,-0.1026,-1.0000,-0.0089,C-06;C-01
87,4.3500,0.1178,0.8749,-0.1028,0.8000,0.1249,-0.1028,-1.0000,-0.0074,C-06;C-01
88,4.4000,0.1278,0.8739,-0.1029,0.8000,0.1239,-0.1029,-1.0000,-0.0058,C-06;C-01
89,4.4500,0.1377,0.8729,-0.1031,0.8000,0.1229,-0.1031,-1.0000,-0.0043,C-06;C-01
90,4.5000,0.1477,0.8718,-0.1031,0.8000,0.1218,-0.1031,-1.0000,-0.0027,C-06;C-01
91,4.5500,0.1576,0.8708,-0.1032,0.9000,0.1208,-0.1032,-1.0000,-0.0012,C-06;C-01
92,4.6000,0.1676,0.8698,-0.1032,0.9000,0.1198,-0.1032,-1.0000,-0.0000,C-06;C-01
93,4.6500,0.1775,0.8687,-0.1032,0.9000,0.1187,-0.1032,-1.0000,-0.1500,C-06
94,4.7000,0.1875,0.8677,-0.1061,0.9000,0.1177,-0.1061,-1.0000,-0.3000,C-06
95,4.7500,0.1974,0.8666,-0.1120,0.9000,0.1166,-0.1120,-1.0000,-0.4500,C-06
96,4.8000,0.2073,0.8654,-0.1208,0.9000,0.1154,-0.1208,-1.0000,-0.6000,C-06
97,4.8500,0.2172,0.8642,-0.1327,0.9000,0.1142,-0.1327,-1.0000,-0.7500,C-06
98,4.9000,0.2271,0.8628,-0.1476,0.9000,0.1128,-0.1476,-0.9289,-0.9000,C-06
99,4.9500,0.2370,0.8612,-0.1657,0.9000,0.1112,-0.1657,-0.8478,-0.8478,
100,5.0000,0.2469,0.8595,-0.1827,0.9000,0.1095,-0.1827,-0.8001,-0.8001,
101,5.0500,0.2567,0.8576,-0.1986,1.0000,0.1076,-0.1986,-0.7517,-0.7517,
102,5.1000,0.2665,0.8556,-0.2136,1.0000,0.1056,-0.2136,-0.7037,-0.7037,
103,5.1500,0.2762,0.8534,-0.2276,1.0000,0.1034,-0.2276,-0.6560,-0.6560,
104,5.2000,0.2860,0.8510,-0.2406,1.0000,0.1010,-0.2406,-0.6087,-0.6087,
105,5.2500,0.2957,0.8486,-0.2526,1.0000,0.0986,-0.2526,-0.5618,-0.5618,
106,5.3000,0.3053,0.8461,-0.2636,1.0000,0.0961,-0.2636,-0.5155,-0.5155,
107,5.3500,0.3150,0.8434,-0.2738,1.0000,0.0934,-0.2738,-0.4697,-0.4697,
108,5.4000,0.3246,0.8406,-0.2830,1.0000,0.0906,-0.2830,-0.4247,-0.4247,
109,5.4500,0.3342,0.8378,-0.2913,1.0000,0.0878,-0.2913,-0.3803,-0.3803,
110,5.5000,0.3437,0.8349,-0.2988,1.0000,0.0849,-0.2988,-0.3368,-0.3368,
111,5.5500,0.3533,0.8319,-0.3053,1.1000,0.0819,-0.3053,-0.2941,-0.2941,
112,5.6000,0.3628,0.8289,-0.3111,1.1000,0.0789,-0.3111,-0.2523,-0.2523,
113,5.6500,0.3723,0.8258,-0.3160,1.1000,0.0758,-0.3160,-0.2114,-0.2114,
114,5.7000,0.3818,0.8227,-0.3201,1.1000,0.0727,-0.3201,-0.1715,-0.1715,
115,5.7500,0.3913,0.8195,-0.3234,1.1000,0.0695,-0.3234,-0.1327,-0.1327,
116,5.8000,0.4008,0.8163,-0.3260,1.1000,0.0663,-0.3260,-0.0949,-0.0949,
117,5.8500,0.4103,0.8131,-0.3279,1.1000,0.0631,-0.3279,-0.0582,-0.0582,
118,5.9000,0.4197,0.8099,-0.3290,1.1000,0.0599,-0.3290,-0.0227,-0.0227,
119,5.9500,0.4292,0.8067,-0.3294,1.1000,0.0567,-0.3294,0.0117,0.0117,
120,6.0000,0.4387,0.8034,-0.3292,1.1000,0.0534,-0.3292,0.0449,0.0449,
121,6.0500,0.4481,0.8002,-0.3283,1.1000,0.0502,-0.3283,0.0768,0.0768,
122,6.1000,0.4576,0.7970,-0.3269,1.2000,0.0470,-0.3269,0.1076,0.1076,
123,6.1500,0.4671,0.7938,-0.3248,1.2000,0.0438,-0.3248,0.1370,0.1370,
124,6.2000,0.4765,0.7906,-0.3221,1.2000,0.0406,-0.3221,0.1652,0.1652,
125,6.2500,0.4860,0.7875,-0.3189,1.2000,0.0375,-0.3189,0.1921,0.1921,
126,6.3000,0.4955,0.7843,-0.3151,1.2000,0.0343,-0.3151,0.2177,0.2177,
127,6.3500,0.5051,0.7813,-0.3109,1.2000,0.0313,-0.3109,0.2420,0.2420,
128,6.4000,0.5146,0.7782,-0.3062,1.2000,0.0282,-0.3062,0.2650,0.2650,
129,6.4500,0.5241,0.7752,-0.3010,1.2000,0.0252,-0.3010,0.2867,0.2867,
130,6.5000,0.5337,0.7723,-0.2954,1.2000,0.0223,-0.2954,0.3071,0.3071,
131,6.5500,0.5433,0.7694,-0.2894,1.2000,0.0194,-0.2894,0.3262,0.3262,
132,6.6000,0.5529,0.7666,-0.2830,1.3000,0.0166,-0.2830,0.3439,0.3439,
133,6.6500,0.5625,0.7638,-0.2763,1.3000,0.0138,-0.2763,0.3604,0.3604,
134,6.7000,0.5721,0.7611,-0.2693,1.3000,0.0111,-0.2693,0.3756,0.3756,
135,6.7500,0.5817,0.7585,-0.2619,1.3000,0.0085,-0.2619,0.3895,0.3895,
136,6.8000,0.5914,0.7560,-0.2543,1.3000,0.0060,-0.2543,0.4022,0.4022,
137,6.8500,0.6011,0.7535,-0.2464,1.3000,0.0035,-0.2464,0.4136,0.4136,
138,6.9000,0.6108,0.7511,-0.2383,1.3000,0.0011,-0.2383,0.4238,0.4238,
139,6.9500,0.6205,0.7488,-0.2300,1.3000,-0.0012,-0.2300,0.4328,0.4328,
140,7.0000,0.6303,0.7465,-0.2216,1.3000,-0.0035,-0.2216,0.4406,0.4406,
141,7.0500,0.6400,0.7444,-0.2129,1.3000,-0.0056,-0.2129,0.4473,0.4473,
142,7.1000,0.6498,0.7423,-0.2042,1.3000,-0.0077,-0.2042,0.4528,0.4528,
143,7.1500,0.6596,0.7403,-0.1953,1.4000,-0.0097,-0.1953,0.4572,0.4572,
144,7.2000,0.6694,0.7384,-0.1863,1.4000,-0.0116,-0.1863,0.4606,0.4606,
145,7.2500,0.6793,0.7366,-0.1773,1.4000,-0.0134,-0.1773,0.4629,0.4629,
146,7.3000,0.6891,0.7349,-0.1682,1.4000,-0.0151,-0.1682,0.4642,0.4642,
147,7.3500,0.6990,0.7333,-0.1591,1.4000,-0.0167,-0.1591,0.4645,0.4645,
148,7.4000,0.7089,0.7317,-0.1500,1.4000,-0.0183,-0.1500,0.4638,0.4638,
149,7.4500,0.7188,0.7303,-0.1409,1.4000,-0.0197,-0.1409,0.4623,0.4623,
150,7.5000,0.7287,0.7289,-0.1318,1.4000,-0.0211,-0.1318,0.4598,0.4598,
151,7.5500,0.7386,0.7276,-0.1228,1.4000,-0.0224,-0.1228,0.4565,0.4565,
152,7.6000,0.7485,0.7265,-0.1138,1.4000,-0.0235,-0.1138,0.4524,0.4524,
153,7.6500,0.7585,0.7254,-0.1050,1.5000,-0.0240,-0.0397,-0.2162,0.3024,C-06
154,7.7000,0.7684,0.7243,-0.0991,1.5000,-0.0244,-0.0338,0.3182,0.3182,
155,7.7500,0.7784,0.7234,-0.0929,1.5000,-0.0247,-0.0276,0.3065,0.3065,
156,7.8000,0.7883,0.7225,-0.0869,1.5000,-0.0249,-0.0216,0.2986,0.2986,
157,7.8500,0.7983,0.7217,-0.0810,1.5000,-0.0251,-0.0158,0.2898,0.2898,
158,7.9000,0.8083,0.7209,-0.0754,1.5000,-0.0253,-0.0101,0.2808,0.2808,
159,7.9500,0.8182,0.7201,-0.0699,1.5000,-0.0253,-0.0046,0.2716,0.2716,
160,8.0000,0.8282,0.7195,-0.0646,1.5000,-0.0254,0.0007,0.2621,0.2621,
161,8.0500,0.8382,0.7189,-0.0595,1.5000,-0.0253,0.0058,0.2524,0.2524,
162,8.1000,0.8482,0.7183,-0.0546,1.5981,-0.0248,0.1424,-1.0000,0.1024,C-06
163,8.1500,0.8582,0.7177,-0.0526,1.5981,-0.0233,0.1444,-0.0382,-0.0382,
164,8.2000,0.8682,0.7172,-0.0533,1.5981,-0.0219,0.1437,-0.0328,-0.0328,
165,8.2500,0.8781,0.7167,-0.0540,1.5981,-0.0205,0.1430,-0.0494,-0.0494,
166,8.3000,0.8881,0.7161,-0.0549,1.5981,-0.0191,0.1421,-0.0620,-0.0620,
167,8.3500,0.8981,0.7156,-0.0561,1.5981,-0.0176,0.1409,-0.0745,-0.0745,
168,8.4000,0.9081,0.7150,-0.0576,1.5981,-0.0162,0.1394,-0.0863,-0.0863,
169,8.4500,0.9181,0.7144,-0.0593,1.5981,-0.0149,0.1377,-0.0976,-0.0976,
170,8.5000,0.9281,0.7138,-0.0612,1.5981,-0.0135,0.1358,-0.1083,-0.1083,
171,8.5500,0.9380,0.7132,-0.0633,1.5981,-0.0122,0.1337,-0.1184,-0.1184,
172,8.6000,0.9480,0.7126,-0.0656,1.6962,-0.0099,0.2613,-1.0000,-0.2684,C-06
173,8.6500,0.9580,0.7119,-0.0708,1.6962,-0.0074,0.2561,-0.4071,-0.4071,
174,8.7000,0.9680,0.7111,-0.0788,1.6962,-0.0049,0.2481,-0.3994,-0.3994,
175,8.7500,0.9779,0.7103,-0.0866,1.6962,-0.0025,0.2403,-0.4133,-0.4133,
176,8.8000,0.9879,0.7094,-0.0947,1.6962,-0.0001,0.2322,-0.4224,-0.4224,
177,8.8500,0.9978,0.7084,-0.1030,1.6962,0.0021,0.2239,-0.4309,-0.4309,
178,8.9000,1.0078,0.7073,-0.1114,1.6962,0.0043,0.2155,-0.4381,-0.4381,
179,8.9500,1.0177,0.7062,-0.1200,1.6962,0.0064,0.2069,-0.4443,-0.4443,
180,9.0000,1.0276,0.7050,-0.1287,1.6962,0.0084,0.1982,-0.4493,-0.4493,
181,9.0500,1.0376,0.7036,-0.1375,1.6962,0.0103,0.1894,-0.4532,-0.4532,
182,9.1000,1.0475,0.7022,-0.1464,1.7943,0.0130,0.3118,-1.0000,-0.6032,C-06
183,9.1500,1.0573,0.7007,-0.1583,1.7943,0.0160,0.2999,-0.7271,-0.7271,
184,9.2000,1.0672,0.6990,-0.1728,1.7943,0.0189,0.2854,-0.7121,-0.7121,
185,9.2500,1.0770,0.6973,-0.1869,1.7943,0.0216,0.2713,-0.7181,-0.7181,
186,9.3000,1.0869,0.6953,-0.2012,1.7943,0.0242,0.2570,-0.7188,-0.7188,
187,9.3500,1.0966,0.6933,-0.2154,1.7943,0.0267,0.2427,-0.7187,-0.7187,
188,9.4000,1.1064,0.6911,-0.2297,1.7943,0.0290,0.2285,-0.7170,-0.7170,
189,9.4500,1.1161,0.6887,-0.2440,1.7943,0.0312,0.2142,-0.7139,-0.7139,
190,9.5000,1.1258,0.6862,-0.2581,1.7943,0.0333,0.2000,-0.7095,-0.7095,
191,9.5500,1.1354,0.6836,-0.2722,1.7943,0.0352,0.1860,-0.7038,-0.7038,
192,9.6000,1.1451,0.6808,-0.2862,1.7943,0.0370,0.1720,-0.6969,-0.6969,
193,9.6500,1.1546,0.6780,-0.3000,1.8924,0.0401,0.2888,-1.0000,-0.8469,C-06
194,9.7000,1.1642,0.6749,-0.3170,1.8924,0.0429,0.2719,-0.9528,-0.9528,
195,9.7500,1.1736,0.6717,-0.3362,1.8924,0.0455,0.2526,-0.9263,-0.9263,
196,9.8000,1.1830,0.6683,-0.3549,1.8924,0.0479,0.2340,-0.9208,-0.9208,
197,9.8500,1.1924,0.6648,-0.3735,1.8924,0.0501,0.2154,-0.9098,-0.9098,
198,9.9000,1.2017,0.6610,-0.3918,1.8924,0.0522,0.1971,-0.8980,-0.8980,
199,9.9500,1.2109,0.6571,-0.4098,1.8924,0.0540,0.1790,-0.8847,-0.8847,
200,10.0000,1.2200,0.6531,-0.4276,1.8924,0.0557,0.1613,-0.8701,-0.8701,
201,10.0500,1.2291,0.6488,-0.4451,1.8924,0.0573,0.1438,-0.8542,-0.8542,
202,10.1000,1.2381,0.6445,-0.4622,1.8924,0.0586,0.1267,-0.8371,-0.8371,
203,10.1500,1.2470,0.6399,-0.4789,1.9905,0.0604,0.2415,-1.0000,-0.9871,C-06
204,10.2000,1.2558,0.6352,-0.4989,1.9905,0.0627,0.2215,-1.0000,-1.0000,
205,10.2500,1.2645,0.6304,-0.5192,1.9905,0.0648,0.2012,-1.0000,-1.0000,
206,10.3000,1.2732,0.6253,-0.5395,1.9905,0.0667,0.1810,-1.0000,-1.0000,
207,10.3500,1.2817,0.6201,-0.5598,1.9905,0.0684,0.1607,-1.0000,-1.0000,
208,10.4000,1.2901,0.6147,-0.5801,1.9905,0.0699,0.1404,-0.9770,-0.9770,
209,10.4500,1.2984,0.6091,-0.5998,1.9905,0.0712,0.1206,-0.9551,-0.9551,
210,10.5000,1.3066,0.6034,-0.6191,1.9905,0.0723,0.1013,-0.9316,-0.9316,
211,10.5500,1.3147,0.5975,-0.6379,1.9905,0.0732,0.0826,-0.9072,-0.9072,
212,10.6000,1.3227,0.5915,-0.6562,1.9905,0.0739,0.0643,-0.8818,-0.8818,
213,10.6500,1.3306,0.5853,-0.6739,1.9905,0.0745,0.0466,-0.8554,-0.8554,
214,10.7000,1.3383,0.5790,-0.6910,2.0886,0.0757,0.1593,-1.0000,-1.0000,
215,10.7500,1.3460,0.5726,-0.7113,2.0886,0.0772,0.1390,-1.0000,-1.0000,
216,10.8000,1.3535,0.5660,-0.7316,2.0886,0.0785,0.1187,-1.0000,-1.0000,
217,10.8500,1.3608,0.5592,-0.7519,2.0886,0.0796,0.0985,-1.0000,-1.0000,
218,10.9000,1.3681,0.5523,-0.7721,2.0886,0.0805,0.0782,-0.9736,-0.9736,
219,10.9500,1.3752,0.5452,-0.7918,2.0886,0.0812,0.0585,-0.9450,-0.9450,
220,11.0000,1.3821,0.5381,-0.8109,2.0886,0.0816,0.0394,-0.9156,-0.9156,
221,11.0500,1.3889,0.5308,-0.8294,2.0886,0.0819,0.0210,-0.8854,-0.8854,
222,11.1000,1.3956,0.5233,-0.8471,2.0886,0.0821,0.0032,-0.8545,-0.8545,
223,11.1500,1.4022,0.5158,-0.8643,2.0886,0.0820,-0.0139,-0.8230,-0.8230,
224,11.2000,1.4086,0.5081,-0.8807,2.0886,0.0818,-0.0304,-0.7909,-0.7909,
225,11.2500,1.4149,0.5003,-0.8965,2.1867,0.0824,0.0854,-1.0000,-0.9409,C-06
226,11.3000,1.4211,0.4925,-0.9155,2.1867,0.0832,0.0664,-0.9917,-0.9917,
227,11.3500,1.4271,0.4845,-0.9356,2.1867,0.0838,0.0463,-0.9478,-0.9478,
228,11.4000,1.4330,0.4764,-0.9547,2.1867,0.0841,0.0272,-0.9194,-0.9194,
229,11.4500,1.4387,0.4682,-0.9733,2.1867,0.0843,0.0087,-0.8874,-0.8874,
230,11.5000,1.4442,0.4598,-0.9911,2.1867,0.0843,-0.0091,-0.8552,-0.8552,
231,11.5500,1.4496,0.4514,-1.0082,2.1867,0.0841,-0.0263,-0.8224,-0.8224,
232,11.6000,1.4549,0.4429,-1.0247,2.1867,0.0838,-0.0427,-0.7891,-0.7891,
233,11.6500,1.4600,0.4343,-1.0404,2.1867,0.0833,-0.0585,-0.7554,-0.7554,
234,11.7000,1.4650,0.4257,-1.0555,2.1867,0.0826,-0.0735,-0.7213,-0.7213,
235,11.7500,1.4699,0.4169,-1.0698,2.1867,0.0818,-0.0879,-0.6870,-0.6870,
236,11.8000,1.4746,0.4081,-1.0834,2.2848,0.0820,0.0292,-1.0000,-0.8370,C-06
237,11.8500,1.4792,0.3993,-1.1002,2.2848,0.0822,0.0124,-0.8839,-0.8839,
238,11.9000,1.4837,0.3903,-1.1179,2.2848,0.0823,-0.0053,-0.8394,-0.8394,
239,11.9500,1.4880,0.3813,-1.1347,2.2848,0.0821,-0.0221,-0.8097,-0.8097,
240,12.0000,1.4921,0.3722,-1.1509,2.2848,0.0818,-0.0383,-0.7770,-0.7770,
241,12.0500,1.4961,0.3630,-1.1664,2.2848,0.0814,-0.0538,-0.7442,-0.7442,
242,12.1000,1.5000,0.3538,-1.1812,2.2848,0.0808,-0.0686,-0.7111,-0.7111,
243,12.1500,1.5037,0.3445,-1.1953,2.2848,0.0800,-0.0827,-0.6777,-0.6777,
244,12.2000,1.5073,0.3352,-1.2088,2.2848,0.0791,-0.0962,-0.6441,-0.6441,
245,12.2500,1.5108,0.3258,-1.2215,2.2848,0.0781,-0.1089,-0.6104,-0.6104,
246,12.3000,1.5142,0.3164,-1.2336,2.2848,0.0769,-0.1209,-0.5766,-0.5766,
247,12.3500,1.5174,0.3070,-1.2449,2.3829,0.0770,-0.0010,-1.0000,-0.7266,C-06
248,12.4000,1.5206,0.2975,-1.2594,2.3829,0.0769,-0.0155,-0.7793,-0.7793,
249,12.4500,1.5236,0.2879,-1.2749,2.3829,0.0767,-0.0310,-0.7354,-0.7354,
250,12.5000,1.5264,0.2783,-1.2895,2.3829,0.0763,-0.0457,-0.7072,-0.7072,
251,12.5500,1.5291,0.2687,-1.3036,2.3829,0.0758,-0.0597,-0.6759,-0.6759,
252,12.6000,1.5317,0.2590,-1.3170,2.3829,0.0751,-0.0731,-0.6448,-0.6448,
253,12.6500,1.5341,0.2493,-1.3297,2.3829,0.0743,-0.0858,-0.6134,-0.6134,
254,12.7000,1.5365,0.2396,-1.3418,2.3829,0.0734,-0.0980,-0.5819,-0.5819,
255,12.7500,1.5387,0.2299,-1.3533,2.3829,0.0724,-0.1094,-0.5504,-0.5504,
256,12.8000,1.5408,0.2201,-1.3641,2.3829,0.0712,-0.1203,-0.5188,-0.5188,
257,12.8500,1.5428,0.2103,-1.3743,2.3829,0.0700,-0.1305,-0.4873,-0.4873,
258,12.9000,1.5447,0.2005,-1.3839,2.4810,0.0702,-0.0101,-1.0000,-0.6373,C-06
259,12.9500,1.5465,0.1906,-1.3965,2.4810,0.0700,-0.0227,-0.6955,-0.6955,
260,13.0000,1.5482,0.1808,-1.4103,2.4810,0.0697,-0.0365,-0.6538,-0.6538,
261,13.0500,1.5497,0.1709,-1.4233,2.4810,0.0693,-0.0495,-0.6281,-0.6281,
262,13.1000,1.5511,0.1610,-1.4357,2.4810,0.0687,-0.0619,-0.5994,-0.5994,
263,13.1500,1.5524,0.1511,-1.4475,2.4810,0.0681,-0.0737,-0.5709,-0.5709,
264,13.2000,1.5536,0.1411,-1.4588,2.4810,0.0673,-0.0849,-0.5423,-0.5423,
265,13.2500,1.5546,0.1312,-1.4694,2.4810,0.0664,-0.0956,-0.5135,-0.5135,
266,13.3000,1.5556,0.1212,-1.4795,2.4810,0.0654,-0.1057,-0.4847,-0.4847,
267,13.3500,1.5565,0.1113,-1.4890,2.4810,0.0643,-0.1152,-0.4560,-0.4560,
268,13.4000,1.5572,0.1013,-1.4980,2.5791,0.0637,0.0075,-1.0000,-0.6060,C-06
269,13.4500,1.5579,0.0913,-1.5099,2.5791,0.0637,-0.0044,-0.6634,-0.6634,
270,13.5000,1.5584,0.0814,-1.5231,2.5791,0.0636,-0.0176,-0.6254,-0.6254,
271,13.5500,1.5589,0.0714,-1.5354,2.5791,0.0634,-0.0299,-0.6026,-0.6026,
272,13.6000,1.5591,0.0614,-1.5473,2.5791,0.0630,-0.0418,-0.5769,-0.5769,
273,13.6500,1.5593,0.0514,-1.5587,2.5791,0.0626,-0.0532,-0.5514,-0.5514,
274,13.7000,1.5594,0.0414,-1.5696,2.5791,0.0620,-0.0640,-0.5255,-0.5255,
275,13.7500,1.5594,0.0314,-1.5799,2.5791,0.0613,-0.0744,-0.4995,-0.4995,
276,13.8000,1.5592,0.0214,-1.5897,2.5791,0.0605,-0.0842,-0.4735,-0.4735,
277,13.8500,1.5590,0.0114,-1.5990,2.5791,0.0596,-0.0935,-0.4473,-0.4473,
278,13.9000,1.5587,0.0014,-1.6078,2.5791,0.0586,-0.1023,-0.4212,-0.4212,
279,13.9500,1.5582,-0.0086,-1.6160,2.6772,0.0587,0.0201,-1.0000,-0.5712,C-06
280,14.0000,1.5577,-0.0186,-1.6273,2.6772,0.0588,0.0088,-0.6377,-0.6377,
281,14.0500,1.5571,-0.0286,-1.6399,2.6772,0.0588,-0.0038,-0.6011,-0.6011,
282,14.1000,1.5564,-0.0386,-1.6517,2.6772,0.0588,-0.0157,-0.5808,-0.5808,
283,14.1500,1.5555,-0.0485,-1.6632,2.6772,0.0585,-0.0271,-0.5573,-0.5573,
284,14.2000,1.5545,-0.0585,-1.6742,2.6772,0.0582,-0.0381,-0.5340,-0.5340,
285,14.2500,1.5534,-0.0684,-1.6847,2.6772,0.0578,-0.0486,-0.5104,-0.5104,
286,14.3000,1.5522,-0.0783,-1.6947,2.6772,0.0572,-0.0586,-0.4865,-0.4865,
287,14.3500,1.5510,-0.0883,-1.7043,2.6772,0.0566,-0.0682,-0.4626,-0.4626,
288,14.4000,1.5496,-0.0982,-1.7133,2.6772,0.0559,-0.0773,-0.4385,-0.4385,
289,14.4500,1.5481,-0.1081,-1.7219,2.6772,0.0551,-0.0859,-0.4144,-0.4144,
290,14.5000,1.5466,-0.1179,-1.7300,2.7753,0.0559,0.0377,-1.0000,-0.5644,C-06
291,14.5500,1.5449,-0.1278,-1.7412,2.7753,0.0562,0.0266,-0.6446,-0.6446,
292,14.6000,1.5432,-0.1376,-1.7539,2.7753,0.0564,0.0139,-0.6077,-0.6077,
293,14.6500,1.5413,-0.1475,-1.7659,2.7753,0.0565,0.0019,-0.5892,-0.5892,
294,14.7000,1.5393,-0.1573,-1.7775,2.7753,0.0564,-0.0097,-0.5673,-0.5673,
295,14.7500,1.5372,-0.1670,-1.7887,2.7753,0.0563,-0.0209,-0.5454,-0.5454,
296,14.8000,1.5350,-0.1768,-1.7994,2.7753,0.0560,-0.0317,-0.5231,-0.5231,
297,14.8500,1.5327,-0.1865,-1.8097,2.7753,0.0557,-0.0419,-0.5005,-0.5005,
298,14.9000,1.5302,-0.1962,-1.8196,2.7753,0.0552,-0.0518,-0.4777,-0.4777,
299,14.9500,1.5277,-0.2059,-1.8289,2.7753,0.0546,-0.0612,-0.4548,-0.4548,
300,15.0000,1.5251,-0.2156,-1.8379,2.8734,0.0549,0.0598,-1.0000,-0.6048,C-06
301,15.0500,1.5224,-0.2252,-1.8498,2.8734,0.0555,0.0479,-0.6745,-0.6745,
302,15.1000,1.5196,-0.2348,-1.8632,2.8734,0.0559,0.0345,-0.6404,-0.6404,
303,15.1500,1.5167,-0.2443,-1.8758,2.8734,0.0562,0.0219,-0.6226,-0.6226,
304,15.2000,1.5136,-0.2539,-1.8881,2.8734,0.0563,0.0096,-0.6014,-0.6014,
305,15.2500,1.5104,-0.2633,-1.9000,2.8734,0.0564,-0.0023,-0.5802,-0.5802,
306,15.3000,1.5072,-0.2728,-1.9114,2.8734,0.0563,-0.0137,-0.5586,-0.5586,
307,15.3500,1.5038,-0.2822,-1.9224,2.8734,0.0561,-0.0247,-0.5365,-0.5365,
308,15.4000,1.5003,-0.2916,-1.9330,2.8734,0.0558,-0.0353,-0.5142,-0.5142,
309,15.4500,1.4967,-0.3009,-1.9431,2.8734,0.0554,-0.0454,-0.4916,-0.4916,
310,15.5000,1.4930,-0.3102,-1.9528,2.8734,0.0549,-0.0551,-0.4688,-0.4688,
311,15.5500,1.4892,-0.3195,-1.9620,2.9715,0.0559,0.0670,-1.0000,-0.6188,C-06
312,15.6000,1.4854,-0.3287,-1.9742,2.9715,0.0565,0.0548,-0.6991,-0.6991,
313,15.6500,1.4814,-0.3378,-1.9881,2.9715,0.0570,0.0409,-0.6630,-0.6630,
314,15.7000,1.4773,-0.3470,-2.0012,2.9715,0.0573,0.0278,-0.6453,-0.6453,
315,15.7500,1.4730,-0.3560,-2.0140,2.9715,0.0576,0.0150,-0.6239,-0.6239,
316,15.8000,1.4687,-0.3650,-2.0263,2.9715,0.0576,0.0027,-0.6024,-0.6024,
317,15.8500,1.4642,-0.3740,-2.0382,2.9715,0.0576,-0.0092,-0.5804,-0.5804,
318,15.9000,1.4597,-0.3829,-2.0496,2.9715,0.0575,-0.0206,-0.5580,-0.5580,
319,15.9500,1.4550,-0.3917,-2.0606,2.9715,0.0572,-0.0316,-0.5353,-0.5353,
320,16.0000,1.4503,-0.4005,-2.0711,2.9715,0.0568,-0.0422,-0.5123,-0.5123,
321,16.0500,1.4454,-0.4093,-2.0812,3.0697,0.0572,0.0784,-1.0000,-0.6623,C-06
322,16.1000,1.4405,-0.4180,-2.0943,3.0697,0.0580,0.0653,-0.7316,-0.7316,
323,16.1500,1.4354,-0.4266,-2.1089,3.0697,0.0585,0.0508,-0.6970,-0.6970,
324,16.2000,1.4302,-0.4352,-2.1227,3.0697,0.0590,0.0370,-0.6788,-0.6788,
325,16.2500,1.4249,-0.4436,-2.1361,3.0697,0.0593,0.0235,-0.6571,-0.6571,
326,16.3000,1.4195,-0.4520,-2.1492,3.0697,0.0594,0.0105,-0.6352,-0.6352,
327,16.3500,1.4140,-0.4604,-2.1617,3.0697,0.0595,-0.0021,-0.6128,-0.6128,
328,16.4000,1.4084,-0.4687,-2.1738,3.0697,0.0594,-0.0142,-0.5899,-0.5899,
329,16.4500,1.4027,-0.4769,-2.1855,3.0697,0.0592,-0.0258,-0.5667,-0.5667,
330,16.5000,1.3969,-0.4850,-2.1966,3.0697,0.0589,-0.0370,-0.5431,-0.5431,
331,16.5500,1.3910,-0.4931,-2.2073,3.0697,0.0585,-0.0477,-0.5192,-0.5192,
332,16.6000,1.3850,-0.5011,-2.2175,3.1678,0.0594,0.0737,-1.0000,-0.6692,C-06
333,16.6500,1.3789,-0.5090,-2.2308,3.1678,0.0601,0.0605,-0.7455,-0.7455,
334,16.7000,1.3727,-0.5169,-2.2456,3.1678,0.0606,0.0457,-0.7086,-0.7086,
335,16.7500,1.3664,-0.5246,-2.2597,3.1678,0.0610,0.0316,-0.6896,-0.6896,
336,16.8000,1.3600,-0.5323,-2.2734,3.1678,0.0612,0.0179,-0.6669,-0.6669,
337,16.8500,1.3535,-0.5399,-2.2866,3.1678,0.0613,0.0047,-0.6441,-0.6441,
338,16.9000,1.3469,-0.5474,-2.2993,3.1678,0.0613,-0.0080,-0.6208,-0.6208,
339,16.9500,1.3402,-0.5548,-2.3116,3.1678,0.0612,-0.0203,-0.5970,-0.5970,
340,17.0000,1.3334,-0.5622,-2.3233,3.1678,0.0609,-0.0321,-0.5728,-0.5728,
341,17.0500,1.3265,-0.5694,-2.3346,3.1678,0.0605,-0.0434,-0.5484,-0.5484,
342,17.1000,1.3195,-0.5766,-2.3454,3.2659,0.0607,0.0757,-1.0000,-0.6984,C-06
343,17.1500,1.3125,-0.5837,-2.3593,3.2659,0.0614,0.0618,-0.7597,-0.7597,
344,17.2000,1.3054,-0.5907,-2.3744,3.2659,0.0619,0.0467,-0.7247,-0.7247,
345,17.2500,1.2981,-0.5976,-2.3888,3.2659,0.0623,0.0323,-0.7048,-0.7048,
346,17.3000,1.2908,-0.6044,-2.4028,3.2659,0.0626,0.0183,-0.6816,-0.6816,
347,17.3500,1.2833,-0.6111,-2.4163,3.2659,0.0627,0.0048,-0.6583,-0.6583,
348,17.4000,1.2758,-0.6176,-2.4293,3.2659,0.0627,-0.0082,-0.6344,-0.6344,
349,17.4500,1.2682,-0.6241,-2.4419,3.2659,0.0625,-0.0208,-0.6101,-0.6101,
350,17.5000,1.2605,-0.6305,-2.4539,3.2659,0.0623,-0.0328,-0.5854,-0.5854,
351,17.5500,1.2527,-0.6368,-2.4655,3.2659,0.0619,-0.0444,-0.5604,-0.5604,
352,17.6000,1.2449,-0.6430,-2.4765,3.2659,0.0614,-0.0554,-0.5352,-0.5352,
353,17.6500,1.2370,-0.6492,-2.4871,3.3639,0.0619,0.0657,-1.0000,-0.6852,C-06
354,17.7000,1.2290,-0.6552,-2.5006,3.3639,0.0625,0.0521,-0.7551,-0.7551,
355,17.7500,1.2210,-0.6611,-2.5157,3.3639,0.0630,0.0371,-0.7177,-0.7177,
356,17.8000,1.2128,-0.6669,-2.5299,3.3639,0.0633,0.0228,-0.6973,-0.6973,
357,17.8500,1.2046,-0.6726,-2.5438,3.3639,0.0634,0.0090,-0.6734,-0.6734,
358,17.9000,1.1963,-0.6782,-2.5571,3.3639,0.0634,-0.0044,-0.6495,-0.6495,
359,17.9500,1.1879,-0.6837,-2.5700,3.3639,0.0633,-0.0172,-0.6250,-0.6250,
360,18.0000,1.1795,-0.6890,-2.5823,3.3639,0.0631,-0.0296,-0.6001,-0.6001,
361,18.0500,1.1710,-0.6943,-2.5941,3.3639,0.0628,-0.0414,-0.5749,-0.5749,
362,18.1000,1.1624,-0.6994,-2.6055,3.3639,0.0623,-0.0527,-0.5494,-0.5494,
363,18.1500,1.1538,-0.7045,-2.6163,3.3639,0.0617,-0.0636,-0.5237,-0.5237,
364,18.2000,1.1451,-0.7095,-2.6266,3.4621,0.0627,0.0568,-1.0000,-0.6737,C-06
365,18.2500,1.1364,-0.7143,-2.6399,3.4621,0.0632,0.0435,-0.7464,-0.7464,
366,18.3000,1.1276,-0.7191,-2.6548,3.4621,0.0635,0.0286,-0.7079,-0.7079,
367,18.3500,1.1187,-0.7237,-2.6688,3.4621,0.0637,0.0146,-0.6872,-0.6872,
368,18.4000,1.1097,-0.7282,-2.6825,3.4621,0.0638,0.0009,-0.6628,-0.6628,
369,18.4500,1.1008,-0.7325,-2.6956,3.4621,0.0638,-0.0122,-0.6384,-0.6384,
370,18.5000,1.0917,-0.7368,-2.7082,3.4621,0.0636,-0.0248,-0.6135,-0.6135,
371,18.5500,1.0826,-0.7409,-2.7203,3.4621,0.0633,-0.0369,-0.5883,-0.5883,
372,18.6000,1.0735,-0.7450,-2.7319,3.4621,0.0628,-0.0485,-0.5628,-0.5628,
373,18.6500,1.0643,-0.7489,-2.7430,3.4621,0.0623,-0.0596,-0.5370,-0.5370,
374,18.7000,1.0550,-0.7527,-2.7536,3.5602,0.0625,0.0611,-1.0000,-0.6870,C-06
375,18.7500,1.0457,-0.7565,-2.7672,3.5602,0.0630,0.0475,-0.7509,-0.7509,
376,18.8000,1.0364,-0.7601,-2.7822,3.5602,0.0634,0.0325,-0.7141,-0.7141,
377,18.8500,1.0270,-0.7635,-2.7963,3.5602,0.0637,0.0183,-0.6932,-0.6932,
378,18.9000,1.0176,-0.7668,-2.8101,3.5602,0.0638,0.0046,-0.6691,-0.6691,
379,18.9500,1.0081,-0.7700,-2.8233,3.5602,0.0638,-0.0087,-0.6448,-0.6448,
380,19.0000,0.9986,-0.7731,-2.8361,3.5602,0.0636,-0.0214,-0.6201,-0.6201,
381,19.0500,0.9890,-0.7760,-2.8484,3.5602,0.0633,-0.0337,-0.5949,-0.5949,
382,19.1000,0.9794,-0.7789,-2.8601,3.5602,0.0629,-0.0454,-0.5695,-0.5695,
383,19.1500,0.9698,-0.7816,-2.8713,3.5602,0.0624,-0.0566,-0.5438,-0.5438,
384,19.2000,0.9602,-0.7842,-2.8820,3.5602,0.0618,-0.0673,-0.5179,-0.5179,
385,19.2500,0.9505,-0.7867,-2.8922,3.6583,0.0624,0.0524,-1.0000,-0.6679,C-06
386,19.3000,0.9408,-0.7891,-2.9054,3.6583,0.0628,0.0392,-0.7344,-0.7344,
387,19.3500,0.9311,-0.7914,-2.9200,3.6583,0.0632,0.0246,-0.6970,-0.6970,
388,19.4000,0.9213,-0.7935,-2.9339,3.6583,0.0633,0.0107,-0.6760,-0.6760,
389,19.4500,0.9115,-0.7955,-2.9473,3.6583,0.0634,-0.0027,-0.6517,-0.6517,
390,19.5000,0.9017,-0.7974,-2.9601,3.6583,0.0633,-0.0156,-0.6274,-0.6274,
391,19.5500,0.8918,-0.7991,-2.9725,3.6583,0.0631,-0.0280,-0.6025,-0.6025,
392,19.6000,0.8819,-0.8008,-2.9844,3.6583,0.0627,-0.0398,-0.5774,-0.5774,
393,19.6500,0.8721,-0.8023,-2.9958,3.6583,0.0623,-0.0512,-0.5520,-0.5520,
394,19.7000,0.8622,-0.8037,-3.0067,3.6583,0.0617,-0.0621,-0.5263,-0.5263,
395,19.7500,0.8522,-0.8050,-3.0170,3.6583,0.0610,-0.0724,-0.5005,-0.5005,
396,19.8000,0.8423,-0.8062,-3.0269,3.7564,0.0621,0.0494,-1.0000,-0.6505,C-06
397,19.8500,0.8324,-0.8072,-3.0397,3.7564,0.0625,0.0366,-0.7275,-0.7275,
398,19.9000,0.8224,-0.8082,-3.0542,3.7564,0.0628,0.0221,-0.6885,-0.6885,
399,19.9500,0.8124,-0.8090,-3.0679,3.7564,0.0629,0.0085,-0.6679,-0.6679,
400,20.0000,0.8025,-0.8097,-3.0811,3.7564,0.0630,-0.0048,-0.6436,-0.6436,
401,20.0500,0.7925,-0.8102,-3.0938,3.7564,0.0628,-0.0175,-0.6193,-0.6193,
402,20.1000,0.7825,-0.8106,-3.1061,3.7564,0.0626,-0.0297,-0.5946,-0.5946,
403,20.1500,0.7725,-0.8109,-3.1178,3.7564,0.0623,-0.0415,-0.5696,-0.5696,
404,20.2000,0.7625,-0.8111,-3.1290,3.7564,0.0618,-0.0527,-0.5443,-0.5443,
405,20.2500,0.7525,-0.8112,-3.1397,3.7564,0.0612,-0.0634,-0.5188,-0.5188,
406,20.3000,0.7425,-0.8111,3.1333,3.8545,0.0611,-0.0083,-1.0000,-0.6688,C-06
407,20.3500,0.7325,-0.8110,3.1200,3.8545,0.0610,-0.0216,-0.5845,-0.5845,
408,20.4000,0.7225,-0.8107,3.1085,3.8545,0.0607,-0.0331,-0.5703,-0.5703,
409,20.4500,0.7125,-0.8103,3.0973,3.8545,0.0603,-0.0443,-0.5443,-0.5443,
410,20.5000,0.7025,-0.8098,3.0865,3.8545,0.0598,-0.0551,-0.5198,-0.5198,
411,20.5500,0.6925,-0.8092,3.0763,3.8545,0.0592,-0.0653,-0.4950,-0.4950,
412,20.6000,0.6826,-0.8085,3.0666,3.8545,0.0585,-0.0750,-0.4700,-0.4700,
413,20.6500,0.6726,-0.8077,3.0574,3.8545,0.0577,-0.0842,-0.4449,-0.4449,
414,20.7000,0.6626,-0.8068,3.0487,3.8545,0.0568,-0.0929,-0.4199,-0.4199,
415,20.7500,0.6527,-0.8059,3.0404,3.8545,0.0559,-0.1012,-0.3948,-0.3948,
416,20.8000,0.6427,-0.8048,3.0327,3.9545,0.0548,-0.1089,-0.3699,-0.3699,
417,20.8500,0.6328,-0.8037,3.0255,3.9545,0.0537,-0.1161,-0.3451,-0.3451,
418,20.9000,0.6229,-0.8025,3.0187,3.9545,0.0525,-0.1229,-0.3204,-0.3204,
419,20.9500,0.6130,-0.8013,3.0125,3.9545,0.0513,-0.1291,-0.2960,-0.2960,
420,21.0000,0.6030,-0.7999,3.0067,3.9545,0.0499,-0.1349,-0.2718,-0.2718,
421,21.0500,0.5931,-0.7986,3.0014,3.9545,0.0486,-0.1402,-0.2479,-0.2479,
422,21.1000,0.5832,-0.7971,2.9966,3.9545,0.0471,-0.1450,-0.2243,-0.2243,
423,21.1500,0.5733,-0.7957,2.9922,3.9545,0.0457,-0.1494,-0.2011,-0.2011,
424,21.2000,0.5635,-0.7942,2.9883,3.9545,0.0442,-0.1533,-0.1783,-0.1783,
425,21.2500,0.5536,-0.7926,2.9848,3.9545,0.0426,-0.1568,-0.1559,-0.1559,
426,21.3000,0.5437,-0.7911,2.9818,4.0545,0.0411,-0.1598,-0.1340,-0.1340,
427,21.3500,0.5338,-0.7894,2.9792,4.0545,0.0394,-0.1624,-0.1126,-0.1126,
428,21.4000,0.5240,-0.7878,2.9770,4.0545,0.0378,-0.1646,-0.0917,-0.0917,
429,21.4500,0.5141,-0.7862,2.9752,4.0545,0.0362,-0.1664,-0.0713,-0.0713,
430,21.5000,0.5042,-0.7845,2.9738,4.0545,0.0345,-0.1678,-0.0515,-0.0515,
431,21.5500,0.4944,-0.7828,2.9728,4.0545,0.0328,-0.1688,-0.0323,-0.0323,
432,21.6000,0.4845,-0.7812,2.9722,4.0545,0.0312,-0.1694,-0.0137,-0.0137,
433,21.6500,0.4747,-0.7795,2.9719,4.0545,0.0295,-0.1697,0.0043,0.0043,
434,21.7000,0.4648,-0.7778,2.9720,4.0545,0.0278,-0.1696,0.0217,0.0217,
435,21.7500,0.4550,-0.7761,2.9724,4.0545,0.0261,-0.1692,0.0385,0.0385,
436,21.8000,0.4451,-0.7744,2.9732,4.1545,0.0244,-0.1684,0.0546,0.0546,
437,21.8500,0.4352,-0.7727,2.9742,4.1545,0.0227,-0.1674,0.0700,0.0700,
438,21.9000,0.4254,-0.7711,2.9756,4.1545,0.0211,-0.1660,0.0847,0.0847,
439,21.9500,0.4155,-0.7694,2.9772,4.1545,0.0194,-0.1644,0.0988,0.0988,
440,22.0000,0.4056,-0.7678,2.9791,4.1545,0.0178,-0.1624,0.1122,0.1122,
441,22.0500,0.3958,-0.7662,2.9813,4.1545,0.0162,-0.1603,0.1249,0.1249,
442,22.1000,0.3859,-0.7646,2.9838,4.1545,0.0146,-0.1578,0.1369,0.1369,
443,22.1500,0.3760,-0.7631,2.9864,4.1545,0.0131,-0.1552,0.1482,0.1482,
444,22.2000,0.3661,-0.7615,2.9893,4.1545,0.0115,-0.1523,0.1589,0.1589,
445,22.2500,0.3563,-0.7600,2.9924,4.1545,0.0100,-0.1492,0.1688,0.1688,
446,22.3000,0.3464,-0.7586,2.9957,4.2545,0.0086,-0.1459,0.1781,0.1781,
447,22.3500,0.3365,-0.7571,2.9992,4.2545,0.0071,-0.1424,0.1867,0.1867,
448,22.4000,0.3266,-0.7557,3.0028,4.2545,0.0057,-0.1388,0.1946,0.1946,
449,22.4500,0.3167,-0.7544,3.0066,4.2545,0.0044,-0.1350,0.2018,0.2018,
450,22.5000,0.3068,-0.7530,3.0105,4.2545,0.0030,-0.1311,0.2084,0.2084,
451,22.5500,0.2968,-0.7517,3.0146,4.2545,0.0017,-0.1270,0.2144,0.2144,
452,22.6000,0.2869,-0.7505,3.0187,4.2545,0.0005,-0.1228,0.2197,0.2197,
453,22.6500,0.2770,-0.7493,3.0230,4.2545,-0.0007,-0.1186,0.2244,0.2244,
454,22.7000,0.2671,-0.7481,3.0274,4.2545,-0.0019,-0.1142,0.2284,0.2284,
455,22.7500,0.2571,-0.7470,3.0319,4.2545,-0.0030,-0.1097,0.2319,0.2319,
456,22.8000,0.2472,-0.7459,3.0364,4.3545,-0.0041,-0.1052,0.2348,0.2348,
457,22.8500,0.2372,-0.7449,3.0409,4.3545,-0.0051,-0.1006,0.2371,0.2371,
458,22.9000,0.2273,-0.7439,3.0456,4.3545,-0.0061,-0.0960,0.2388,0.2388,
459,22.9500,0.2173,-0.7430,3.0502,4.3545,-0.0070,-0.0914,0.2400,0.2400,
460,23.0000,0.2074,-0.7421,3.0549,4.3545,-0.0079,-0.0867,0.2407,0.2407,
461,23.0500,0.1974,-0.7413,3.0596,4.3545,-0.0087,-0.0820,0.2409,0.2409,
462,23.1000,0.1874,-0.7405,3.0643,4.3545,-0.0095,-0.0773,0.2405,0.2405,
463,23.1500,0.1775,-0.7397,3.0690,4.3545,-0.0103,-0.0726,0.2397,0.2397,
464,23.2000,0.1675,-0.7390,3.0736,4.3545,-0.0110,-0.0679,0.2385,0.2385,
465,23.2500,0.1575,-0.7384,3.0783,4.3545,-0.0116,-0.0633,0.2368,0.2368,
466,23.3000,0.1475,-0.7378,3.0829,4.4545,-0.0122,-0.0587,0.2347,0.2347,
467,23.3500,0.1375,-0.7372,3.0875,4.4545,-0.0128,-0.0541,0.2322,0.2322,
468,23.4000,0.1275,-0.7367,3.0920,4.4545,-0.0133,-0.0496,0.2293,0.2293,
469,23.4500,0.1176,-0.7362,3.0965,4.4545,-0.0138,-0.0451,0.2260,0.2260,
470,23.5000,0.1076,-0.7358,3.1009,4.4545,-0.0142,-0.0407,0.2224,0.2224,
471,23.5500,0.0976,-0.7354,3.1052,4.4545,-0.0146,-0.0364,0.2185,0.2185,
472,23.6000,0.0876,-0.7350,3.1095,4.4545,-0.0150,-0.0321,0.2142,0.2142,
473,23.6500,0.0776,-0.7347,3.1136,4.4545,-0.0153,-0.0280,0.2097,0.2097,
474,23.7000,0.0676,-0.7345,3.1177,4.4545,-0.0155,-0.0239,0.2049,0.2049,
475,23.7500,0.0576,-0.7343,3.1217,4.4545,-0.0157,-0.0199,0.1999,0.1999,
476,23.8000,0.0476,-0.7341,3.1256,4.5545,-0.0159,-0.0160,0.1946,0.1946,
477,23.8500,0.0376,-0.7339,3.1294,4.5545,-0.0161,-0.0122,0.1891,0.1891,
478,23.9000,0.0276,-0.7338,3.1331,4.5545,-0.0162,-0.0085,0.1835,0.1835,
479,23.9500,0.0176,-0.7338,3.1367,4.5545,-0.0162,-0.0049,0.1776,0.1776,
480,24.0000,0.0076,-0.7337,3.1401,4.5545,-0.0163,-0.0015,0.1716,0.1716,
481,24.0500,-0.0024,-0.7337,-3.1397,4.5545,-0.0163,0.0019,0.1655,0.1655,
482,24.1000,-0.0124,-0.7338,-3.1365,4.5545,-0.0162,0.0051,0.1592,0.1592,
483,24.1500,-0.0224,-0.7338,-3.1334,4.5545,-0.0162,0.0082,0.1529,0.1529,
484,24.2000,-0.0324,-0.7339,-3.1304,4.5545,-0.0161,0.0112,0.1464,0.1464,
485,24.2500,-0.0424,-0.7341,-3.1276,4.5545,-0.0159,0.0140,0.1399,0.1399,
486,24.3000,-0.0524,-0.7342,-3.1249,4.6545,-0.0158,0.0167,0.1333,0.1333,
487,24.3500,-0.0624,-0.7344,-3.1223,4.6545,-0.0156,0.0193,0.1267,0.1267,
488,24.4000,-0.0724,-0.7346,-3.1198,4.6545,-0.0154,0.0218,0.1200,0.1200,
489,24.4500,-0.0824,-0.7348,-3.1175,4.6545,-0.0152,0.0241,0.1134,0.1134,
490,24.5000,-0.0924,-0.7351,-3.1153,4.6545,-0.0149,0.0263,0.1067,0.1067,
491,24.5500,-0.1024,-0.7354,-3.1132,4.6545,-0.0146,0.0284,0.1001,0.1001,
492,24.6000,-0.1124,-0.7357,-3.1112,4.6545,-0.0143,0.0304,0.0935,0.0935,
493,24.6500,-0.1224,-0.7360,-3.1094,4.6545,-0.0140,0.0322,0.0869,0.0869,
494,24.7000,-0.1324,-0.7363,-3.1077,4.6545,-0.0137,0.0339,0.0804,0.0804,
495,24.7500,-0.1424,-0.7366,-3.1062,4.6545,-0.0134,0.0354,0.0739,0.0739,
496,24.8000,-0.1524,-0.7370,-3.1047,4.7545,-0.0130,0.0369,0.0675,0.0675,
497,24.8500,-0.1624,-0.7374,-3.1034,4.7545,-0.0126,0.0382,0.0612,0.0612,
498,24.9000,-0.1723,-0.7378,-3.1022,4.7545,-0.0122,0.0394,0.0550,0.0550,
499,24.9500,-0.1823,-0.7382,-3.1012,4.7545,-0.0118,0.0404,0.0489,0.0489,
500,25.0000,-0.1923,-0.7386,-3.1002,4.7545,-0.0114,0.0414,0.0429,0.0429,
501,25.0500,-0.2023,-0.7390,-3.0994,4.7545,-0.0110,0.0422,0.0370,0.0370,
502,25.1000,-0.2123,-0.7394,-3.0987,4.7545,-0.0106,0.0429,0.0313,0.0313,
503,25.1500,-0.2223,-0.7398,-3.0980,4.7545,-0.0102,0.0435,0.0257,0.0257,
504,25.2000,-0.2323,-0.7403,-3.0975,4.7545,-0.0097,0.0440,0.0202,0.0202,
505,25.2500,-0.2423,-0.7407,-3.0972,4.7545,-0.0093,0.0444,0.0149,0.0149,
506,25.3000,-0.2523,-0.7412,-3.0969,4.8545,-0.0088,0.0447,0.0098,0.0098,
507,25.3500,-0.2623,-0.7416,-3.0967,4.8545,-0.0084,0.0449,0.0047,0.0047,
508,25.4000,-0.2723,-0.7421,-3.0966,4.8545,-0.0079,0.0450,-0.0001,-0.0001,
509,25.4500,-0.2822,-0.7425,-3.0966,4.8545,-0.0075,0.0450,-0.0048,-0.0048,
510,25.5000,-0.2922,-0.7430,-3.0967,4.8545,-0.0070,0.0449,-0.0093,-0.0093,
511,25.5500,-0.3022,-0.7434,-3.0969,4.8545,-0.0066,0.0447,-0.0136,-0.0136,
512,25.6000,-0.3122,-0.7439,-3.0971,4.8545,-0.0061,0.0445,-0.0177,-0.0177,
513,25.6500,-0.3222,-0.7443,-3.0975,4.8545,-0.0057,0.0441,-0.0217,-0.0217,
514,25.7000,-0.3322,-0.7447,-3.0979,4.8545,-0.0053,0.0437,-0.0255,-0.0255,
515,25.7500,-0.3422,-0.7452,-3.0984,4.8545,-0.0048,0.0432,-0.0291,-0.0291,
516,25.8000,-0.3522,-0.7456,-3.0989,4.9545,-0.0044,0.0426,-0.0325,-0.0325,
517,25.8500,-0.3622,-0.7460,-3.0996,4.9545,-0.0040,0.0420,-0.0358,-0.0358,
518,25.9000,-0.3722,-0.7465,-3.1003,4.9545,-0.0035,0.0413,-0.0388,-0.0388,
519,25.9500,-0.3822,-0.7469,-3.1010,4.9545,-0.0031,0.0406,-0.0417,-0.0417,
520,26.0000,-0.3921,-0.7473,-3.1018,4.9545,-0.0027,0.0398,-0.0444,-0.0444,
521,26.0500,-0.4021,-0.7477,-3.1027,4.9545,-0.0023,0.0389,-0.0469,-0.0469,
522,26.1000,-0.4121,-0.7480,-3.1036,4.9545,-0.0020,0.0380,-0.0492,-0.0492,
523,26.1500,-0.4221,-0.7484,-3.1046,4.9545,-0.0016,0.0370,-0.0513,-0.0513,
524,26.2000,-0.4321,-0.7488,-3.1056,4.9545,-0.0012,0.0360,-0.0533,-0.0533,
525,26.2500,-0.4421,-0.7491,-3.1066,4.9545,-0.0009,0.0350,-0.0551,-0.0551,
526,26.3000,-0.4521,-0.7495,-3.1077,5.0545,-0.0005,0.0339,-0.0567,-0.0567,
527,26.3500,-0.4621,-0.7498,-3.1088,5.0545,-0.0002,0.0328,-0.0582,-0.0582,
528,26.4000,-0.4721,-0.7501,-3.1099,5.0545,0.0001,0.0317,-0.0594,-0.0594,
529,26.4500,-0.4821,-0.7504,-3.1111,5.0545,0.0004,0.0305,-0.0605,-0.0605,
530,26.5000,-0.4921,-0.7507,-3.1122,5.0545,0.0007,0.0293,-0.0615,-0.0615,
531,26.5500,-0.5021,-0.7510,-3.1134,5.0545,0.0010,0.0282,-0.0623,-0.0623,
532,26.6000,-0.5121,-0.7513,-3.1147,5.0545,0.0013,0.0269,-0.0629,-0.0629,
533,26.6500,-0.5221,-0.7516,-3.1159,5.0545,0.0016,0.0257,-0.0634,-0.0634,
534,26.7000,-0.5321,-0.7518,-3.1171,5.0545,0.0018,0.0245,-0.0638,-0.0638,
535,26.7500,-0.5421,-0.7521,-3.1183,5.0545,0.0021,0.0232,-0.0640,-0.0640,
536,26.8000,-0.5521,-0.7523,-3.1196,5.1545,0.0023,0.0220,-0.0641,-0.0641,
537,26.8500,-0.5621,-0.7525,-3.1208,5.1545,0.0025,0.0208,-0.0640,-0.0640,
538,26.9000,-0.5721,-0.7527,-3.1221,5.1545,0.0027,0.0195,-0.0638,-0.0638,
539,26.9500,-0.5821,-0.7529,-3.1233,5.1545,0.0029,0.0183,-0.0635,-0.0635,
540,27.0000,-0.5921,-0.7531,-3.1246,5.1545,0.0031,0.0170,-0.0631,-0.0631,
541,27.0500,-0.6021,-0.7532,-3.1258,5.1545,0.0032,0.0158,-0.0625,-0.0625,
542,27.1000,-0.6121,-0.7534,-3.1270,5.1545,0.0034,0.0146,-0.0619,-0.0619,
543,27.1500,-0.6221,-0.7535,-3.1282,5.1545,0.0035,0.0134,-0.0611,-0.0611,
544,27.2000,-0.6321,-0.7537,-3.1294,5.1545,0.0037,0.0122,-0.0603,-0.0603,
545,27.2500,-0.6420,-0.7538,-3.1306,5.1545,0.0038,0.0110,-0.0593,-0.0593,
546,27.3000,-0.6520,-0.7539,-3.1317,5.2545,0.0039,0.0099,-0.0583,-0.0583,
547,27.3500,-0.6620,-0.7540,-3.1329,5.2545,0.0040,0.0087,-0.0572,-0.0572,
548,27.4000,-0.6720,-0.7540,-3.1340,5.2545,0.0040,0.0076,-0.0560,-0.0560,
549,27.4500,-0.6820,-0.7541,-3.1351,5.2545,0.0041,0.0065,-0.0547,-0.0547,
550,27.5000,-0.6920,-0.7542,-3.1361,5.2545,0.0042,0.0055,-0.0534,-0.0534,
551,27.5500,-0.7020,-0.7542,-3.1372,5.2545,0.0042,0.0044,-0.0520,-0.0520,
552,27.6000,-0.7120,-0.7543,-3.1382,5.2545,0.0043,0.0034,-0.0506,-0.0506,
553,27.6500,-0.7220,-0.7543,-3.1392,5.2545,0.0043,0.0024,-0.0491,-0.0491,
554,27.7000,-0.7320,-0.7543,-3.1401,5.2545,0.0043,0.0015,-0.0475,-0.0475,
555,27.7500,-0.7420,-0.7543,-3.1410,5.2545,0.0043,0.0006,-0.0460,-0.0460,
556,27.8000,-0.7520,-0.7543,3.1413,5.3545,0.0045,0.0649,-0.6734,-0.1960,C-06
557,27.8500,-0.7620,-0.7543,3.1374,5.3545,0.0051,0.0611,-0.1599,-0.1599,
558,27.9000,-0.7720,-0.7542,3.1343,5.3545,0.0057,0.0580,-0.1660,-0.1660,
559,27.9500,-0.7820,-0.7542,3.1311,5.3545,0.0062,0.0548,-0.1650,-0.1650,
560,28.0000,-0.7920,-0.7540,3.1279,5.3545,0.0068,0.0516,-0.1648,-0.1648,
561,28.0500,-0.8020,-0.7539,3.1247,5.3545,0.0073,0.0484,-0.1641,-0.1641,
562,28.1000,-0.8120,-0.7537,3.1215,5.3545,0.0077,0.0452,-0.1631,-0.1631,
563,28.1500,-0.8220,-0.7535,3.1183,5.3545,0.0082,0.0420,-0.1618,-0.1618,
564,28.2000,-0.8320,-0.7532,3.1152,5.3545,0.0086,0.0388,-0.1603,-0.1603,
565,28.2500,-0.8420,-0.7530,3.1120,5.3545,0.0090,0.0357,-0.1584,-0.1584,
566,28.3000,-0.8520,-0.7526,3.1090,5.4526,0.0097,0.1644,-1.0000,-0.3084,C-06
567,28.3500,-0.8620,-0.7523,3.1029,5.4526,0.0113,0.1583,-0.4211,-0.4211,
568,28.4000,-0.8720,-0.7519,3.0947,5.4526,0.0128,0.1501,-0.4051,-0.4051,
569,28.4500,-0.8820,-0.7513,3.0868,5.4526,0.0143,0.1422,-0.4084,-0.4084,
570,28.5000,-0.8920,-0.7508,3.0788,5.4526,0.0157,0.1342,-0.4077,-0.4077,
571,28.5500,-0.9020,-0.7501,3.0708,5.4526,0.0169,0.1262,-0.4067,-0.4067,
572,28.6000,-0.9119,-0.7493,3.0628,5.4526,0.0182,0.1182,-0.4048,-0.4048,
573,28.6500,-0.9219,-0.7485,3.0549,5.4526,0.0193,0.1103,-0.4022,-0.4022,
574,28.7000,-0.9319,-0.7476,3.0470,5.4526,0.0204,0.1024,-0.3988,-0.3988,
575,28.7500,-0.9418,-0.7466,3.0392,5.4526,0.0214,0.0946,-0.3947,-0.3947,
576,28.8000,-0.9518,-0.7456,3.0315,5.5507,0.0225,0.2168,-1.0000,-0.5447,C-06
577,28.8500,-0.9617,-0.7444,3.0208,5.5507,0.0246,0.2061,-0.6445,-0.6445,
578,28.9000,-0.9716,-0.7432,3.0080,5.5507,0.0266,0.1933,-0.6261,-0.6261,
579,28.9500,-0.9815,-0.7418,2.9956,5.5507,0.0285,0.1810,-0.6255,-0.6255,
580,29.0000,-0.9914,-0.7402,2.9833,5.5507,0.0302,0.1686,-0.6206,-0.6206,
581,29.0500,-1.0013,-0.7386,2.9710,5.5507,0.0318,0.1563,-0.6152,-0.6152,
582,29.1000,-1.0111,-0.7368,2.9589,5.5507,0.0333,0.1442,-0.6086,-0.6086,
583,29.1500,-1.0209,-0.7350,2.9469,5.5507,0.0347,0.1322,-0.6010,-0.6010,
584,29.2000,-1.0307,-0.7330,2.9350,5.5507,0.0359,0.1203,-0.5924,-0.5924,
585,29.2500,-1.0405,-0.7309,2.9233,5.5507,0.0371,0.1086,-0.5830,-0.5830,
586,29.3000,-1.0502,-0.7286,2.9118,5.5507,0.0381,0.0971,-0.5727,-0.5727,
587,29.3500,-1.0600,-0.7263,2.9005,5.6488,0.0401,0.2171,-1.0000,-0.7227,C-06
588,29.4000,-1.0697,-0.7239,2.8862,5.6488,0.0422,0.2028,-0.8209,-0.8209,
589,29.4500,-1.0793,-0.7213,2.8698,5.6488,0.0441,0.1863,-0.7940,-0.7940,
590,29.5000,-1.0889,-0.7185,2.8539,5.6488,0.0459,0.1705,-0.7865,-0.7865,
591,29.5500,-1.0985,-0.7156,2.8382,5.6488,0.0475,0.1548,-0.7743,-0.7743,
592,29.6000,-1.1080,-0.7125,2.8228,5.6488,0.0490,0.1394,-0.7616,-0.7616,
593,29.6500,-1.1175,-0.7093,2.8076,5.6488,0.0503,0.1242,-0.7476,-0.7476,
594,29.7000,-1.1269,-0.7060,2.7927,5.6488,0.0515,0.1093,-0.7327,-0.7327,
595,29.7500,-1.1363,-0.7025,2.7782,5.6488,0.0525,0.0947,-0.7168,-0.7168,
596,29.8000,-1.1456,-0.6989,2.7639,5.6488,0.0534,0.0805,-0.6999,-0.6999,
597,29.8500,-1.1549,-0.6951,2.7500,5.6488,0.0541,0.0666,-0.6823,-0.6823,
598,29.9000,-1.1641,-0.6912,2.7365,5.7469,0.0564,0.1838,-1.0000,-0.8323,C-06
599,29.9500,-1.1733,-0.6872,2.7199,5.7469,0.0582,0.1671,-0.9200,-0.9200,
600,30.0000,-1.1823,-0.6830,2.7013,5.7469,0.0597,0.1486,-0.8856,-0.8856,
601,30.0500,-1.1913,-0.6787,2.6835,5.7469,0.0611,0.1308,-0.8708,-0.8708,
602,30.1000,-1.2003,-0.6742,2.6660,5.7469,0.0623,0.1133,-0.8512,-0.8512,
603,30.1500,-1.2091,-0.6695,2.6490,5.7469,0.0634,0.0962,-0.8312,-0.8312,
604,30.2000,-1.2179,-0.6647,2.6324,5.7469,0.0643,0.0796,-0.8102,-0.8102,
605,30.2500,-1.2266,-0.6598,2.6162,5.7469,0.0650,0.0634,-0.7882,-0.7882,
606,30.3000,-1.2352,-0.6547,2.6004,5.7469,0.0655,0.0477,-0.7654,-0.7654,
607,30.3500,-1.2437,-0.6495,2.5852,5.7469,0.0659,0.0324,-0.7419,-0.7419,
608,30.4000,-1.2522,-0.6441,2.5704,5.8450,0.0670,0.1493,-1.0000,-0.8919,C-06
609,30.4500,-1.2605,-0.6387,2.5525,5.8450,0.0684,0.1314,-0.9584,-0.9584,
610,30.5000,-1.2688,-0.6330,2.5331,5.8450,0.0696,0.1120,-0.9213,-0.9213,
611,30.5500,-1.2770,-0.6272,2.5146,5.8450,0.0706,0.0934,-0.9009,-0.9009,
612,30.6000,-1.2850,-0.6213,2.4964,5.8450,0.0715,0.0753,-0.8764,-0.8764,
613,30.6500,-1.2929,-0.6152,2.4789,5.8450,0.0721,0.0577,-0.8515,-0.8515,
614,30.7000,-1.3008,-0.6090,2.4618,5.8450,0.0726,0.0407,-0.8257,-0.8257,
615,30.7500,-1.3085,-0.6026,2.4453,5.8450,0.0730,0.0241,-0.7991,-0.7991,
616,30.8000,-1.3161,-0.5962,2.4293,5.8450,0.0731,0.0082,-0.7718,-0.7718,
617,30.8500,-1.3236,-0.5896,2.4139,5.8450,0.0731,-0.0072,-0.7440,-0.7440,
618,30.9000,-1.3311,-0.5829,2.3991,5.8450,0.0730,-0.0220,-0.7156,-0.7156,
619,30.9500,-1.3384,-0.5760,2.3849,5.9431,0.0738,0.0937,-1.0000,-0.8656,C-06
620,31.0000,-1.3456,-0.5691,2.3675,5.9431,0.0747,0.0763,-0.9225,-0.9225,
621,31.0500,-1.3527,-0.5621,2.3490,5.9431,0.0753,0.0577,-0.8821,-0.8821,
622,31.1000,-1.3596,-0.5549,2.3312,5.9431,0.0758,0.0400,-0.8575,-0.8575,
623,31.1500,-1.3665,-0.5476,2.3140,5.9431,0.0761,0.0228,-0.8292,-0.8292,
624,31.2000,-1.3732,-0.5402,2.2975,5.9431,0.0763,0.0062,-0.8007,-0.8007,
625,31.2500,-1.3797,-0.5326,2.2815,5.9431,0.0763,-0.0098,-0.7716,-0.7716,
626,31.3000,-1.3862,-0.5250,2.2661,5.9431,0.0761,-0.0252,-0.7419,-0.7419,
627,31.3500,-1.3926,-0.5173,2.2513,5.9431,0.0758,-0.0399,-0.7118,-0.7118,
628,31.4000,-1.3988,-0.5095,2.2372,5.9431,0.0753,-0.0541,-0.6813,-0.6813,
629,31.4500,-1.4049,-0.5016,2.2237,5.9431,0.0747,-0.0676,-0.6505,-0.6505,
630,31.5000,-1.4109,-0.4936,2.2108,6.0412,0.0754,0.0512,-1.0000,-0.8005,C-06
631,31.5500,-1.4169,-0.4855,2.1948,6.0412,0.0758,0.0352,-0.8605,-0.8605,
632,31.6000,-1.4226,-0.4773,2.1776,6.0412,0.0761,0.0179,-0.8177,-0.8177,
633,31.6500,-1.4283,-0.4691,2.1612,6.0412,0.0762,0.0016,-0.7915,-0.7915,
634,31.7000,-1.4338,-0.4607,2.1454,6.0412,0.0761,-0.0142,-0.7618,-0.7618,
635,31.7500,-1.4391,-0.4523,2.1303,6.0412,0.0759,-0.0294,-0.7321,-0.7321,
636,31.8000,-1.4444,-0.4438,2.1157,6.0412,0.0755,-0.0439,-0.7019,-0.7019,
637,31.8500,-1.4495,-0.4352,2.1018,6.0412,0.0750,-0.0579,-0.6714,-0.6714,
638,31.9000,-1.4545,-0.4265,2.0885,6.0412,0.0744,-0.0712,-0.6406,-0.6406,
639,31.9500,-1.4594,-0.4178,2.0758,6.0412,0.0736,-0.0838,-0.6096,-0.6096,
640,32.0000,-1.4642,-0.4090,2.0638,6.0412,0.0727,-0.0959,-0.5784,-0.5784,
641,32.0500,-1.4689,-0.4002,2.0524,6.1393,0.0734,0.0234,-1.0000,-0.7284,C-06
642,32.1000,-1.4734,-0.3913,2.0379,6.1393,0.0735,0.0089,-0.7895,-0.7895,
643,32.1500,-1.4779,-0.3823,2.0221,6.1393,0.0735,-0.0068,-0.7467,-0.7467,
644,32.2000,-1.4822,-0.3733,2.0073,6.1393,0.0734,-0.0217,-0.7207,-0.7207,
645,32.2500,-1.4863,-0.3642,1.9929,6.1393,0.0731,-0.0360,-0.6914,-0.6914,
646,32.3000,-1.4904,-0.3551,1.9792,6.1393,0.0727,-0.0497,-0.6621,-0.6621,
647,32.3500,-1.4943,-0.3459,1.9661,6.1393,0.0721,-0.0628,-0.6325,-0.6325,
648,32.4000,-1.4981,-0.3366,1.9536,6.1393,0.0714,-0.0754,-0.6026,-0.6026,
649,32.4500,-1.5018,-0.3273,1.9417,6.1393,0.0706,-0.0872,-0.5726,-0.5726,
650,32.5000,-1.5053,-0.3180,1.9304,6.1393,0.0697,-0.0985,-0.5425,-0.5425,
651,32.5500,-1.5088,-0.3086,1.9198,6.2374,0.0693,0.0221,-1.0000,-0.6925,C-06
652,32.6000,-1.5121,-0.2992,1.9060,6.2374,0.0695,0.0083,-0.7456,-0.7456,
653,32.6500,-1.5154,-0.2897,1.8912,6.2374,0.0695,-0.0065,-0.7061,-0.7061,
654,32.7000,-1.5184,-0.2802,1.8772,6.2374,0.0694,-0.0205,-0.6813,-0.6813,
655,32.7500,-1.5214,-0.2706,1.8637,6.2374,0.0691,-0.0340,-0.6536,-0.6536,
656,32.8000,-1.5242,-0.2610,1.8507,6.2374,0.0687,-0.0470,-0.6260,-0.6260,
657,32.8500,-1.5269,-0.2514,1.8384,6.2374,0.0682,-0.0593,-0.5980,-0.5980,
658,32.9000,-1.5295,-0.2418,1.8266,6.2374,0.0675,-0.0711,-0.5698,-0.5698,
659,32.9500,-1.5320,-0.2321,1.8153,6.2374,0.0667,-0.0824,-0.5414,-0.5414,
660,33.0000,-1.5344,-0.2224,1.8047,6.2374,0.0659,-0.0930,-0.5130,-0.5130,
661,33.0500,-1.5366,-0.2126,1.7946,6.2374,0.0649,-0.1031,-0.4845,-0.4845,
662,33.1000,-1.5388,-0.2029,1.7851,6.3355,0.0649,0.0173,-1.0000,-0.6345,C-06
663,33.1500,-1.5409,-0.1931,1.7725,6.3355,0.0650,0.0048,-0.6932,-0.6932,
664,33.2000,-1.5428,-0.1833,1.7588,6.3355,0.0650,-0.0090,-0.6548,-0.6548,
665,33.2500,-1.5446,-0.1734,1.7458,6.3355,0.0648,-0.0220,-0.6318,-0.6318,
666,33.3000,-1.5463,-0.1636,1.7333,6.3355,0.0645,-0.0344,-0.6058,-0.6058,
667,33.3500,-1.5478,-0.1537,1.7214,6.3355,0.0641,-0.0464,-0.5799,-0.5799,
668,33.4000,-1.5493,-0.1438,1.7100,6.3355,0.0636,-0.0578,-0.5537,-0.5537,
669,33.4500,-1.5506,-0.1339,1.6991,6.3355,0.0630,-0.0687,-0.5273,-0.5273,
670,33.5000,-1.5519,-0.1240,1.6887,6.3355,0.0622,-0.0791,-0.5008,-0.5008,
671,33.5500,-1.5530,-0.1140,1.6788,6.3355,0.0614,-0.0889,-0.4742,-0.4742,
672,33.6000,-1.5540,-0.1041,1.6695,6.3355,0.0605,-0.0983,-0.4475,-0.4475,
673,33.6500,-1.5550,-0.0941,1.6608,6.4336,0.0610,0.0247,-1.0000,-0.5975,C-06
674,33.7000,-1.5558,-0.0842,1.6490,6.4336,0.0612,0.0129,-0.6703,-0.6703,
675,33.7500,-1.5565,-0.0742,1.6357,6.4336,0.0612,-0.0004,-0.6317,-0.6317,
676,33.8000,-1.5571,-0.0642,1.6232,6.4336,0.0612,-0.0129,-0.6108,-0.6108,
677,33.8500,-1.5576,-0.0542,1.6111,6.4336,0.0610,-0.0249,-0.5865,-0.5865,
678,33.9000,-1.5579,-0.0442,1.5996,6.4336,0.0607,-0.0365,-0.5623,-0.5623,
679,33.9500,-1.5581,-0.0342,1.5885,6.4336,0.0602,-0.0476,-0.5378,-0.5378,
680,34.0000,-1.5583,-0.0242,1.5779,6.4336,0.0597,-0.0582,-0.5130,-0.5130,
681,34.0500,-1.5583,-0.0142,1.5678,6.4336,0.0591,-0.0682,-0.4881,-0.4881,
682,34.1000,-1.5582,-0.0042,1.5583,6.4336,0.0584,-0.0778,-0.4631,-0.4631,
683,34.1500,-1.5580,0.0058,1.5492,6.5317,0.0583,0.0437,-1.0000,-0.6131,C-06
684,34.2000,-1.5578,0.0158,1.5371,6.5317,0.0587,0.0315,-0.6770,-0.6770,
685,34.2500,-1.5574,0.0258,1.5236,6.5317,0.0589,0.0181,-0.6417,-0.6417,
686,34.3000,-1.5568,0.0358,1.5110,6.5317,0.0590,0.0054,-0.6221,-0.6221,
687,34.3500,-1.5562,0.0457,1.4987,6.5317,0.0590,-0.0069,-0.5993,-0.5993,
688,34.4000,-1.5554,0.0557,1.4868,6.5317,0.0589,-0.0187,-0.5765,-0.5765,
689,34.4500,-1.5545,0.0657,1.4755,6.5317,0.0587,-0.0300,-0.5532,-0.5532,
690,34.5000,-1.5535,0.0756,1.4646,6.5317,0.0583,-0.0409,-0.5297,-0.5297,
691,34.5500,-1.5524,0.0856,1.4542,6.5317,0.0578,-0.0514,-0.5060,-0.5060,
692,34.6000,-1.5512,0.0955,1.4442,6.5317,0.0573,-0.0613,-0.4820,-0.4820,
693,34.6500,-1.5498,0.1054,1.4348,6.5317,0.0566,-0.0708,-0.4579,-0.4579,
694,34.7000,-1.5484,0.1153,1.4258,6.6298,0.0572,0.0520,-1.0000,-0.6079,C-06
695,34.7500,-1.5469,0.1252,1.4138,6.6298,0.0576,0.0400,-0.6833,-0.6833,
696,34.8000,-1.5453,0.1350,1.4002,6.6298,0.0580,0.0264,-0.6469,-0.6469,
697,34.8500,-1.5435,0.1449,1.3874,6.6298,0.0582,0.0136,-0.6282,-0.6282,
698,34.9000,-1.5417,0.1547,1.3750,6.6298,0.0583,0.0012,-0.6060,-0.6060,
699,34.9500,-1.5397,0.1645,1.3630,6.6298,0.0582,-0.0108,-0.5838,-0.5838,
700,35.0000,-1.5375,0.1743,1.3515,6.6298,0.0580,-0.0223,-0.5611,-0.5611,
701,35.0500,-1.5353,0.1840,1.3405,6.6298,0.0578,-0.0333,-0.5381,-0.5381,
702,35.1000,-1.5330,0.1938,1.3299,6.6298,0.0574,-0.0439,-0.5148,-0.5148,
703,35.1500,-1.5305,0.2035,1.3198,6.6298,0.0569,-0.0540,-0.4913,-0.4913,
704,35.2000,-1.5280,0.2131,1.3101,6.7279,0.0569,0.0662,-1.0000,-0.6413,C-06
705,35.2500,-1.5254,0.2228,1.2974,6.7279,0.0575,0.0536,-0.7046,-0.7046,
706,35.3000,-1.5226,0.2324,1.2835,6.7279,0.0579,0.0396,-0.6708,-0.6708,
707,35.3500,-1.5197,0.2420,1.2702,6.7279,0.0583,0.0263,-0.6522,-0.6522,
708,35.4000,-1.5167,0.2515,1.2573,6.7279,0.0585,0.0134,-0.6304,-0.6304,
709,35.4500,-1.5135,0.2610,1.2448,6.7279,0.0585,0.0009,-0.6085,-0.6085,
710,35.5000,-1.5103,0.2704,1.2328,6.7279,0.0585,-0.0111,-0.5861,-0.5861,
711,35.5500,-1.5069,0.2798,1.2212,6.7279,0.0583,-0.0227,-0.5633,-0.5633,
712,35.6000,-1.5034,0.2892,1.2101,6.7279,0.0580,-0.0338,-0.5402,-0.5402,
713,35.6500,-1.4999,0.2986,1.1995,6.7279,0.0577,-0.0444,-0.5168,-0.5168,
714,35.7000,-1.4962,0.3079,1.1893,6.7279,0.0572,-0.0545,-0.4931,-0.4931,
715,35.7500,-1.4924,0.3171,1.1797,6.8260,0.0577,0.0670,-1.0000,-0.6431,C-06
716,35.8000,-1.4885,0.3263,1.1669,6.8260,0.0583,0.0543,-0.7161,-0.7161,
717,35.8500,-1.4845,0.3355,1.1527,6.8260,0.0588,0.0401,-0.6804,-0.6804,
718,35.9000,-1.4804,0.3446,1.1392,6.8260,0.0591,0.0266,-0.6618,-0.6618,
719,35.9500,-1.4762,0.3537,1.1261,6.8260,0.0593,0.0135,-0.6396,-0.6396,
720,36.0000,-1.4718,0.3627,1.1135,6.8260,0.0594,0.0009,-0.6174,-0.6174,
721,36.0500,-1.4674,0.3716,1.1013,6.8260,0.0594,-0.0113,-0.5946,-0.5946,
722,36.1000,-1.4628,0.3805,1.0896,6.8260,0.0592,-0.0231,-0.5715,-0.5715,
723,36.1500,-1.4581,0.3894,1.0783,6.8260,0.0589,-0.0343,-0.5480,-0.5480,
724,36.2000,-1.4533,0.3981,1.0675,6.8260,0.0585,-0.0451,-0.5243,-0.5243,
725,36.2500,-1.4485,0.4069,1.0572,6.8260,0.0580,-0.0554,-0.5003,-0.5003,
726,36.3000,-1.4435,0.4156,1.0474,6.9241,0.0591,0.0654,-1.0000,-0.6503,C-06
727,36.3500,-1.4384,0.4242,1.0345,6.9241,0.0597,0.0525,-0.7277,-0.7277,
728,36.4000,-1.4333,0.4327,1.0200,6.9241,0.0602,0.0381,-0.6905,-0.6905,
729,36.4500,-1.4280,0.4412,1.0063,6.9241,0.0605,0.0244,-0.6714,-0.6714,
730,36.5000,-1.4226,0.4496,0.9930,6.9241,0.0606,0.0111,-0.6486,-0.6486,
731,36.5500,-1.4171,0.4580,0.9802,6.9241,0.0607,-0.0017,-0.6258,-0.6258,
732,36.6000,-1.4114,0.4663,0.9678,6.9241,0.0606,-0.0141,-0.6025,-0.6025,
733,36.6500,-1.4057,0.4745,0.9559,6.9241,0.0604,-0.0260,-0.5788,-0.5788,
734,36.7000,-1.3999,0.4826,0.9445,6.9241,0.0601,-0.0374,-0.5547,-0.5547,
735,36.7500,-1.3940,0.4907,0.9336,6.9241,0.0597,-0.0483,-0.5304,-0.5304,
736,36.8000,-1.3880,0.4987,0.9232,7.0223,0.0601,0.0728,-1.0000,-0.6804,C-06
737,36.8500,-1.3819,0.5066,0.9097,7.0223,0.0607,0.0594,-0.7496,-0.7496,
738,36.9000,-1.3757,0.5145,0.8948,7.0223,0.0613,0.0444,-0.7135,-0.7135,
739,36.9500,-1.3694,0.5222,0.8806,7.0223,0.0616,0.0303,-0.6940,-0.6940,
740,37.0000,-1.3630,0.5299,0.8668,7.0223,0.0619,0.0165,-0.6710,-0.6710,
741,37.0500,-1.3565,0.5375,0.8535,7.0223,0.0620,0.0032,-0.6479,-0.6479,
742,37.1000,-1.3498,0.5449,0.8407,7.0223,0.0619,-0.0096,-0.6243,-0.6243,
743,37.1500,-1.3431,0.5524,0.8284,7.0223,0.0618,-0.0220,-0.6002,-0.6002,
744,37.2000,-1.3363,0.5597,0.8165,7.0223,0.0615,-0.0338,-0.5758,-0.5758,
745,37.2500,-1.3294,0.5669,0.8052,7.0223,0.0611,-0.0451,-0.5510,-0.5510,
746,37.3000,-1.3225,0.5741,0.7943,7.0223,0.0606,-0.0560,-0.5260,-0.5260,
747,37.3500,-1.3154,0.5812,0.7840,7.1203,0.0614,0.0635,-1.0000,-0.6760,C-06
748,37.4000,-1.3083,0.5882,0.7706,7.1203,0.0620,0.0501,-0.7461,-0.7461,
749,37.4500,-1.3011,0.5951,0.7558,7.1203,0.0624,0.0353,-0.7089,-0.7089,
750,37.5000,-1.2937,0.6019,0.7417,7.1203,0.0627,0.0212,-0.6887,-0.6887,
751,37.5500,-1.2863,0.6086,0.7280,7.1203,0.0629,0.0076,-0.6649,-0.6649,
752,37.6000,-1.2788,0.6152,0.7149,7.1203,0.0629,-0.0056,-0.6412,-0.6412,
753,37.6500,-1.2712,0.6218,0.7022,7.1203,0.0627,-0.0183,-0.6169,-0.6169,
754,37.7000,-1.2636,0.6282,0.6900,7.1203,0.0625,-0.0305,-0.5922,-0.5922,
755,37.7500,-1.2558,0.6345,0.6783,7.1203,0.0621,-0.0422,-0.5672,-0.5672,
756,37.8000,-1.2480,0.6407,0.6671,7.1203,0.0617,-0.0533,-0.5419,-0.5419,
757,37.8500,-1.2401,0.6469,0.6565,7.2184,0.0617,0.0676,-1.0000,-0.6919,C-06
758,37.9000,-1.2321,0.6529,0.6427,7.2184,0.0623,0.0539,-0.7556,-0.7556,
759,37.9500,-1.2241,0.6588,0.6277,7.2184,0.0628,0.0388,-0.7194,-0.7194,
760,38.0000,-1.2159,0.6647,0.6134,7.2184,0.0631,0.0246,-0.6990,-0.6990,
761,38.0500,-1.2077,0.6704,0.5995,7.2184,0.0633,0.0107,-0.6752,-0.6752,
762,38.1000,-1.1994,0.6759,0.5862,7.2184,0.0633,-0.0027,-0.6514,-0.6514,
763,38.1500,-1.1911,0.6814,0.5733,7.2184,0.0632,-0.0156,-0.6270,-0.6270,
764,38.2000,-1.1826,0.6868,0.5609,7.2184,0.0630,-0.0280,-0.6022,-0.6022,
765,38.2500,-1.1741,0.6921,0.5490,7.2184,0.0627,-0.0399,-0.5770,-0.5770,
766,38.3000,-1.1656,0.6972,0.5376,7.2184,0.0622,-0.0512,-0.5516,-0.5516,
767,38.3500,-1.1570,0.7023,0.5268,7.2184,0.0617,-0.0621,-0.5260,-0.5260,
768,38.4000,-1.1483,0.7073,0.5164,7.3165,0.0621,0.0582,-1.0000,-0.6760,C-06
769,38.4500,-1.1396,0.7122,0.5030,7.3165,0.0626,0.0448,-0.7428,-0.7428,
770,38.5000,-1.1308,0.7169,0.4882,7.3165,0.0630,0.0301,-0.7056,-0.7056,
771,38.5500,-1.1219,0.7216,0.4742,7.3165,0.0633,0.0161,-0.6849,-0.6849,
772,38.6000,-1.1130,0.7261,0.4607,7.3165,0.0633,0.0025,-0.6608,-0.6608,
773,38.6500,-1.1040,0.7304,0.4476,7.3165,0.0633,-0.0106,-0.6367,-0.6367,
774,38.7000,-1.0949,0.7347,0.4350,7.3165,0.0631,-0.0232,-0.6120,-0.6120,
775,38.7500,-1.0858,0.7389,0.4229,7.3165,0.0628,-0.0353,-0.5870,-0.5870,
776,38.8000,-1.0767,0.7429,0.4113,7.3165,0.0624,-0.0469,-0.5617,-0.5617,
777,38.8500,-1.0675,0.7469,0.4003,7.3165,0.0619,-0.0579,-0.5361,-0.5361,
778,38.9000,-1.0583,0.7507,0.3897,7.3165,0.0613,-0.0685,-0.5104,-0.5104,
779,38.9500,-1.0490,0.7545,0.3797,7.4146,0.0622,0.0528,-1.0000,-0.6604,C-06
780,39.0000,-1.0397,0.7581,0.3666,7.4146,0.0626,0.0397,-0.7344,-0.7344,
781,39.0500,-1.0303,0.7616,0.3520,7.4146,0.0630,0.0251,-0.6958,-0.6958,
782,39.1000,-1.0209,0.7650,0.3382,7.4146,0.0631,0.0113,-0.6752,-0.6752,
783,39.1500,-1.0115,0.7683,0.3248,7.4146,0.0632,-0.0021,-0.6509,-0.6509,
784,39.2000,-1.0020,0.7714,0.3119,7.4146,0.0631,-0.0150,-0.6267,-0.6267,
785,39.2500,-0.9924,0.7744,0.2996,7.4146,0.0629,-0.0273,-0.6019,-0.6019,
786,39.3000,-0.9829,0.7773,0.2877,7.4146,0.0626,-0.0392,-0.5769,-0.5769,
787,39.3500,-0.9733,0.7801,0.2763,7.4146,0.0621,-0.0506,-0.5515,-0.5515,
788,39.4000,-0.9636,0.7828,0.2654,7.4146,0.0616,-0.0615,-0.5260,-0.5260,
789,39.4500,-0.9540,0.7853,0.2551,7.5127,0.0617,0.0581,-1.0000,-0.6760,C-06
790,39.5000,-0.9443,0.7878,0.2417,7.5127,0.0622,0.0447,-0.7373,-0.7373,
791,39.5500,-0.9346,0.7901,0.2270,7.5127,0.0626,0.0300,-0.7012,-0.7012,
792,39.6000,-0.9248,0.7923,0.2131,7.5127,0.0628,0.0161,-0.6805,-0.6805,
793,39.6500,-0.9150,0.7944,0.1996,7.5127,0.0629,0.0026,-0.6566,-0.6566,
794,39.7000,-0.9052,0.7963,0.1866,7.5127,0.0629,-0.0104,-0.6326,-0.6326,
795,39.7500,-0.8954,0.7981,0.1741,7.5127,0.0627,-0.0229,-0.6082,-0.6082,
796,39.8000,-0.8855,0.7997,0.1621,7.5127,0.0624,-0.0349,-0.5833,-0.5833,
797,39.8500,-0.8756,0.8013,0.1506,7.5127,0.0620,-0.0464,-0.5582,-0.5582,
798,39.9000,-0.8657,0.8027,0.1396,7.5127,0.0615,-0.0574,-0.5328,-0.5328,
799,39.9500,-0.8558,0.8041,0.1292,7.5127,0.0609,-0.0678,-0.5072,-0.5072,
800,40.0000,-0.8459,0.8053,0.1192,7.6108,0.0615,0.0539,-1.0000,-0.6572,C-06
801,40.0500,-0.8360,0.8065,0.1062,7.6108,0.0619,0.0409,-0.7289,-0.7289,C-06
802,40.1000,-0.8260,0.8074,0.0917,7.6108,0.0623,0.0264,-0.6912,-0.6912,C-06
803,40.1500,-0.8160,0.8083,0.0780,7.6108,0.0625,0.0127,-0.6708,-0.6708,C-06
804,40.2000,-0.8061,0.8090,0.0647,7.6108,0.0625,-0.0006,-0.6468,-0.6468,
805,40.2500,-0.7961,0.8096,0.0519,7.6108,0.0625,-0.0134,-0.6229,-0.6229,
806,40.3000,-0.7861,0.8100,0.0396,7.6108,0.0623,-0.0257,-0.5985,-0.5985,
807,40.3500,-0.7761,0.8104,0.0278,7.6108,0.0619,-0.0375,-0.5737,-0.5737,
808,40.4000,-0.7661,0.8106,0.0165,7.6108,0.0615,-0.0488,-0.5486,-0.5486,
809,40.4500,-0.7561,0.8107,0.0057,7.6108,0.0610,-0.0596,-0.5234,-0.5234,
810,40.5000,-0.7461,0.8107,-0.0046,7.7124,0.0607,-0.0046,-1.0000,-0.6734,C-06
