timestep,raw_steer
10,-0.303422
20,0.934978
30,-0.864054
40,-0.947255
50,-0.145827
60,-1.000000
70,0.542377
80,0.192823
90,-0.160281
100,0.113614
110,-0.097318
120,1.000000
130,1.000000
140,-1.000000
150,-1.000000
160,0.194144
170,0.183509
180,0.742185
190,0.032031
200,-0.717915
210,1.000000
220,-0.454209
230,0.119595
240,-0.443236
250,1.000000
260,1.000000
270,0.224437
280,-1.000000
290,0.604575
300,-0.207748
310,-0.004179
320,0.444438
330,1.000000
340,-0.730233
350,-1.000000
360,0.153326
370,-0.012668
380,-1.000000
390,-0.105445
400,0.965043
410,0.168372
420,1.000000
430,1.000000
440,0.237344
450,0.050699
460,-0.230912
470,1.000000
480,-0.610337
490,-0.111441
500,1.000000
510,1.000000
520,-1.000000
530,0.245960
540,-1.000000
550,1.000000
560,1.000000
570,-0.484435
580,-0.041498
590,1.000000
600,0.939888
610,0.662089
620,1.000000
630,-0.804418
640,-0.133563
650,-0.932969
660,-0.461393
670,-0.112748
680,-0.025726
690,-0.720550
700,1.000000
710,-1.000000
720,-0.529823
730,-1.000000
740,0.347374
750,-1.000000
760,-1.000000
770,0.222376
780,0.888012
790,0.993163
800,-1.000000
810,0.723626
820,0.297679
830,-0.228014
840,0.361122
850,0.690125
860,0.111824
870,1.000000
880,-1.000000
890,1.000000
900,-0.555089
910,-0.588321
920,1.000000
930,0.944895
940,-1.000000
950,-0.519592
960,0.528803
970,0.059460
980,-0.608142
990,0.037891
1000,1.000000
1010,1.000000
1020,-0.542059
1030,0.747292
1040,-1.000000
1050,-1.000000
1060,-0.211235
1070,-1.000000
1080,0.456456
1090,-1.000000
1100,0.774328
1110,-0.152149
1120,-0.326337
1130,-0.451720
1140,-0.096873
1150,0.737028
1160,-0.402308
1170,0.753218
1180,0.781847
1190,-0.661397
1200,-0.523051
1210,-0.740707
1220,-0.461470
1230,-1.000000
1240,0.188472
1250,1.000000
1260,1.000000
1270,-0.657324
1280,1.000000
1290,-0.366154
1300,-1.000000
1310,0.711067
1320,0.948616
1330,1.000000
1340,-1.000000
1350,-1.000000
1360,-1.000000
1370,0.992335
1380,-0.508230
1390,0.394756
1400,-0.134663
1410,-0.554807
1420,-0.898254
1430,1.000000
1440,0.197642
1450,1.000000
1460,-0.942279
1470,1.000000
1480,0.486543
1490,1.000000
1500,-1.000000
1510,-0.688550
1520,-0.196002
1530,0.060905
1540,-0.301629
1550,0.422920
1560,0.192491
1570,-0.853283
1580,-1.000000
1590,0.734586
1600,0.989118
1610,0.531803
1620,1.000000
1630,-1.000000
1640,0.951952
1650,-1.000000
1660,-1.000000
1670,0.090643
1680,0.510263
1690,-0.711050
1700,-0.196129
1710,0.226210
1720,0.408681
1730,-0.168925
1740,0.700665
1750,-0.650513
1760,-0.941353
1770,-0.931954
1780,-1.000000
1790,1.000000
1800,0.977538
1810,1.000000
1820,0.517262
1830,-0.613322
1840,0.071874
1850,0.391285
1860,0.254655
1870,0.067922
1880,0.283354
1890,0.841452
1900,1.000000
1910,0.586458
1920,-0.473421
1930,0.990330
1940,1.000000
1950,0.489308
1960,-0.649881
1970,1.000000
1980,0.082061
1990,0.752767
2000,-1.000000
2010,1.000000
2020,0.542105
2030,-1.000000
2040,-0.046788
2050,-0.868815
2060,-0.709188
2070,-0.925598
2080,-0.867992
2090,0.306335
2100,1.000000
2110,1.000000
2120,0.396341
2130,-0.400426
2140,0.734396
2150,-1.000000
2160,1.000000
2170,-0.099241
2180,0.718985
2190,-0.503566
2200,-0.027005
2210,-1.000000
2220,0.197786
2230,0.638272
2240,-0.771276
2250,0.372555
2260,0.084650
2270,-0.403791
2280,0.305255
2290,0.107804
2300,1.000000
2310,-1.000000
2320,0.012207
2330,1.000000
2340,-1.000000
2350,-0.334873
2360,0.415231
2370,0.017660
2380,1.000000
2390,1.000000
2400,-1.000000
2410,-0.245674
2420,-0.342393
2430,-0.037411
2440,-0.638272
2450,-1.000000
2460,-1.000000
2470,-0.220884
2480,1.000000
2490,-0.189488
2500,0.796120
2510,0.030837
2520,0.491876
2530,0.112999
2540,0.527737
2550,0.607068
2560,-0.238251
2570,0.284333
2580,-0.213098
2590,-0.594479
2600,-0.538832
2610,-1.000000
2620,0.122278
2630,-0.483406
2640,-1.000000
2650,1.000000
2660,0.803583
2670,-0.340080
2680,-0.994340
2690,-0.680812
2700,0.045308
2710,1.000000
2720,-0.226969
2730,-1.000000
2740,-0.614441
2750,-0.061771
2760,-0.134405
2770,-0.191666
2780,0.198762
2790,-1.000000
2800,0.320790
2810,-1.000000
2820,0.334691
2830,-0.907839
2840,-0.588322
2850,1.000000
2860,-0.297479
2870,0.943298
2880,-1.000000
2890,0.281022
2900,-0.491968
2910,1.000000
2920,-1.000000
2930,1.000000
2940,0.484638
2950,-0.484099
2960,0.271000
2970,-1.000000
2980,0.113998
2990,0.952948
3000,-0.098596
3010,-0.330792
3020,-0.149283
3030,0.800612
3040,-1.000000
3050,1.000000
3060,0.628398
3070,-0.355731
3080,-1.000000
3090,-0.164926
3100,0.515972
3110,-1.000000
3120,0.760670
3130,0.410801
3140,-0.941992
3150,0.436995
3160,1.000000
3170,-1.000000
3180,1.000000
3190,-0.428722
3200,-1.000000
3210,1.000000
3220,0.141240
3230,1.000000
3240,-0.906461
3250,0.718249
3260,-1.000000
3270,1.000000
3280,0.890232
3290,0.505589
3300,-0.973171
3310,1.000000
3320,0.490099
3330,0.322094
3340,1.000000
3350,0.251894
3360,-0.174650
3370,1.000000
3380,-0.551733
3390,-0.011165
3400,1.000000
3410,-0.382920
3420,-0.446806
3430,0.290767
3440,-0.069220
3450,0.622089
3460,-1.000000
3470,0.080924
3480,0.845453
3490,0.327662
3500,-0.552181
3510,1.000000
3520,0.071309
3530,0.351030
3540,-1.000000
3550,-1.000000
3560,-0.029684
3570,-1.000000
3580,0.360087
3590,-0.738144
3600,-0.218441
3610,1.000000
3620,-0.974330
3630,-1.000000
3640,0.410217
3650,-0.247398
3660,-0.015735
3670,1.000000
3680,0.020244
3690,0.032033
3700,1.000000
3710,-0.635830
3720,-0.234380
3730,-1.000000
3740,0.509018
3750,-1.000000
3760,0.305098
3770,-0.082909
3780,-1.000000
3790,-1.000000
3800,0.579850
3810,0.316446
3820,1.000000
3830,1.000000
3840,0.078710
3850,0.296454
3860,-1.000000
3870,-1.000000
3880,1.000000
3890,-0.217027
3900,-0.706700
3910,-0.399795
3920,0.796566
3930,-1.000000
3940,-0.721432
3950,1.000000
3960,-0.362133
3970,1.000000
3980,-0.696263
3990,-0.574150
4000,1.000000
4010,-1.000000
4020,-0.288015
4030,-0.033932
4040,-0.808922
4050,1.000000
4060,-0.610347
4070,-0.340383
4080,-0.589983
4090,0.230804
4100,-0.987027
4110,1.000000
4120,-0.238430
4130,0.471045
4140,-0.897692
4150,-0.464482
4160,-0.941016
4170,1.000000
4180,1.000000
4190,1.000000
4200,-1.000000
4210,0.721299
4220,-1.000000
4230,0.632208
4240,0.951690
4250,-0.119858
4260,-0.836967
4270,-1.000000
4280,0.658789
4290,1.000000
4300,-0.234835
4310,0.553754
4320,0.826780
4330,-1.000000
4340,-0.066906
4350,1.000000
4360,0.159790
4370,1.000000
4380,-1.000000
4390,0.634857
4400,1.000000
4410,-1.000000
4420,0.743554
4430,-0.249497
4440,0.775893
4450,0.724077
4460,-0.525044
4470,-1.000000
4480,0.150410
4490,-1.000000
4500,1.000000
4510,0.310052
4520,-0.063307
4530,0.566610
4540,-0.949827
4550,1.000000
4560,0.718089
4570,-0.606885
4580,0.676328
4590,-1.000000
4600,0.196308
4610,-1.000000
4620,-0.105191
4630,0.087501
4640,-0.444253
4650,1.000000
4660,0.776960
4670,-1.000000
4680,0.731992
4690,-0.278433
4700,0.962434
4710,1.000000
4720,1.000000
4730,1.000000
4740,-0.576890
4750,0.321265
4760,1.000000
4770,0.742629
4780,-0.271793
4790,0.248032
4800,0.297532
4810,1.000000
4820,0.855963
4830,-0.551912
4840,0.551590
4850,0.929778
4860,-0.199157
4870,-0.025531
4880,-1.000000
4890,-0.492170
4900,0.212255
4910,-0.782972
4920,1.000000
4930,1.000000
4940,0.794258
4950,-1.000000
4960,1.000000
4970,0.980215
4980,-0.109377
4990,0.468038
5000,1.000000
5010,0.924643
5020,1.000000
5030,0.549973
5040,0.113621
5050,0.122782
5060,-0.887050
5070,-0.662752
5080,0.326232
5090,1.000000
5100,1.000000
5110,0.676998
5120,1.000000
5130,-0.060616
5140,0.249132
5150,0.719218
5160,0.051566
5170,0.482670
5180,0.529468
5190,0.532589
5200,-0.583401
5210,-0.314559
5220,1.000000
5230,0.051083
5240,0.104842
5250,0.622830
5260,-0.387150
5270,1.000000
5280,0.124869
5290,-0.696843
5300,0.690777
5310,0.202260
5320,-0.512755
5330,-1.000000
5340,-0.617167
5350,0.632294
5360,0.050768
5370,-0.723673
5380,-1.000000
5390,-1.000000
5400,1.000000
5410,-0.190415
5420,-0.665398
5430,0.414497
5440,-0.288490
5450,1.000000
5460,0.388048
5470,1.000000
5480,-0.498070
5490,1.000000
5500,0.107356
5510,-0.611585
5520,-1.000000
5530,-0.104128
5540,-1.000000
5550,0.235686
5560,1.000000
5570,0.379041
5580,-1.000000
5590,0.944004
5600,-0.266110
5610,-0.788632
5620,0.956122
5630,-0.298692
5640,-1.000000
5650,-1.000000
5660,0.139109
5670,-0.547195
5680,-0.600389
5690,-1.000000
5700,-1.000000
5710,0.581583
5720,-0.688827
5730,0.946550
5740,-1.000000
5750,-0.496645
5760,0.318862
5770,-0.184808
5780,0.912418
5790,0.026981
5800,0.223163
5810,-0.180389
5820,-0.423691
5830,-0.537109
5840,0.803452
5850,0.168385
5860,-0.863617
5870,-0.280108
5880,-1.000000
5890,1.000000
5900,0.006105
5910,0.106415
5920,-0.097944
5930,0.982044
5940,-0.930505
5950,0.712262
5960,0.173304
5970,-1.000000
5980,0.555568
5990,-1.000000
6000,-0.527079
6010,-0.503703
6020,-0.847702
6030,0.455123
6040,1.000000
6050,-0.159395
6060,1.000000
6070,0.597958
6080,1.000000
6090,-0.497941
6100,-0.249218
6110,0.543704
6120,-0.113298
6130,0.454281
6140,-1.000000
6150,-1.000000
6160,1.000000
6170,1.000000
6180,0.370534
6190,-0.171505
6200,0.558210
6210,-1.000000
6220,-0.114034
6230,0.731447
6240,0.791255
6250,-1.000000
6260,-0.523231
6270,-0.504021
6280,0.812076
6290,0.336033
6300,1.000000
6310,-0.028723
6320,-1.000000
6330,1.000000
6340,-1.000000
6350,1.000000
6360,0.106358
6370,-0.707004
6380,-0.198473
6390,-0.944000
6400,0.818195
6410,-0.704953
6420,1.000000
6430,-0.651554
6440,0.143748
6450,0.014083
6460,0.220762
6470,0.881819
6480,-0.880544
6490,-0.117984
6500,-1.000000
6510,0.064722
6520,-0.218782
6530,1.000000
6540,0.152294
6550,-1.000000
6560,-1.000000
6570,0.205545
6580,-0.866407
6590,-0.556171
6600,0.876721
6610,1.000000
6620,-0.679151
6630,-1.000000
6640,0.516551
6650,1.000000
6660,0.763391
6670,-0.727472
6680,0.750558
6690,-0.988924
6700,-1.000000
6710,0.520578
6720,1.000000
6730,-0.629549
6740,0.594756
6750,0.184718
6760,0.100423
6770,0.995127
6780,0.282300
6790,-1.000000
6800,-0.927142
6810,-0.157044
6820,1.000000
6830,0.776883
6840,0.958521
6850,0.761263
6860,-1.000000
6870,-1.000000
6880,-1.000000
6890,-0.992105
6900,1.000000
6910,-0.388080
6920,0.504598
6930,-0.433324
6940,-1.000000
6950,-0.482400
6960,-0.838186
6970,0.043525
6980,0.419741
6990,-0.541280
7000,1.000000
7010,-0.335926
7020,1.000000
7030,0.548629
7040,-0.988911
7050,-1.000000
7060,0.666265
7070,0.790683
7080,1.000000
7090,-0.644851
7100,0.179608
7110,-1.000000
7120,-0.282839
7130,0.080224
7140,-0.954372
7150,-0.457524
7160,0.896211
7170,-1.000000
7180,0.441045
7190,0.691098
7200,1.000000
7210,-0.652581
7220,1.000000
7230,-0.219616
7240,0.590339
7250,-1.000000
7260,1.000000
7270,0.808759
7280,-0.589506
7290,1.000000
7300,0.653789
7310,-0.312084
7320,-1.000000
7330,-0.294191
7340,1.000000
7350,0.012046
7360,-1.000000
7370,0.823973
7380,-1.000000
7390,-0.255255
7400,0.879904
7410,-1.000000
7420,0.529587
7430,0.921830
7440,0.553272
7450,0.894618
7460,-1.000000
7470,-1.000000
7480,1.000000
7490,-0.953880
7500,0.181575
7510,-0.266667
7520,-1.000000
7530,-0.853513
7540,-0.758853
7550,-1.000000
7560,0.819578
7570,1.000000
7580,0.604808
7590,1.000000
7600,-0.490858
7610,1.000000
7620,-0.027422
7630,1.000000
7640,0.436265
7650,-1.000000
7660,0.244583
7670,-0.529521
7680,0.378780
7690,-1.000000
7700,-1.000000
7710,-0.799256
7720,-1.000000
7730,0.149986
7740,-1.000000
7750,0.368811
7760,-0.671532
7770,0.930829
7780,-0.673903
7790,0.422006
7800,0.128655
7810,-0.433668
7820,-1.000000
7830,0.917485
7840,-1.000000
7850,0.028286
7860,0.123529
7870,-0.165032
7880,0.042172
7890,-0.807200
7900,-1.000000
7910,-0.599956
7920,0.400181
7930,0.745721
7940,1.000000
7950,-0.816605
7960,0.759749
7970,0.029448
7980,-0.780220
7990,0.288888
8000,0.084983
8010,0.118178
8020,0.240979
8030,-0.252422
8040,0.389928
8050,1.000000
8060,1.000000
8070,0.793720
8080,-1.000000
8090,-1.000000
8100,-0.893578
8110,1.000000
8120,1.000000
8130,-0.649410
8140,-0.377258
8150,0.859239
8160,0.034887
8170,0.373884
8180,0.334878
8190,0.733566
8200,0.580774
8210,-1.000000
8220,0.235284
8230,1.000000
8240,0.071726
8250,-0.730487
8260,-0.499424
8270,0.933782
8280,0.247723
8290,0.579234
8300,0.558092
8310,1.000000
8320,-0.272400
8330,1.000000
8340,0.426993
8350,-0.227110
8360,-0.152613
8370,-1.000000
8380,-0.901974
8390,-0.222310
8400,1.000000
8410,-0.376086
8420,0.335679
8430,-0.265607
8440,-1.000000
8450,-0.991359
8460,1.000000
8470,0.432094
8480,-1.000000
8490,0.636268
8500,-1.000000
8510,-0.178366
8520,-0.663290
8530,0.048272
8540,-0.302712
8550,1.000000
8560,-1.000000
8570,-1.000000
8580,1.000000
8590,-0.477424
8600,-1.000000
8610,-1.000000
8620,1.000000
8630,1.000000
8640,0.862189
8650,0.272649
8660,0.686896
8670,-1.000000
8680,0.696358
8690,-0.579223
8700,0.135604
8710,0.889869
8720,-0.301519
8730,-0.653635
8740,1.000000
8750,0.972316
8760,-0.014625
8770,-0.456196
8780,0.803200
8790,0.972264
8800,-0.938380
8810,0.488538
8820,0.310758
8830,-0.259462
8840,-0.817375
8850,1.000000
8860,0.093081
8870,1.000000
8880,-0.930235
8890,-1.000000
8900,-0.488577
8910,0.261716
8920,-1.000000
8930,-1.000000
8940,1.000000
8950,-0.278159
8960,1.000000
8970,0.383254
8980,1.000000
8990,-0.717201
9000,-0.539258
9010,0.898738
9020,-0.899488
9030,0.282127
9040,-0.371378
9050,-0.203189
9060,-0.192980
9070,1.000000
9080,0.001999
9090,1.000000
9100,1.000000
9110,-1.000000
9120,-1.000000
9130,-0.542140
9140,0.075874
9150,0.411202
9160,-0.809392
9170,-0.242090
9180,-0.554020
9190,-0.561082
9200,-0.150870
9210,-0.064377
9220,-1.000000
9230,1.000000
9240,0.087177
9250,0.589829
9260,-1.000000
9270,1.000000
9280,-0.159555
9290,-1.000000
9300,-0.902676
9310,-0.301226
9320,1.000000
9330,0.223498
9340,-0.659950
9350,-0.961626
9360,-0.039075
9370,0.816784
9380,1.000000
9390,0.715161
9400,-1.000000
9410,-0.110314
9420,-1.000000
9430,-0.384284
9440,-0.780476
9450,1.000000
9460,-0.123198
9470,0.597017
9480,0.734660
9490,-1.000000
9500,-1.000000
9510,0.386948
9520,1.000000
9530,-0.837682
9540,0.335465
9550,-1.000000
9560,1.000000
9570,-0.167981
9580,1.000000
9590,0.520759
9600,-0.849638
9610,1.000000
9620,0.724286
9630,-1.000000
9640,0.076284
9650,1.000000
9660,0.969941
9670,-0.185038
9680,-1.000000
9690,-0.674937
9700,1.000000
9710,1.000000
9720,0.879459
9730,0.654300
9740,-1.000000
9750,0.620853
9760,-0.130008
9770,0.268237
9780,0.643226
9790,0.234949
9800,0.055170
9810,-0.086099
9820,0.177569
9830,1.000000
9840,-0.070276
9850,0.407339
9860,1.000000
9870,1.000000
9880,-1.000000
9890,-1.000000
9900,-1.000000
9910,-1.000000
9920,0.304405
9930,0.500084
9940,-0.616665
9950,-0.011208
9960,-0.030515
9970,0.691826
9980,-0.621218
9990,-0.155779
10000,-0.610301
10010,0.402106
10020,-0.383383
10030,0.102671
10040,-1.000000
10050,-0.100236
10060,0.308740
10070,-0.312604
10080,0.435132
10090,-1.000000
10100,-1.000000
10110,-1.000000
10120,1.000000
10130,-1.000000
10140,0.075257
10150,1.000000
10160,-0.946779
10170,1.000000
10180,-0.710719
10190,1.000000
10200,1.000000
10210,-1.000000
10220,1.000000
10230,-1.000000
10240,-0.476929
10250,0.338172
10260,-0.234051
10270,1.000000
10280,-0.649191
10290,-0.618747
10300,1.000000
10310,0.228627
10320,-0.924078
10330,0.443872
10340,1.000000
10350,1.000000
10360,0.639221
10370,-0.651320
10380,0.297447
10390,-1.000000
10400,0.426201
10410,0.762249
10420,-0.990477
10430,0.621224
10440,-1.000000
10450,0.106767
10460,1.000000
10470,0.076661
10480,0.561668
10490,0.294974
10500,0.859580
10510,0.718113
10520,-1.000000
10530,1.000000
10540,0.000883
10550,-0.099797
10560,-0.553449
10570,-1.000000
10580,0.577784
10590,0.694824
10600,0.506745
10610,-0.913730
10620,0.967234
10630,0.427502
10640,1.000000
10650,1.000000
10660,-0.381226
10670,-1.000000
10680,1.000000
10690,-0.033854
10700,-1.000000
10710,0.045035
10720,1.000000
10730,0.236615
10740,0.177402
10750,-0.877269
10760,1.000000
10770,-0.077430
10780,0.953283
10790,-1.000000
10800,-0.478133
10810,1.000000
10820,0.446948
10830,0.100657
10840,-1.000000
10850,-1.000000
10860,-1.000000
10870,1.000000
10880,-1.000000
10890,1.000000
10900,1.000000
10910,0.283301
10920,0.755148
10930,-1.000000
10940,-1.000000
10950,-1.000000
10960,0.784317
10970,1.000000
10980,-0.602345
10990,-0.402072
11000,0.603155
11010,-1.000000
11020,0.023740
11030,1.000000
11040,-0.801018
11050,-1.000000
11060,-0.696073
11070,-0.726210
11080,0.360930
11090,-0.609030
11100,-1.000000
11110,1.000000
11120,0.789152
11130,-0.588390
11140,-0.780532
11150,0.845374
11160,0.247081
11170,-0.334628
11180,-0.382727
11190,0.531742
11200,-0.269659
11210,-0.067464
11220,0.528768
11230,-1.000000
11240,1.000000
11250,-0.974370
11260,-1.000000
11270,0.237406
11280,-0.876041
11290,0.600859
11300,0.660907
11310,0.072338
11320,-1.000000
11330,0.677769
11340,-0.250309
11350,0.886721
11360,-0.445404
11370,-0.737248
11380,-0.708745
11390,-0.761945
11400,-0.101965
11410,-0.230642
11420,1.000000
11430,1.000000
11440,-0.941556
11450,0.537652
11460,0.165075
11470,-1.000000
11480,1.000000
11490,0.933339
11500,-0.651162
11510,1.000000
11520,1.000000
11530,-0.123117
11540,-0.480213
11550,-0.588203
11560,0.225441
11570,-1.000000
11580,-0.675242
11590,0.817776
11600,0.931700
11610,-1.000000
11620,0.872059
11630,0.413117
11640,-1.000000
11650,1.000000
11660,1.000000
11670,1.000000
11680,0.929451
11690,-1.000000
11700,0.398643
11710,0.315153
11720,0.416689
11730,-0.172091
11740,1.000000
11750,0.011015
11760,-0.219662
11770,0.230239
11780,-0.111463
11790,0.567373
11800,-0.391560
11810,0.459032
11820,0.340200
11830,1.000000
11840,1.000000
11850,-1.000000
11860,-1.000000
11870,-0.352095
11880,-0.670167
11890,1.000000
11900,-1.000000
11910,0.233500
11920,0.419751
11930,-0.162518
11940,-0.410544
11950,1.000000
11960,0.739486
11970,-0.920970
11980,0.107377
11990,-0.131629
12000,0.227126
12010,-1.000000
12020,0.470598
12030,-0.514030
12040,-0.880308
12050,0.209332
12060,-0.027572
12070,0.292397
12080,0.983452
12090,-0.365524
12100,0.147568
12110,-0.301626
12120,-1.000000
12130,-0.660219
12140,1.000000
12150,-0.572817
12160,0.720930
12170,0.663683
12180,-1.000000
12190,-0.072124
12200,-1.000000
12210,1.000000
12220,-0.161603
12230,0.220178
12240,1.000000
12250,-0.935006
12260,0.318337
12270,-0.176758
12280,-0.585904
12290,1.000000
12300,0.226330
12310,-0.559270
12320,1.000000
12330,-0.522724
12340,0.048628
12350,-0.195409
12360,-0.512115
12370,0.919433
12380,-0.554864
12390,0.375250
12400,-0.123100
12410,0.237033
12420,1.000000
12430,1.000000
12440,-0.113642
12450,0.266349
12460,-1.000000
12470,0.240125
12480,-0.903593
12490,-0.251228
12500,-0.662393
12510,1.000000
12520,1.000000
12530,-0.202611
12540,-0.875964
12550,0.571439
12560,0.316560
12570,-0.447409
12580,-0.512101
12590,-1.000000
12600,-0.687315
12610,-0.876424
12620,1.000000
12630,-0.169976
12640,0.303913
12650,1.000000
12660,-1.000000
12670,-1.000000
12680,-0.478492
12690,1.000000
12700,-1.000000
12710,1.000000
12720,0.831663
12730,-0.166313
12740,0.331264
12750,-0.122338
12760,-0.829867
12770,-1.000000
12780,0.226914
12790,0.862723
12800,-1.000000
12810,0.649655
12820,-1.000000
12830,1.000000
12840,0.265535
12850,-0.266322
12860,-0.119462
12870,1.000000
12880,0.844283
12890,0.147605
12900,1.000000
12910,-0.321208
12920,0.619323
12930,-0.481857
12940,-1.000000
12950,0.452959
12960,-0.531519
12970,0.021219
12980,-0.608257
12990,0.809949
13000,-0.808838
13010,-1.000000
13020,1.000000
13030,0.016952
13040,0.684794
13050,1.000000
13060,-0.073868
13070,1.000000
13080,1.000000
13090,1.000000
13100,-1.000000
13110,-0.972065
13120,-0.589304
13130,-0.121603
13140,-1.000000
13150,0.208895
13160,0.754295
13170,0.005280
13180,0.624950
13190,-0.643921
13200,0.126407
13210,0.713212
13220,-0.136644
13230,1.000000
13240,-0.075044
13250,-0.297467
13260,0.285984
13270,0.377716
13280,-0.610731
13290,0.880900
13300,-0.727996
13310,-0.727079
13320,-0.376245
13330,-0.957098
13340,0.217257
13350,1.000000
13360,-0.326020
13370,-0.240072
13380,-1.000000
13390,-1.000000
13400,-1.000000
13410,-0.225485
13420,0.527353
13430,-1.000000
13440,-0.781824
13450,0.913112
13460,-0.882464
13470,-0.776533
13480,-0.246673
13490,0.289421
13500,-1.000000
13510,1.000000
13520,0.738813
13530,0.601693
13540,1.000000
13550,0.269507
13560,0.656778
13570,1.000000
13580,0.415449
13590,-1.000000
13600,0.336162
13610,1.000000
13620,0.789600
13630,0.167810
13640,-0.434970
13650,1.000000
13660,-1.000000
13670,-0.158125
13680,0.227702
13690,0.484524
13700,-0.600115
13710,1.000000
13720,1.000000
13730,0.898390
13740,-1.000000
13750,-0.961588
13760,-0.286987
13770,0.454167
13780,0.047921
13790,0.706556
13800,-0.345685
13810,0.569417
13820,0.287011
13830,1.000000
13840,1.000000
13850,1.000000
13860,0.443144
13870,1.000000
13880,-0.247926
13890,-0.704854
13900,1.000000
13910,0.177202
13920,-0.116819
13930,0.699839
13940,-1.000000
13950,-1.000000
13960,0.258400
13970,0.045412
13980,-0.460363
13990,-0.727801
14000,1.000000
14010,0.359057
14020,-0.128005
14030,-1.000000
14040,-1.000000
14050,0.597792
14060,0.384676
14070,-0.138007
14080,-0.393285
14090,-1.000000
14100,-0.254735
14110,-1.000000
14120,1.000000
14130,-0.572037
14140,-0.415460
14150,0.548110
14160,0.435796
14170,1.000000
14180,1.000000
14190,0.119342
14200,-1.000000
14210,-0.753151
14220,1.000000
14230,-0.857370
14240,0.023186
14250,1.000000
14260,-1.000000
14270,-0.035433
14280,0.741717
14290,-1.000000
14300,1.000000
14310,0.356852
14320,0.154810
14330,-0.706302
14340,-0.194658
14350,0.156998
14360,-0.147507
14370,0.641152
14380,-0.017230
14390,0.435263
14400,0.218968
14410,-1.000000
14420,0.264881
14430,0.492095
14440,-0.020157
14450,-0.699768
14460,1.000000
14470,1.000000
14480,0.084259
14490,-0.279646
14500,0.309620
14510,1.000000
14520,-1.000000
14530,-0.558840
14540,-1.000000
14550,-0.133135
14560,1.000000
14570,1.000000
14580,-0.215131
14590,0.837952
14600,1.000000
14610,0.676749
14620,0.535241
14630,-1.000000
14640,-0.436746
14650,-0.646624
14660,-1.000000
14670,-0.056658
14680,1.000000
14690,1.000000
14700,-1.000000
14710,-0.837498
14720,-1.000000
14730,-0.901673
14740,0.596463
14750,-1.000000
14760,0.345186
14770,1.000000
14780,1.000000
14790,-1.000000
14800,-0.607637
14810,0.070921
14820,-0.237442
14830,-0.076780
14840,-1.000000
14850,0.473916
14860,-1.000000
14870,-0.860542
14880,1.000000
14890,0.908315
14900,-1.000000
14910,0.190223
14920,1.000000
14930,0.964942
14940,-1.000000
14950,-0.745638
14960,1.000000
14970,0.783632
14980,-1.000000
14990,0.417060
15000,1.000000
15010,-0.934778
15020,0.422020
15030,-0.456023
15040,1.000000
15050,-1.000000
15060,-1.000000
15070,0.523239
15080,0.087157
15090,-1.000000
15100,0.351320
15110,-1.000000
15120,0.196819
15130,1.000000
15140,-0.443387
15150,-0.724037
15160,0.115650
15170,0.401897
15180,0.133823
15190,0.351320
15200,-1.000000
15210,0.669121
15220,0.069989
15230,0.677692
15240,-1.000000
15250,1.000000
15260,1.000000
15270,1.000000
15280,-1.000000
15290,-1.000000
15300,0.105490
15310,0.904937
15320,-1.000000
15330,0.189136
15340,1.000000
15350,0.452445
15360,-0.313590
15370,1.000000
15380,-0.631065
15390,0.627875
15400,1.000000
15410,-0.824705
15420,-1.000000
15430,0.059296
15440,1.000000
15450,1.000000
15460,0.711010
15470,-0.889973
15480,-1.000000
15490,1.000000
15500,-0.003168
15510,-0.186326
15520,0.888677
15530,-0.409282
15540,-0.201080
15550,-0.562685
15560,0.830833
15570,-0.017525
15580,-0.998675
15590,1.000000
15600,0.862143
15610,1.000000
15620,-0.550130
15630,0.422542
15640,-0.283974
15650,0.363089
15660,0.184093
15670,-1.000000
15680,-1.000000
15690,-0.641387
15700,1.000000
15710,0.275092
15720,-0.308406
15730,-0.526857
15740,-1.000000
15750,0.005346
15760,0.986632
15770,-1.000000
15780,1.000000
15790,1.000000
15800,0.134033
15810,-0.587387
15820,-0.312594
15830,0.884310
15840,-1.000000
15850,0.859356
15860,1.000000
15870,1.000000
15880,-0.749980
15890,-1.000000
15900,-0.291013
15910,0.011440
15920,1.000000
15930,-0.359494
15940,-0.237379
15950,-0.444902
15960,0.494698
15970,0.262093
15980,-0.004586
15990,0.283714
16000,-0.793427
16010,-1.000000
16020,0.781514
16030,1.000000
16040,1.000000
16050,-0.175642
16060,-0.338281
16070,1.000000
16080,0.671850
16090,-1.000000
16100,1.000000
16110,-1.000000
16120,-0.315826
16130,0.895535
16140,0.911105
16150,0.492126
16160,-0.799039
16170,-0.697465
16180,-0.442871
16190,-0.060443
16200,0.970361
16210,0.531953
16220,0.700862
16230,0.519198
16240,1.000000
16250,0.673119
16260,1.000000
16270,0.315190
16280,0.727227
16290,-0.273248
16300,1.000000
16310,1.000000
16320,-1.000000
16330,-1.000000
16340,-0.229943
16350,1.000000
16360,-0.138269
16370,0.078670
16380,0.384805
16390,0.069631
16400,-1.000000
16410,0.303960
16420,0.901917
16430,-0.469545
16440,0.500214
16450,0.482640
16460,0.589686
16470,1.000000
16480,-0.279648
16490,-1.000000
16500,1.000000
16510,1.000000
16520,-0.752700
16530,-0.898778
16540,1.000000
16550,1.000000
16560,-1.000000
16570,0.544762
16580,-0.017270
16590,1.000000
16600,-0.127537
16610,-0.401165
16620,0.371186
16630,-0.164148
16640,1.000000
16650,-1.000000
16660,0.619854
16670,0.539472
16680,1.000000
16690,0.413304
16700,1.000000
16710,0.197695
16720,-0.579851
16730,0.608254
16740,1.000000
16750,0.682646
16760,-0.252319
16770,0.829595
16780,0.920861
16790,0.444557
16800,-0.491540
16810,0.929152
16820,-0.141160
16830,0.694979
16840,0.766371
16850,0.706907
16860,-1.000000
16870,1.000000
16880,0.935458
16890,-0.575786
16900,0.402859
16910,-0.685207
16920,-0.332035
16930,1.000000
16940,1.000000
16950,1.000000
16960,0.377182
16970,0.286439
16980,-0.676231
16990,-0.707807
17000,-1.000000
17010,0.012255
17020,-0.182703
17030,-0.123511
17040,-1.000000
17050,0.789164
17060,0.472927
17070,0.080638
17080,0.347145
17090,0.671629
17100,0.232457
17110,0.306257
17120,1.000000
17130,-1.000000
17140,0.201137
17150,1.000000
17160,0.357155
17170,0.479126
17180,-0.694035
17190,-1.000000
17200,0.897055
17210,-1.000000
17220,-0.442003
17230,0.662571
17240,0.027117
17250,-0.665112
17260,0.528967
17270,-1.000000
17280,0.384905
17290,0.793263
17300,0.884728
17310,0.434323
17320,-0.467631
17330,1.000000
17340,1.000000
17350,0.841200
17360,0.828223
17370,-0.149343
17380,-1.000000
17390,-0.296223
17400,0.556599
17410,1.000000
17420,1.000000
17430,-1.000000
17440,-0.185667
17450,1.000000
17460,1.000000
17470,-0.289586
17480,0.530604
17490,-0.636577
17500,-0.727979
17510,-0.275218
17520,-1.000000
17530,0.127588
17540,-1.000000
17550,0.703761
17560,-1.000000
17570,-1.000000
17580,0.030823
17590,0.521899
17600,-1.000000
17610,0.905034
17620,-0.022081
17630,-0.607932
17640,0.355598
17650,0.973795
17660,-0.088456
17670,-0.540971
17680,0.042992
17690,1.000000
17700,0.115906
17710,0.582734
17720,-1.000000
17730,0.098719
17740,1.000000
17750,-1.000000
17760,-1.000000
17770,0.100693
17780,0.484308
17790,-1.000000
17800,0.522390
17810,1.000000
17820,0.117506
17830,-1.000000
17840,-0.003953
17850,0.052034
17860,0.486499
17870,0.626198
17880,-1.000000
17890,1.000000
17900,1.000000
17910,0.154574
17920,0.481703
17930,-0.251714
17940,1.000000
17950,1.000000
17960,0.189432
17970,0.244383
17980,-0.504935
17990,-0.398882
18000,0.471681
18010,-1.000000
18020,-0.944660
18030,1.000000
18040,-0.309929
18050,-0.239068
18060,-1.000000
18070,0.087955
18080,1.000000
18090,1.000000
18100,-0.061350
18110,-0.028873
18120,0.024847
18130,0.370845
18140,-1.000000
18150,-0.533254
18160,0.405762
18170,-0.153271
18180,-0.586439
18190,-0.641536
18200,-1.000000
18210,-0.531900
18220,0.649546
18230,-1.000000
18240,0.618912
18250,-0.346931
18260,0.357387
18270,-0.051033
18280,-1.000000
18290,0.101660
18300,-1.000000
18310,-0.406599
18320,0.882303
18330,0.402389
18340,0.595086
18350,0.086559
18360,-0.175235
18370,1.000000
18380,0.426948
18390,0.683220
18400,1.000000
18410,-0.852655
18420,0.677235
18430,-0.559303
18440,-1.000000
18450,1.000000
18460,-1.000000
18470,1.000000
18480,1.000000
18490,0.428524
18500,-0.740263
18510,0.672420
18520,1.000000
18530,-1.000000
18540,-1.000000
18550,-1.000000
18560,1.000000
18570,0.171013
18580,-1.000000
18590,-0.507283
18600,0.373948
18610,1.000000
18620,-0.239196
18630,1.000000
18640,-0.774670
18650,-0.336037
18660,0.570430
18670,-0.189441
18680,1.000000
18690,-0.235181
18700,0.419136
18710,0.370504
18720,-0.825743
18730,0.230510
18740,1.000000
18750,-1.000000
18760,-0.956194
18770,1.000000
18780,0.748530
18790,-1.000000
18800,-0.459857
18810,-1.000000
18820,1.000000
18830,0.171118
18840,1.000000
18850,1.000000
18860,0.031323
18870,0.051652
18880,0.331920
18890,0.303929
18900,-0.001371
18910,0.226823
18920,0.893029
18930,0.416016
18940,1.000000
18950,-1.000000
18960,0.059321
18970,0.320473
18980,-0.598516
18990,-0.103887
19000,-0.892115
19010,-1.000000
19020,-1.000000
19030,1.000000
19040,0.561171
19050,-0.030678
19060,-0.209365
19070,1.000000
19080,-0.732793
19090,1.000000
19100,1.000000
19110,-0.507589
19120,-0.724371
19130,-1.000000
19140,0.458666
19150,1.000000
19160,0.591688
19170,0.617229
19180,0.278577
19190,0.193825
19200,0.668316
19210,0.667632
19220,1.000000
19230,-0.169888
19240,-0.107103
19250,-0.505506
19260,-1.000000
19270,-0.969703
19280,0.532962
19290,-0.868819
19300,-0.009180
19310,0.344930
19320,-0.358114
19330,-0.823961
19340,-0.720088
19350,-0.914713
19360,1.000000
19370,-0.665515
19380,-0.920817
19390,0.144428
19400,-0.657283
19410,-0.378504
19420,0.903088
19430,-0.869487
19440,0.264239
19450,0.586775
19460,0.707103
19470,0.177228
19480,-0.390618
19490,1.000000
19500,-1.000000
19510,1.000000
19520,0.051712
19530,0.541434
19540,-0.487719
19550,0.623456
19560,-0.909708
19570,0.001559
19580,1.000000
19590,0.979856
19600,1.000000
19610,-0.439251
19620,0.795408
19630,-1.000000
19640,0.008217
19650,0.891508
19660,-0.832752
19670,0.676961
19680,-1.000000
19690,-1.000000
19700,0.960208
19710,-0.710607
19720,-0.201323
19730,0.471703
19740,-1.000000
19750,1.000000
19760,-0.566372
19770,1.000000
19780,0.518729
19790,-0.994895
19800,-1.000000
19810,0.193759
19820,-0.494266
19830,-0.422245
19840,0.202915
19850,-0.639095
19860,0.100076
19870,-0.441040
19880,-0.599575
19890,0.157605
19900,1.000000
19910,0.451182
19920,-0.280547
19930,-1.000000
19940,-0.782759
19950,-1.000000
19960,0.699306
19970,-1.000000
19980,-0.318532
19990,0.099864
20000,-0.031808
20010,1.000000
20020,0.337532
20030,-0.183659
20040,-0.088057
20050,-0.556829
20060,-1.000000
20070,-0.097967
20080,1.000000
20090,1.000000
20100,0.655061
20110,-0.515589
20120,1.000000
20130,-0.003542
20140,-1.000000
20150,0.648127
20160,1.000000
20170,0.776376
20180,1.000000
20190,1.000000
20200,0.290382
20210,0.692993
20220,1.000000
20230,-0.390310
20240,-0.550930
20250,0.303813
20260,-1.000000
20270,1.000000
20280,0.433310
20290,0.196054
20300,-0.440041
20310,0.630939
20320,-1.000000
20330,0.477828
20340,-1.000000
20350,-1.000000
20360,0.359310
20370,1.000000
20380,-1.000000
20390,-0.536565
20400,0.148919
20410,0.668147
20420,0.421360
20430,0.891351
20440,0.047109
20450,0.124293
20460,-0.937045
20470,-0.670806
20480,-0.068105
