timestep,raw_steer,raw_throttle
10,-0.293168,0.275675
20,0.943684,1.000000
30,-0.856362,0.168337
40,-0.939168,0.171645
50,-0.136515,1.000000
60,-1.000000,0.797177
70,0.550259,0.651389
80,0.201819,0.939789
90,-0.151710,0.000000
100,0.121367,1.000000
110,-0.091002,0.358515
120,1.000000,0.177305
130,1.000000,0.064589
140,-1.000000,0.306671
150,-1.000000,0.153532
160,0.201468,0.274247
170,0.192165,1.000000
180,0.749726,0.668147
190,0.039492,0.350321
200,-0.706956,0.474875
210,1.000000,0.102879
220,-0.449140,0.543856
230,0.127732,0.546751
240,-0.435296,0.000000
250,1.000000,0.000000
260,1.000000,1.000000
270,0.229740,0.473868
280,-1.000000,0.207757
290,0.614145,0.714792
300,-0.198227,0.000000
310,0.003827,1.000000
320,0.452667,0.000000
330,1.000000,0.270938
340,-0.722478,0.988921
350,-1.000000,0.371968
360,0.162444,0.163947
370,-0.004603,1.000000
380,-1.000000,0.444280
390,-0.097898,1.000000
400,0.970860,0.000000
410,0.174497,0.372626
420,1.000000,0.017550
430,1.000000,0.000000
440,0.245700,0.294936
450,0.060736,0.468151
460,-0.221422,0.272262
470,1.000000,0.540139
480,-0.602804,0.557968
490,-0.105492,1.000000
500,1.000000,0.281411
510,1.000000,0.789488
520,-1.000000,1.000000
530,0.252657,0.000000
540,-1.000000,0.155146
550,1.000000,0.500150
560,1.000000,1.000000
570,-0.477854,0.844679
580,-0.033290,0.736684
590,1.000000,0.523378
600,0.946254,1.000000
610,0.669099,0.479196
620,1.000000,0.238677
630,-0.797152,0.325502
640,-0.125698,0.729731
650,-0.925040,0.555328
660,-0.454387,0.646787
670,-0.106249,1.000000
680,-0.016649,0.271527
690,-0.711744,1.000000
700,1.000000,0.000000
710,-1.000000,1.000000
720,-0.524009,1.000000
730,-1.000000,0.000000
740,0.357000,0.290594
750,-1.000000,0.026929
760,-1.000000,0.742383
770,0.228115,1.000000
780,0.893910,0.233314
790,1.000000,0.465849
800,-1.000000,1.000000
810,0.732946,0.598930
820,0.305475,0.600701
830,-0.218779,0.275497
840,0.370369,0.145840
850,0.698639,0.069992
860,0.114373,0.000000
870,1.000000,0.000000
880,-1.000000,0.956433
890,1.000000,0.865912
900,-0.545701,1.000000
910,-0.581582,0.102980
920,1.000000,0.466443
930,0.953915,1.000000
940,-1.000000,0.480806
950,-0.509890,0.387874
960,0.539651,0.000000
970,0.069846,0.687113
980,-0.599915,0.000000
990,0.045839,0.881928
1000,1.000000,1.000000
1010,1.000000,0.647642
1020,-0.533066,0.940605
1030,0.686824,0.504383
1040,-1.000000,0.771737
1050,-1.000000,0.562925
1060,-0.081684,0.420509
1070,-1.000000,0.425742
1080,0.335998,0.217295
1090,-1.000000,0.503236
1100,0.746097,0.000000
1110,-0.139499,0.133876
1120,-0.218156,0.362700
1130,-0.544429,0.044782
1140,-0.182910,0.613633
1150,0.916407,0.806886
1160,-0.203200,0.483708
1170,0.950126,0.640416
1180,0.955202,0.763156
1190,-0.483522,0.404828
1200,-0.500698,0.501654
1210,-0.727978,0.896222
1220,-0.542192,0.530610
1230,-1.000000,1.000000
1240,0.145791,0.000000
1250,1.000000,0.669947
1260,0.919843,1.000000
1270,-0.738490,1.000000
1280,1.000000,0.777448
1290,-0.374469,0.154849
1300,-1.000000,1.000000
1310,0.721515,0.270753
1320,1.000000,0.615335
1330,1.000000,0.000000
1340,-1.000000,0.450952
1350,-1.000000,0.113134
1360,-1.000000,0.206588
1370,1.000000,1.000000
1380,-0.457089,0.531663
1390,0.593459,0.877054
1400,-0.230220,0.556994
1410,-0.526860,1.000000
1420,-0.765968,0.621759
1430,1.000000,0.333790
1440,0.190395,0.163816
1450,1.000000,0.698646
1460,-1.000000,0.015402
1470,1.000000,0.448912
1480,0.420528,0.703837
1490,1.000000,0.480432
1500,-1.000000,0.401447
1510,-0.731094,0.514719
1520,-0.261345,0.502511
1530,-0.028777,0.225683
1540,-0.329566,0.842100
1550,0.410648,1.000000
1560,0.360573,0.855309
1570,-0.686802,0.476511
1580,-1.000000,0.866649
1590,0.643864,0.563104
1600,1.000000,1.000000
1610,0.619612,0.575956
1620,1.000000,0.263551
1630,-1.000000,1.000000
1640,0.846127,0.389280
1650,-1.000000,0.684621
1660,-1.000000,0.314698
1670,0.148318,1.000000
1680,0.457375,0.747294
1690,-0.667374,0.888615
1700,-0.017893,0.958910
1710,0.246953,0.785629
1720,0.402723,0.197175
1730,-0.300223,1.000000
1740,0.567512,0.682927
1750,-0.462546,0.323791
1760,-0.790630,1.000000
1770,-0.871630,0.000000
1780,-1.000000,0.000000
1790,1.000000,0.000000
1800,0.937017,0.320800
1810,1.000000,1.000000
1820,0.528226,0.000000
1830,-0.659362,0.000000
1840,-0.037355,0.533961
1850,0.324710,0.594096
1860,0.312676,0.259878
1870,0.082167,0.624263
1880,0.257055,0.000000
1890,0.835727,1.000000
1900,1.000000,0.565431
1910,0.618876,1.000000
1920,-0.539126,0.977225
1930,1.000000,1.000000
1940,1.000000,0.924719
1950,0.566976,0.000000
1960,-0.676820,1.000000
1970,1.000000,0.333397
1980,0.037116,0.396834
1990,0.588713,0.344332
2000,-1.000000,0.000000
2010,1.000000,0.585728
2020,0.692772,0.387579
2030,-1.000000,0.633985
2040,0.069908,0.000000
2050,-0.738443,0.482783
2060,-0.875279,0.610565
2070,-1.000000,1.000000
2080,-1.000000,0.000000
2090,0.162537,0.064281
2100,1.000000,1.000000
2110,1.000000,0.827380
2120,0.525513,0.792197
2130,-0.248610,0.000000
2140,0.930964,0.395142
2150,-1.000000,0.786083
2160,1.000000,1.000000
2170,-0.292681,0.958083
2180,0.634776,0.000000
2190,-0.690907,1.000000
2200,-0.124150,0.000000
2210,-1.000000,0.081146
2220,-0.069869,0.349204
2230,0.724979,1.000000
2240,-1.000000,0.296800
2250,0.136959,0.000000
2260,-0.122030,1.000000
2270,-0.348626,0.752395
2280,0.503493,0.722272
2290,0.062116,1.000000
2300,1.000000,0.922469
2310,-1.000000,0.401414
2320,0.118706,0.030101
2330,1.000000,0.512311
2340,-1.000000,0.715576
2350,-0.520819,0.169048
2360,0.668658,1.000000
2370,0.227853,0.000000
2380,0.995618,0.779746
2390,1.000000,1.000000
2400,-1.000000,0.372187
2410,-0.375532,0.865042
2420,-0.634125,0.158572
2430,-0.360300,0.916535
2440,-0.458554,0.214372
2450,-1.000000,0.589060
2460,-1.000000,0.922931
2470,-0.032004,1.000000
2480,1.000000,1.000000
2490,-0.500961,0.532859
2500,0.474746,0.320819
2510,0.238492,0.191717
2520,0.985493,1.000000
2530,0.348083,0.499854
2540,0.737253,0.225614
2550,0.839543,0.000000
2560,-0.041229,0.746128
2570,0.259887,1.000000
2580,-0.393653,0.155931
2590,-0.447002,0.978994
2600,-1.000000,0.960548
2610,-1.000000,0.343392
2620,0.098303,0.448005
2630,-0.627460,1.000000
2640,-1.000000,0.258282
2650,0.837590,0.128177
2660,0.428450,0.253592
2670,-0.597637,0.000000
2680,-0.888886,1.000000
2690,-0.561795,0.576256
2700,-0.150170,0.275282
2710,1.000000,0.665651
2720,-0.575447,1.000000
2730,-1.000000,0.380571
2740,-0.483347,0.000000
2750,-0.253602,0.826243
2760,-0.547553,0.707635
2770,-0.582618,0.871163
2780,0.010361,0.462583
2790,-1.000000,1.000000
2800,0.535826,0.618619
2810,-1.000000,1.000000
2820,0.551933,0.462359
2830,-0.788913,0.800127
2840,-0.400432,0.450051
2850,1.000000,0.339789
2860,-0.582283,0.000000
2870,0.646573,0.325793
2880,-1.000000,0.402607
2890,0.388462,0.000000
2900,-0.230749,0.085906
2910,1.000000,0.000000
2920,-1.000000,0.470179
2930,0.794664,0.339667
2940,0.329918,0.000000
2950,-0.398771,0.273217
2960,0.447041,0.287572
2970,-1.000000,0.549242
2980,0.267610,0.343359
2990,1.000000,0.787963
3000,0.083941,0.950975
3010,-0.407753,0.165701
3020,-0.485896,0.489249
3030,0.533355,0.083974
3040,-1.000000,0.481272
3050,1.000000,0.539917
3060,0.692658,0.383791
3070,-0.276326,1.000000
3080,-0.865493,0.462921
3090,-0.712569,0.660973
3100,-0.042689,0.715480
3110,-1.000000,0.309064
3120,0.972902,0.972613
3130,0.686317,0.147356
3140,-0.450117,0.436530
3150,0.376477,0.390353
3160,0.511094,0.627222
3170,-1.000000,0.000000
3180,1.000000,0.000000
3190,-0.461598,0.707486
3200,-1.000000,0.283436
3210,1.000000,1.000000
3220,-0.104219,0.924121
3230,1.000000,0.162622
3240,-0.782813,0.000000
3250,0.737499,0.730681
3260,-1.000000,0.492503
3270,0.842981,0.660281
3280,0.080671,0.793221
3290,0.065484,1.000000
3300,-0.831382,0.480575
3310,1.000000,0.061525
3320,0.831761,1.000000
3330,0.033652,0.933688
3340,1.000000,0.745545
3350,0.170809,0.373823
3360,-0.690957,0.189499
3370,1.000000,0.102867
3380,-0.256395,0.277302
3390,-0.601512,0.901194
3400,1.000000,0.518332
3410,-0.607126,1.000000
3420,-0.920417,0.972600
3430,0.130913,1.000000
3440,-0.337272,0.466267
3450,0.854732,1.000000
3460,-0.807572,0.052721
3470,0.266500,0.337718
3480,0.247739,0.753854
3490,0.251714,0.593516
3500,-0.385202,1.000000
3510,1.000000,1.000000
3520,-0.327229,0.000000
3530,0.601644,0.241780
3540,-0.999840,0.624820
3550,-1.000000,0.304168
3560,-0.590905,0.880799
3570,-1.000000,0.239564
3580,-0.084157,0.360941
3590,-0.655567,0.131563
3600,-0.224600,1.000000
3610,0.822951,0.189806
3620,-1.000000,0.385922
3630,-1.000000,0.521406
3640,0.196120,0.102289
3650,-0.536827,0.692916
3660,-0.155644,0.460634
3670,1.000000,0.799848
3680,0.222144,0.197509
3690,-0.465369,0.233094
3700,1.000000,0.575288
3710,-0.697188,0.987240
3720,0.004695,0.592665
3730,-1.000000,0.000000
3740,0.479301,0.747971
3750,-1.000000,1.000000
3760,0.133430,0.949359
3770,0.045394,0.827648
3780,-1.000000,0.000000
3790,-1.000000,0.000000
3800,0.801269,1.000000
3810,-0.129091,0.801658
3820,1.000000,0.000000
3830,1.000000,0.806019
3840,0.407695,0.844901
3850,0.582116,1.000000
3860,-1.000000,0.000000
3870,-1.000000,0.970372
3880,1.000000,0.539926
3890,-0.524078,0.937780
3900,-0.534655,0.036583
3910,-0.168692,0.091593
3920,0.893713,0.289240
3930,-1.000000,0.987564
3940,-1.000000,0.509074
3950,1.000000,0.043716
3960,-0.456947,0.546237
3970,1.000000,0.903894
3980,-0.963699,0.303767
3990,-0.896719,0.044962
4000,1.000000,0.024181
4010,-1.000000,0.278744
4020,0.026028,0.069896
4030,-0.349798,0.812811
4040,-1.000000,0.519317
4050,1.000000,0.628563
4060,-0.441876,0.189397
4070,-0.107000,0.922342
4080,-0.537306,0.729292
4090,-0.103155,0.167547
4100,-1.000000,0.493841
4110,1.000000,1.000000
4120,-0.160653,1.000000
4130,0.014058,0.171551
4140,-0.382377,0.723331
4150,-0.518915,0.242206
4160,-1.000000,0.551981
4170,0.690635,1.000000
4180,1.000000,1.000000
4190,1.000000,1.000000
4200,-0.835026,0.612220
4210,1.000000,0.617269
4220,-0.565057,0.000000
4230,1.000000,0.519068
4240,0.741596,0.000000
4250,-0.611678,0.871158
4260,-0.932428,0.350660
4270,-0.803451,0.903518
4280,0.281106,0.438557
4290,1.000000,1.000000
4300,-0.519761,1.000000
4310,0.159091,0.581229
4320,1.000000,0.630262
4330,-1.000000,0.440824
4340,-0.261339,1.000000
4350,0.680860,1.000000
4360,-0.033728,0.646023
4370,1.000000,1.000000
4380,-1.000000,1.000000
4390,0.377699,0.739703
4400,1.000000,0.797235
4410,-1.000000,0.264038
4420,1.000000,0.398612
4430,0.268728,1.000000
4440,1.000000,0.454775
4450,0.566763,0.479570
4460,-1.000000,0.923352
4470,-1.000000,1.000000
4480,-0.256955,0.654920
4490,-1.000000,1.000000
4500,1.000000,1.000000
4510,0.451495,0.000000
4520,-0.011094,0.636245
4530,-0.610458,0.579053
4540,-1.000000,0.702784
4550,1.000000,0.509677
4560,0.509585,0.846723
4570,-0.621565,0.281855
4580,0.787949,1.000000
4590,-1.000000,1.000000
4600,-0.306692,0.000000
4610,-1.000000,0.487336
4620,-0.185905,1.000000
4630,0.343951,0.663478
4640,-0.598089,0.980592
4650,0.955214,0.217065
4660,0.625464,1.000000
4670,-0.740134,1.000000
4680,1.000000,0.389246
4690,-0.564362,1.000000
4700,0.388942,0.735296
4710,0.847997,1.000000
4720,1.000000,0.637535
4730,1.000000,0.515285
4740,-0.068904,1.000000
4750,0.540815,0.000000
4760,1.000000,1.000000
4770,0.451078,0.484746
4780,0.028775,0.681614
4790,-0.003646,1.000000
4800,1.000000,0.000000
4810,1.000000,1.000000
4820,0.545980,0.663813
4830,-0.927375,1.000000
4840,0.306141,0.792192
4850,1.000000,1.000000
4860,0.022621,0.459051
4870,0.044993,0.195205
4880,-0.962545,0.939741
4890,-0.876773,0.945367
4900,-0.058781,0.166319
4910,-0.989386,0.073523
4920,1.000000,0.000000
4930,0.868426,0.009560
4940,1.000000,0.348559
4950,-1.000000,0.000000
4960,0.423592,0.322722
4970,0.181676,1.000000
4980,-0.311831,0.990388
4990,0.880729,0.555796
5000,1.000000,0.000000
5010,0.946540,0.451592
5020,1.000000,1.000000
5030,0.660540,0.058848
5040,0.476065,0.803409
5050,0.630952,0.484578
5060,-0.657830,1.000000
5070,-1.000000,0.580336
5080,0.067684,0.301957
5090,1.000000,0.870437
5100,1.000000,1.000000
5110,1.000000,0.837020
5120,1.000000,0.482723
5130,0.185211,0.306679
5140,-0.125783,0.169547
5150,-0.092788,0.610636
5160,-0.080998,0.929502
5170,1.000000,0.946832
5180,0.035031,0.382095
5190,0.086544,0.889687
5200,-0.116946,1.000000
5210,-0.064103,0.841361
5220,1.000000,1.000000
5230,0.099280,0.734039
5240,0.261356,1.000000
5250,0.452466,1.000000
5260,-0.717123,0.769178
5270,0.443155,0.997433
5280,0.098239,0.719694
5290,-0.499327,0.000000
5300,0.031358,0.682794
5310,0.069067,0.599270
5320,-0.134154,1.000000
5330,-1.000000,0.078537
5340,-0.498800,0.853718
5350,0.226949,0.205370
5360,-0.305209,0.533749
5370,-1.000000,0.168476
5380,-1.000000,0.279759
5390,-1.000000,1.000000
5400,1.000000,1.000000
5410,-0.587705,1.000000
5420,-1.000000,0.962646
5430,-0.228588,0.487677
5440,-0.056784,0.619350
5450,1.000000,1.000000
5460,-0.065652,0.469009
5470,1.000000,0.460147
5480,-1.000000,0.616634
5490,1.000000,0.548520
5500,-0.105415,0.221095
5510,-0.442229,0.901966
5520,-0.902010,0.695038
5530,0.098323,0.826919
5540,-1.000000,0.118656
5550,-0.423598,0.618568
5560,1.000000,0.475069
5570,0.678124,0.954625
5580,-1.000000,1.000000
5590,0.655122,1.000000
5600,-1.000000,0.000000
5610,-1.000000,1.000000
5620,0.946040,1.000000
5630,0.045688,0.788318
5640,-1.000000,0.000000
5650,-1.000000,0.743013
5660,-0.146827,0.881825
5670,-0.332871,1.000000
5680,-0.565077,0.394314
5690,-1.000000,0.820852
5700,-1.000000,0.660509
5710,0.816373,0.530793
5720,-0.422097,0.198823
5730,1.000000,1.000000
5740,-1.000000,0.535861
5750,-0.521772,0.000000
5760,0.036685,0.670817
5770,-0.881721,1.000000
5780,0.091627,0.441916
5790,-0.002995,0.617754
5800,0.828283,0.000000
5810,-0.225573,1.000000
5820,-1.000000,0.000000
5830,-1.000000,0.361361
5840,0.630540,0.910434
5850,0.276644,0.268297
5860,-0.633205,1.000000
5870,0.437510,0.339173
5880,-1.000000,0.270414
5890,1.000000,0.000000
5900,-0.339489,1.000000
5910,0.309153,0.572944
5920,0.376481,1.000000
5930,1.000000,0.285328
5940,-1.000000,0.471117
5950,0.172139,0.053301
5960,0.518229,1.000000
5970,-1.000000,1.000000
5980,1.000000,0.669146
5990,-0.778908,0.644676
6000,-0.556583,0.627845
6010,-0.387486,0.945864
6020,-0.853409,0.895511
6030,0.812509,0.463011
6040,1.000000,0.565372
6050,0.347545,0.000000
6060,1.000000,0.825219
6070,0.375540,0.977392
6080,1.000000,0.423078
6090,-0.461207,1.000000
6100,-0.070656,1.000000
6110,0.015997,0.754979
6120,-0.713346,0.669199
6130,0.208391,1.000000
6140,-0.769104,0.087127
6150,-0.838908,0.877338
6160,0.855411,0.723480
6170,1.000000,0.274182
6180,-0.185808,0.000000
6190,-0.807895,0.482379
6200,0.747802,0.351299
6210,-0.283320,0.273967
6220,0.238939,1.000000
6230,0.609005,0.899199
6240,1.000000,0.196657
6250,0.379581,0.878638
6260,0.250183,1.000000
6270,-0.995724,0.649626
6280,0.388686,0.180875
6290,-0.004712,0.565594
6300,0.950621,1.000000
6310,0.226305,0.288076
6320,-0.820718,0.747270
6330,0.952517,1.000000
6340,-0.399041,1.000000
6350,1.000000,0.000000
6360,-0.017411,1.000000
6370,-1.000000,0.466951
6380,-0.701519,0.884027
6390,-1.000000,0.169327
6400,1.000000,0.199178
6410,-0.530555,0.052566
6420,1.000000,1.000000
6430,-1.000000,1.000000
6440,-0.292629,0.874332
6450,-0.562873,0.888201
6460,-0.509803,0.573102
6470,0.750626,0.000000
6480,-0.652332,0.905319
6490,0.191898,0.435398
6500,-1.000000,0.654345
6510,-0.507406,0.740586
6520,-0.788151,0.000000
6530,0.918066,0.000000
6540,-0.354527,0.254285
6550,-1.000000,0.371237
6560,-1.000000,1.000000
6570,0.377779,0.000000
6580,-0.063491,0.838643
6590,0.306958,0.476749
6600,0.782462,1.000000
6610,0.681961,0.879158
6620,-1.000000,1.000000
6630,-1.000000,0.661259
6640,0.845527,0.156567
6650,1.000000,0.809902
6660,0.418774,0.514362
6670,-0.396938,0.000000
6680,1.000000,1.000000
6690,0.168184,0.946434
6700,-0.960301,0.000000
6710,0.697433,0.019536
6720,1.000000,0.873695
6730,-0.774676,0.764484
6740,-0.050590,0.311711
6750,0.473223,0.247862
6760,0.736407,0.704299
6770,0.790486,0.433419
6780,0.032900,0.390708
6790,-1.000000,1.000000
6800,-0.782843,0.213655
6810,-0.265649,0.762309
6820,1.000000,0.000000
6830,1.000000,1.000000
6840,1.000000,0.832590
6850,0.148511,0.872788
6860,-1.000000,0.501789
6870,-1.000000,0.736449
6880,-1.000000,1.000000
6890,-0.489806,0.643208
6900,1.000000,0.481569
6910,0.310789,0.232584
6920,1.000000,0.831264
6930,-0.244217,0.426826
6940,-1.000000,0.000000
6950,-0.292161,0.902220
6960,-0.448621,1.000000
6970,0.900805,0.383034
6980,1.000000,1.000000
6990,-0.459927,1.000000
7000,1.000000,0.888897
7010,-0.863771,1.000000
7020,0.779544,1.000000
7030,0.075272,0.504431
7040,-1.000000,0.309840
7050,-1.000000,0.750379
7060,0.276932,0.000000
7070,0.584634,0.493759
7080,1.000000,0.205391
7090,0.063565,0.080105
7100,0.498647,0.139491
7110,-1.000000,1.000000
7120,0.403349,0.523223
7130,0.420804,1.000000
7140,-0.592637,0.337038
7150,-0.711083,1.000000
7160,0.220223,0.786140
7170,-1.000000,1.000000
7180,0.505685,0.000000
7190,0.074290,0.000000
7200,1.000000,1.000000
7210,-0.124483,0.194008
7220,1.000000,0.881327
7230,0.058337,1.000000
7240,1.000000,0.890195
7250,-0.902441,0.130705
7260,1.000000,0.641726
7270,0.682605,0.993956
7280,-0.043115,0.192354
7290,1.000000,0.000000
7300,1.000000,0.200630
7310,-0.374193,0.854489
7320,-1.000000,0.287024
7330,0.175878,0.980576
7340,1.000000,0.566747
7350,-0.090965,0.799640
7360,-0.284760,0.265127
7370,1.000000,1.000000
7380,-0.969039,0.000000
7390,-0.583193,0.498230
7400,0.221365,0.687570
7410,-1.000000,0.713501
7420,1.000000,0.258289
7430,1.000000,0.509036
7440,0.521760,0.917883
7450,0.280722,1.000000
7460,-1.000000,0.711590
7470,-1.000000,0.604400
7480,1.000000,0.235614
7490,-0.395250,0.213525
7500,0.725728,0.744548
7510,-0.346008,1.000000
7520,-1.000000,0.315598
7530,0.097469,0.353785
7540,-0.724436,0.982163
7550,-0.881555,0.458322
7560,1.000000,0.396177
7570,1.000000,0.089053
7580,1.000000,0.278465
7590,1.000000,0.614116
7600,-1.000000,0.989375
7610,1.000000,0.930915
7620,-0.125889,1.000000
7630,1.000000,1.000000
7640,0.186259,0.437865
7650,-1.000000,0.500128
7660,-0.175030,0.824068
7670,-0.974595,0.353230
7680,-0.081742,0.363068
7690,-1.000000,0.891720
7700,-1.000000,0.000000
7710,-1.000000,0.524480
7720,-1.000000,0.501404
7730,0.424930,0.968345
7740,-1.000000,1.000000
7750,-0.523931,0.590657
7760,-1.000000,0.774164
7770,1.000000,0.412990
7780,-0.242057,1.000000
7790,-0.006103,0.364289
7800,0.208820,1.000000
7810,-0.202852,0.000000
7820,-1.000000,1.000000
7830,0.570597,0.826691
7840,-1.000000,0.447901
7850,0.103379,1.000000
7860,-0.136111,0.000000
7870,-0.431315,1.000000
7880,0.202210,0.102789
7890,-0.368885,0.516351
7900,-0.523371,1.000000
7910,-0.797539,0.976508
7920,1.000000,0.639744
7930,1.000000,0.611768
7940,1.000000,0.860148
7950,-0.367519,1.000000
7960,1.000000,0.128610
7970,0.090128,1.000000
7980,-1.000000,0.323291
7990,-0.093498,1.000000
8000,0.525877,0.000000
8010,-0.042282,0.230751
8020,0.273232,0.213897
8030,-1.000000,0.166240
8040,-0.078102,0.226781
8050,1.000000,0.306123
8060,1.000000,0.967944
8070,1.000000,0.000000
8080,-1.000000,0.000000
8090,-0.275668,0.382063
8100,-0.365016,0.852091
8110,1.000000,0.000000
8120,1.000000,0.986567
8130,-0.774924,0.732638
8140,0.605026,0.651879
8150,1.000000,1.000000
8160,-0.554968,1.000000
8170,0.451653,0.435328
8180,0.758789,1.000000
8190,0.879130,0.213203
8200,1.000000,1.000000
8210,-1.000000,0.319277
8220,0.134990,0.572861
8230,1.000000,0.612214
8240,1.000000,0.572044
8250,0.454792,0.376024
8260,-0.776097,1.000000
8270,0.840427,0.310178
8280,-0.219624,0.376403
8290,0.647446,0.094261
8300,0.517933,0.721281
8310,1.000000,0.823782
8320,0.285460,0.139130
8330,1.000000,0.767191
8340,-0.580924,1.000000
8350,-0.663443,1.000000
8360,-0.046214,0.637979
8370,0.621664,0.165778
8380,0.301893,0.000000
8390,0.371612,0.736884
8400,1.000000,0.671286
8410,-0.716692,0.484425
8420,0.143106,0.891321
8430,0.778333,1.000000
8440,-1.000000,0.969558
8450,-0.279235,1.000000
8460,1.000000,0.927575
8470,0.205557,1.000000
8480,-0.857695,0.103989
8490,0.446859,0.685427
8500,-0.375581,1.000000
8510,-0.596783,0.087051
8520,-0.606138,0.000000
8530,-0.200649,0.660701
8540,-1.000000,0.616152
8550,0.999296,1.000000
8560,-0.476617,1.000000
8570,-0.770515,0.719022
8580,1.000000,1.000000
8590,-1.000000,0.311636
8600,-1.000000,0.419346
8610,-0.954497,0.000000
8620,1.000000,0.827724
8630,1.000000,0.777663
8640,0.858501,0.373965
8650,0.170903,0.000000
8660,0.559011,0.943089
8670,-1.000000,1.000000
8680,0.258613,0.236243
8690,0.039213,0.973260
8700,1.000000,0.320368
8710,0.819335,1.000000
8720,-0.552539,0.224484
8730,-1.000000,0.545648
8740,0.896435,0.810119
8750,0.875684,1.000000
8760,0.157129,0.399945
8770,-0.706372,0.783937
8780,0.357143,0.000000
8790,1.000000,0.288465
8800,0.592018,0.703609
8810,0.606058,0.398647
8820,-0.110329,1.000000
8830,-0.813005,1.000000
8840,-0.042511,0.349148
8850,1.000000,0.000000
8860,0.830730,1.000000
8870,1.000000,0.751919
8880,-0.133442,1.000000
8890,-1.000000,1.000000
8900,-0.920407,1.000000
8910,0.389083,1.000000
8920,-0.326226,0.936960
8930,-1.000000,1.000000
8940,0.908241,1.000000
8950,0.051254,0.889286
8960,1.000000,0.514333
8970,0.410938,0.749702
8980,1.000000,0.000000
8990,-1.000000,0.000000
9000,-0.581999,0.288074
9010,0.761851,0.656594
9020,-0.141394,0.512349
9030,-0.361933,1.000000
9040,-1.000000,1.000000
9050,-0.737038,0.000000
9060,-0.358775,0.240288
9070,1.000000,1.000000
9080,0.339428,0.084696
9090,1.000000,1.000000
9100,1.000000,1.000000
9110,0.373033,0.619252
9120,-0.537598,0.000000
9130,-1.000000,1.000000
9140,-0.415222,1.000000
9150,-0.069693,0.489997
9160,-0.057375,0.981955
9170,0.636802,1.000000
9180,-0.482588,0.432764
9190,-0.963403,0.537212
9200,0.173822,0.600550
9210,0.387394,1.000000
9220,-1.000000,0.837550
9230,0.990885,1.000000
9240,-0.047511,1.000000
9250,0.188749,0.000000
9260,-0.410860,0.233832
9270,1.000000,0.388573
9280,-0.443931,0.619871
9290,-1.000000,1.000000
9300,-0.915966,0.684533
9310,0.097237,0.000000
9320,1.000000,0.502741
9330,0.039299,0.790692
9340,0.070588,0.530972
9350,-0.357992,1.000000
9360,0.349042,0.607415
9370,0.326667,1.000000
9380,1.000000,1.000000
9390,1.000000,0.125871
9400,-1.000000,0.814233
9410,-0.064051,0.394196
9420,-1.000000,0.028339
9430,-0.240752,0.000000
9440,-0.677884,0.217432
9450,0.846688,0.366647
9460,-0.508078,0.661188
9470,0.091164,0.401607
9480,1.000000,0.123195
9490,-1.000000,0.716215
9500,-0.838803,0.238108
9510,0.130874,1.000000
9520,0.626884,0.462449
9530,-1.000000,0.460316
9540,0.834810,1.000000
9550,-1.000000,0.825845
9560,1.000000,0.758915
9570,-0.399561,0.909917
9580,1.000000,0.561862
9590,1.000000,1.000000
9600,-0.659330,0.555356
9610,1.000000,0.588959
9620,0.678211,0.166077
9630,-0.996078,1.000000
9640,-0.080974,1.000000
9650,1.000000,0.148148
9660,1.000000,1.000000
9670,0.934758,0.890968
9680,-0.977926,1.000000
9690,-1.000000,1.000000
9700,1.000000,1.000000
9710,1.000000,0.588163
9720,0.664047,0.251967
9730,1.000000,0.565594
9740,-1.000000,0.552764
9750,0.275716,1.000000
9760,1.000000,1.000000
9770,0.961541,0.898703
9780,0.546982,0.703107
9790,-0.241874,0.449352
9800,0.069998,1.000000
9810,-0.574661,0.799438
9820,-0.241552,0.058518
9830,1.000000,0.319697
9840,1.000000,0.613994
9850,0.972054,0.733028
9860,1.000000,0.951263
9870,0.508256,1.000000
9880,0.289981,0.000000
9890,-0.555519,1.000000
9900,-1.000000,0.000000
9910,-1.000000,0.000000
9920,1.000000,1.000000
9930,1.000000,0.000000
9940,-0.713340,0.454101
9950,0.169899,0.568725
9960,0.456244,0.640976
9970,0.443368,1.000000
9980,-0.184565,0.000000
9990,0.522131,1.000000
10000,-0.057602,0.018820
10010,1.000000,0.883933
10020,-0.773352,0.463658
10030,-0.545018,1.000000
10040,-0.277814,0.714254
10050,1.000000,0.658729
10060,0.634120,0.144245
10070,-0.822780,0.000000
10080,-0.016424,1.000000
10090,-1.000000,0.425665
10100,0.105140,1.000000
10110,-1.000000,0.345285
10120,1.000000,0.571348
10130,-1.000000,0.944230
10140,0.931762,0.000000
10150,0.922136,0.767612
10160,-1.000000,0.188157
10170,1.000000,1.000000
10180,-0.181796,0.000000
10190,1.000000,1.000000
10200,1.000000,0.179970
10210,-0.332820,0.518841
10220,1.000000,0.000000
10230,-1.000000,1.000000
10240,-0.464197,0.356036
10250,0.464512,0.932218
10260,-0.307741,0.973453
10270,1.000000,0.782434
10280,-0.788878,0.470103
10290,-0.785564,1.000000
10300,1.000000,0.526439
10310,0.751293,0.971657
10320,0.571528,0.610348
10330,0.216518,1.000000
10340,0.979501,0.000000
10350,1.000000,0.868972
10360,1.000000,0.652498
10370,0.322122,0.257465
10380,1.000000,0.000000
10390,-0.313520,1.000000
10400,-0.197197,0.509858
10410,-0.207951,1.000000
10420,-0.955693,0.992938
10430,0.887316,0.290629
10440,-0.434323,1.000000
10450,0.706464,0.369028
10460,1.000000,0.926112
10470,0.483221,0.121753
10480,0.068071,0.360730
10490,-0.312409,1.000000
10500,-0.543286,1.000000
10510,0.606586,0.205029
10520,-0.638499,0.488592
10530,0.883056,0.782226
10540,-0.165507,0.000000
10550,-0.296865,0.069709
10560,0.087597,1.000000
10570,-1.000000,1.000000
10580,0.382671,0.375187
10590,0.365969,1.000000
10600,1.000000,1.000000
10610,0.230529,0.000000
10620,1.000000,0.933448
10630,0.559890,0.585258
10640,0.768405,0.415443
10650,-0.171038,0.614183
10660,0.213223,0.000000
10670,-1.000000,1.000000
10680,1.000000,0.928593
10690,0.848828,0.725890
10700,-1.000000,1.000000
10710,-0.533953,1.000000
10720,1.000000,1.000000
10730,0.225299,0.653528
10740,0.810151,1.000000
10750,-0.538464,0.579873
10760,0.447754,1.000000
10770,-1.000000,0.881068
10780,1.000000,1.000000
10790,-0.622714,0.451407
10800,-0.806265,0.301062
10810,1.000000,0.193571
10820,-0.273013,1.000000
10830,1.000000,0.071800
10840,-0.140761,0.660368
10850,-1.000000,1.000000
10860,-1.000000,0.162996
10870,1.000000,0.104223
10880,-1.000000,0.578884
10890,1.000000,0.410831
10900,1.000000,0.700741
10910,0.279909,0.067087
10920,0.160335,1.000000
10930,-1.000000,0.904744
10940,-0.818120,1.000000
10950,-1.000000,0.990211
10960,0.924392,0.669942
10970,0.684573,0.141455
10980,-0.989652,0.918010
10990,-0.864145,0.963177
11000,0.662784,0.008739
11010,0.218993,0.297541
11020,0.343801,1.000000
11030,1.000000,1.000000
11040,-0.345652,0.503154
11050,-1.000000,0.000000
11060,-1.000000,0.572532
11070,-0.708452,0.000000
11080,0.026878,1.000000
11090,-0.202213,1.000000
11100,0.060991,0.930052
11110,1.000000,1.000000
11120,1.000000,0.980048
11130,-0.084104,0.118612
11140,-0.722597,0.449944
11150,1.000000,0.518081
11160,1.000000,1.000000
11170,0.201755,1.000000
11180,0.316066,1.000000
11190,0.280481,0.029692
11200,0.244235,0.331065
11210,-0.328606,0.371006
11220,-0.462636,0.837991
11230,-0.650803,1.000000
11240,1.000000,0.611281
11250,-1.000000,1.000000
11260,-1.000000,0.587137
11270,1.000000,0.622889
11280,-0.074619,1.000000
11290,0.112772,0.878653
11300,0.267724,1.000000
11310,-0.992282,0.458820
11320,0.525394,0.287567
11330,1.000000,1.000000
11340,-0.404909,0.598233
11350,1.000000,0.095318
11360,-0.937678,0.735549
11370,-0.825192,0.000000
11380,0.268867,0.592549
11390,-0.327030,0.997578
11400,-1.000000,0.436638
11410,-0.569358,0.880622
11420,1.000000,0.714672
11430,1.000000,1.000000
11440,-1.000000,0.547471
11450,0.632900,0.030276
11460,0.914440,1.000000
11470,-1.000000,0.616060
11480,1.000000,0.709765
11490,1.000000,1.000000
11500,-1.000000,1.000000
11510,1.000000,1.000000
11520,1.000000,0.860463
11530,0.736317,0.872617
11540,0.323211,1.000000
11550,-0.379750,1.000000
11560,1.000000,0.573247
11570,-1.000000,1.000000
11580,-1.000000,0.651026
11590,0.590375,0.315229
11600,1.000000,0.301657
11610,-0.400597,1.000000
11620,0.075441,0.231099
11630,0.218501,0.971259
11640,-0.938640,0.668581
11650,0.077806,0.420327
11660,1.000000,0.962431
11670,0.464276,0.580485
11680,1.000000,1.000000
11690,-0.969904,0.825014
11700,-0.761881,0.729988
11710,-0.431358,0.933249
11720,0.270263,0.335406
11730,0.403087,0.625684
11740,0.390196,0.384588
11750,-0.527253,0.877941
11760,-0.789240,0.845496
11770,-0.407844,1.000000
11780,-0.564216,0.969163
11790,0.395938,0.959921
11800,0.123173,0.000000
11810,1.000000,0.000000
11820,0.972373,0.554244
11830,1.000000,0.438645
11840,1.000000,0.844909
11850,-1.000000,0.677143
11860,-1.000000,0.928652
11870,-0.620791,0.687758
11880,-1.000000,1.000000
11890,1.000000,0.869797
11900,-0.444207,1.000000
11910,0.782941,0.000000
11920,0.608969,0.659845
11930,0.105294,0.387507
11940,0.972411,1.000000
11950,1.000000,0.699387
11960,0.948401,1.000000
11970,-0.001722,1.000000
11980,1.000000,0.665551
11990,0.782938,1.000000
12000,0.539958,0.253016
12010,-1.000000,1.000000
12020,0.235356,0.000000
12030,-1.000000,0.568784
12040,0.103181,0.369524
12050,0.091927,1.000000
12060,-0.624993,1.000000
12070,-0.040789,0.290697
12080,1.000000,1.000000
12090,0.329814,0.892063
12100,0.836060,0.403848
12110,-0.288406,0.882338
12120,-1.000000,0.725681
12130,-0.460653,1.000000
12140,0.576186,1.000000
12150,-0.934857,1.000000
12160,0.036344,0.398020
12170,1.000000,0.165199
12180,-0.056534,0.896128
12190,-0.474257,0.996990
12200,-1.000000,1.000000
12210,1.000000,0.261884
12220,0.712969,0.000000
12230,0.561250,0.000000
12240,0.961278,0.727365
12250,-1.000000,0.884702
12260,1.000000,1.000000
12270,0.517446,1.000000
12280,-0.464806,0.248007
12290,1.000000,1.000000
12300,1.000000,0.192557
12310,-0.486947,1.000000
12320,0.770226,0.636783
12330,-0.629020,0.228233
12340,0.780642,0.803556
12350,0.655715,0.222931
12360,-0.548647,0.627070
12370,0.851520,0.959270
12380,-0.043679,0.099528
12390,1.000000,0.000000
12400,0.532296,0.180315
12410,0.431946,1.000000
12420,1.000000,0.945326
12430,1.000000,1.000000
12440,-0.006554,0.618837
12450,0.980377,0.914807
12460,0.159141,1.000000
12470,0.364318,0.000000
12480,-1.000000,1.000000
12490,1.000000,0.987551
12500,-0.378537,0.197781
12510,0.481371,1.000000
12520,0.948464,0.475644
12530,-1.000000,1.000000
12540,0.825598,0.000000
12550,1.000000,0.098205
12560,0.554883,0.331836
12570,0.013628,0.422447
12580,0.662909,0.641853
12590,-1.000000,0.680321
12600,-0.423173,1.000000
12610,-0.508142,0.209585
12620,1.000000,1.000000
12630,-1.000000,1.000000
12640,0.454589,1.000000
12650,1.000000,0.622738
12660,-1.000000,0.985073
12670,-1.000000,0.628769
12680,-0.585076,0.733932
12690,1.000000,0.035442
12700,-1.000000,0.816558
12710,0.991101,0.024632
12720,1.000000,1.000000
12730,0.962945,0.273391
12740,1.000000,0.914535
12750,-0.319750,0.317362
12760,0.098937,0.769673
12770,0.087438,1.000000
12780,0.193088,0.865060
12790,0.960831,1.000000
12800,-0.053600,0.954581
12810,1.000000,0.027364
12820,-0.915006,0.216214
12830,1.000000,0.000000
12840,0.704412,0.490881
12850,0.183482,0.699048
12860,0.492801,0.198141
12870,0.654429,0.946346
12880,0.716605,0.351194
12890,0.407734,0.751265
12900,1.000000,0.365566
12910,-1.000000,0.000000
12920,0.169410,0.360970
12930,0.066963,0.619159
12940,-1.000000,0.849714
12950,0.645484,1.000000
12960,-0.729322,0.948809
12970,-0.070349,1.000000
12980,-0.490035,0.872801
12990,0.436771,1.000000
13000,-0.613840,0.000000
13010,-1.000000,0.349674
13020,0.356689,0.622767
13030,0.447513,0.613029
13040,0.547824,0.557033
13050,1.000000,0.560823
13060,1.000000,0.515702
13070,1.000000,1.000000
13080,0.226291,1.000000
13090,1.000000,0.581293
13100,-1.000000,0.737122
13110,-0.808716,0.937697
13120,-0.534628,0.760398
13130,0.767308,0.266442
13140,-0.161214,0.574542
13150,0.705278,0.000000
13160,1.000000,0.000000
13170,0.271643,0.558134
13180,1.000000,1.000000
13190,-0.868134,1.000000
13200,-0.421163,0.460377
13210,0.619727,0.151707
13220,0.334153,1.000000
13230,0.109003,0.929226
13240,-0.203190,1.000000
13250,-0.595054,0.553832
13260,0.814603,0.247136
13270,0.543610,0.429721
13280,-0.256515,0.410608
13290,1.000000,1.000000
13300,-0.646060,0.757597
13310,0.198368,1.000000
13320,-0.074623,0.341069
13330,-0.365219,0.692532
13340,0.155646,0.859036
13350,1.000000,0.861886
13360,-0.916956,0.167628
13370,-0.280030,0.654799
13380,-1.000000,0.000000
13390,-0.057796,0.795173
13400,-0.122315,0.000896
13410,-0.583482,0.904270
13420,0.616240,1.000000
13430,-1.000000,0.760069
13440,-0.517593,1.000000
13450,0.737409,0.000000
13460,-0.596233,0.883141
13470,0.255611,1.000000
13480,0.070457,0.114627
13490,-0.327070,0.000000
13500,-1.000000,0.262150
13510,1.000000,0.961773
13520,0.811023,0.172589
13530,1.000000,0.113831
13540,1.000000,0.450767
13550,0.836448,0.881976
13560,1.000000,0.676085
13570,1.000000,0.306154
13580,-0.021533,0.022459
13590,-0.614084,0.362103
13600,0.850457,0.651017
13610,-0.626288,1.000000
13620,0.910160,1.000000
13630,0.670898,0.284050
13640,-0.679631,0.328466
13650,0.908437,0.644001
13660,-0.786681,0.767338
13670,0.024989,0.521393
13680,0.471361,0.072233
13690,0.077624,0.508095
13700,-0.597157,0.344582
13710,1.000000,0.324002
13720,0.782376,0.706453
13730,0.995319,0.951317
13740,-0.172395,0.575060
13750,0.515387,0.979660
13760,0.397483,1.000000
13770,0.580338,0.203464
13780,0.429600,0.211329
13790,1.000000,0.423028
13800,-0.061567,0.450212
13810,0.654730,0.203980
13820,-0.224767,1.000000
13830,1.000000,0.725379
13840,1.000000,0.457739
13850,1.000000,0.872609
13860,-0.028838,0.457286
13870,0.696648,0.621302
13880,-0.878439,1.000000
13890,-1.000000,0.500658
13900,1.000000,0.771778
13910,1.000000,0.577462
13920,-0.222922,1.000000
13930,0.751092,0.979163
13940,-0.219506,0.269209
13950,-0.108960,0.322054
13960,0.985512,1.000000
13970,1.000000,0.517111
13980,0.352293,0.692206
13990,-0.943502,0.671429
14000,1.000000,0.999111
14010,0.676819,0.272754
14020,0.480700,0.992744
14030,-0.655925,1.000000
14040,-1.000000,0.929459
14050,0.827350,0.735684
14060,0.248623,0.600809
14070,0.124676,1.000000
14080,0.643479,1.000000
14090,-1.000000,1.000000
14100,-0.036476,0.000000
14110,-0.343768,0.976879
14120,1.000000,0.153288
14130,-0.037361,0.000000
14140,-0.184421,1.000000
14150,0.019038,1.000000
14160,1.000000,1.000000
14170,1.000000,0.681853
14180,1.000000,1.000000
14190,0.927290,0.087055
14200,-1.000000,0.676777
14210,0.437156,1.000000
14220,1.000000,1.000000
14230,-1.000000,0.589385
14240,0.275474,0.863081
14250,1.000000,0.934878
14260,-0.726071,0.344912
14270,0.784292,0.476624
14280,1.000000,1.000000
14290,-0.184921,1.000000
14300,1.000000,0.925135
14310,0.415486,1.000000
14320,0.891443,1.000000
14330,-0.411789,0.749339
14340,-0.596361,1.000000
14350,0.453496,0.445975
14360,0.835225,0.343665
14370,1.000000,0.442592
14380,0.627302,1.000000
14390,0.734219,0.722093
14400,1.000000,0.577820
14410,-0.573770,0.641810
14420,0.432558,0.000000
14430,0.257376,0.674446
14440,0.890903,1.000000
14450,0.402065,0.245799
14460,1.000000,0.814430
14470,1.000000,1.000000
14480,-0.006615,0.809120
14490,-0.573269,1.000000
14500,0.159182,1.000000
14510,1.000000,1.000000
14520,-0.687303,0.410751
14530,0.123839,1.000000
14540,-0.521209,0.116560
14550,-0.165149,1.000000
14560,0.512123,0.516014
14570,1.000000,0.637334
14580,0.319541,1.000000
14590,0.799508,0.000000
14600,1.000000,0.378868
14610,0.194767,1.000000
14620,0.456311,0.759127
14630,-1.000000,0.281395
14640,-0.169238,1.000000
14650,-1.000000,1.000000
14660,-1.000000,0.419678
14670,0.739230,0.413416
14680,1.000000,0.913956
14690,1.000000,1.000000
14700,-1.000000,1.000000
14710,-0.732282,0.203698
14720,-1.000000,0.478186
14730,-0.190498,0.373940
14740,0.350479,0.489659
14750,-1.000000,1.000000
14760,0.283722,1.000000
14770,1.000000,1.000000
14780,1.000000,0.937028
14790,-0.380005,1.000000
14800,0.012861,0.696822
14810,0.109664,0.796245
14820,-0.399433,0.158221
14830,0.394586,0.058379
14840,-1.000000,1.000000
14850,-0.358789,0.761541
14860,-0.818936,0.292235
14870,0.219783,1.000000
14880,1.000000,0.764885
14890,0.573733,0.431637
14900,-1.000000,0.866987
14910,1.000000,0.150884
14920,1.000000,0.342986
14930,1.000000,0.000000
14940,-0.002559,1.000000
14950,-0.874431,0.418716
14960,1.000000,0.000000
14970,-0.086550,0.173073
14980,-1.000000,0.226065
14990,0.375196,0.466946
15000,1.000000,0.194802
15010,-1.000000,0.075184
15020,0.781464,1.000000
15030,-0.718750,0.522643
15040,1.000000,1.000000
15050,-0.967857,0.813883
15060,-0.034148,0.133948
15070,1.000000,0.729286
15080,-0.026540,1.000000
15090,-1.000000,0.570511
15100,1.000000,1.000000
15110,-1.000000,1.000000
15120,-0.350208,0.551949
15130,1.000000,1.000000
15140,-0.631343,1.000000
15150,0.637711,0.919272
15160,0.670604,0.521940
15170,0.850728,0.649799
15180,0.209796,0.277348
15190,0.369101,0.809116
15200,-0.777828,1.000000
15210,0.537631,0.920251
15220,0.238791,0.634596
15230,1.000000,0.406146
15240,-0.147272,0.378238
15250,1.000000,0.456690
15260,1.000000,0.998381
15270,1.000000,1.000000
15280,-1.000000,0.000000
15290,-0.612468,1.000000
15300,0.746214,1.000000
15310,1.000000,0.720781
15320,-0.628773,1.000000
15330,0.557548,0.337908
15340,1.000000,0.223262
15350,0.100137,1.000000
15360,0.543102,0.300196
15370,1.000000,0.392473
15380,-1.000000,0.721326
15390,0.570445,0.659878
15400,1.000000,0.000000
15410,-0.264680,1.000000
15420,-0.832669,0.751432
15430,-0.298173,1.000000
15440,1.000000,0.667189
15450,1.000000,0.293408
15460,0.567919,0.220789
15470,0.746327,0.574236
15480,-0.757371,1.000000
15490,1.000000,0.618845
15500,-0.130112,0.612532
15510,-0.156185,1.000000
15520,0.933854,0.057124
15530,-0.374443,0.387499
15540,0.398759,0.910545
15550,-0.580197,0.149563
15560,1.000000,0.109857
15570,-0.159295,1.000000
15580,-0.509285,1.000000
15590,1.000000,1.000000
15600,0.730878,1.000000
15610,1.000000,1.000000
15620,-0.267776,0.063540
15630,0.571085,1.000000
15640,0.305054,1.000000
15650,1.000000,0.986051
15660,0.048995,0.616740
15670,-1.000000,1.000000
15680,-1.000000,0.273346
15690,-1.000000,0.171175
15700,0.189071,0.476866
15710,-0.355554,0.999389
15720,0.389153,0.032153
15730,0.793094,0.944660
15740,-1.000000,0.890585
15750,-0.257120,0.428049
15760,1.000000,0.662185
15770,-1.000000,1.000000
15780,1.000000,0.130285
15790,0.726242,1.000000
15800,0.423148,0.986865
15810,0.442133,0.183103
15820,-1.000000,1.000000
15830,0.978229,0.383763
15840,-0.358908,0.835152
15850,1.000000,0.980149
15860,1.000000,1.000000
15870,1.000000,1.000000
15880,0.054102,1.000000
15890,-1.000000,0.355541
15900,0.295468,0.633721
15910,-0.630009,0.279045
15920,1.000000,0.036040
15930,1.000000,0.000000
15940,0.847844,0.171017
15950,0.522738,1.000000
15960,-0.416106,0.580507
15970,0.082756,0.662029
15980,1.000000,0.000000
15990,1.000000,0.207554
16000,0.308965,1.000000
16010,-1.000000,1.000000
16020,0.102534,0.783715
16030,1.000000,0.208386
16040,1.000000,0.136456
16050,-0.166052,0.000000
16060,-0.475846,0.575903
16070,1.000000,1.000000
16080,0.449196,0.649236
16090,-0.867147,1.000000
16100,1.000000,0.664319
16110,-1.000000,0.315405
16120,-0.367527,0.253546
16130,0.350796,1.000000
16140,0.455271,0.485403
16150,0.354196,1.000000
16160,-0.616714,0.667842
16170,-1.000000,0.296433
16180,-0.567972,1.000000
16190,0.596550,0.747149
16200,1.000000,1.000000
16210,1.000000,0.763748
16220,1.000000,1.000000
16230,1.000000,0.884499
16240,1.000000,0.000000
16250,0.865567,0.835857
16260,1.000000,0.721458
16270,-0.297717,1.000000
16280,0.874036,0.604130
16290,0.066077,0.851895
16300,0.185998,0.737411
16310,0.852338,0.736103
16320,-1.000000,0.457064
16330,-1.000000,0.802725
16340,-1.000000,1.000000
16350,1.000000,0.000000
16360,0.856943,0.572663
16370,1.000000,1.000000
16380,0.522301,0.703492
16390,0.156402,0.876930
16400,-1.000000,0.000000
16410,1.000000,0.396683
16420,0.977526,0.910712
16430,-1.000000,0.695588
16440,0.271557,1.000000
16450,0.866322,1.000000
16460,1.000000,1.000000
16470,1.000000,0.000000
16480,0.204320,1.000000
16490,-1.000000,0.930850
16500,0.781007,0.973200
16510,1.000000,0.261632
16520,-0.136215,0.766321
16530,0.399956,1.000000
16540,1.000000,0.000000
16550,1.000000,0.380496
16560,-0.198274,0.390016
16570,1.000000,0.695646
16580,0.114790,1.000000
16590,0.918066,0.627324
16600,-0.556952,1.000000
16610,-0.149229,0.447477
16620,0.850112,0.126569
16630,-0.011828,0.996382
16640,1.000000,0.216630
16650,-1.000000,1.000000
16660,1.000000,0.159757
16670,1.000000,0.822668
16680,0.873775,1.000000
16690,-0.400297,0.417409
16700,1.000000,1.000000
16710,0.387735,0.395622
16720,0.409898,1.000000
16730,0.222850,0.552749
16740,1.000000,1.000000
16750,1.000000,0.000000
16760,0.841272,1.000000
16770,0.816691,0.883800
16780,0.186000,1.000000
16790,0.254305,0.000000
16800,-0.309923,0.654291
16810,1.000000,0.000000
16820,-0.797218,1.000000
16830,0.523926,1.000000
16840,0.730301,0.392526
16850,1.000000,0.539673
16860,-0.667299,0.000000
16870,1.000000,0.753224
16880,0.769467,0.161858
16890,-0.965677,1.000000
16900,0.551354,0.964223
16910,0.530893,0.514482
16920,1.000000,1.000000
16930,1.000000,0.066570
16940,1.000000,0.289823
16950,1.000000,0.860327
16960,-0.225157,0.330642
16970,-0.397864,0.993292
16980,0.255393,0.964016
16990,1.000000,0.260239
17000,-1.000000,0.891473
17010,-0.063388,1.000000
17020,0.718729,0.909085
17030,0.801331,0.365058
17040,-1.000000,0.621862
17050,0.454527,0.000000
17060,1.000000,0.000000
17070,1.000000,0.349764
17080,0.179100,0.520007
17090,0.764038,0.249858
17100,1.000000,0.716267
17110,0.977851,0.491279
17120,1.000000,0.000000
17130,-1.000000,0.548090
17140,1.000000,0.593579
17150,1.000000,1.000000
17160,0.664457,1.000000
17170,0.257338,1.000000
17180,-1.000000,0.024038
17190,0.068458,0.657740
17200,1.000000,1.000000
17210,-1.000000,1.000000
17220,0.119867,1.000000
17230,-0.090524,0.464702
17240,0.110847,0.000000
17250,-0.779370,0.090438
17260,0.042953,0.958107
17270,-1.000000,1.000000
17280,1.000000,1.000000
17290,-0.538543,0.000000
17300,0.614281,0.285574
17310,0.068979,0.477562
17320,-0.465864,1.000000
17330,1.000000,1.000000
17340,1.000000,0.063539
17350,1.000000,0.540184
17360,1.000000,0.917524
17370,0.248575,1.000000
17380,-1.000000,0.275246
17390,0.991306,0.184273
17400,0.192206,0.867543
17410,0.535270,1.000000
17420,1.000000,0.907793
17430,-0.958518,0.360760
17440,0.787450,1.000000
17450,1.000000,1.000000
17460,0.940684,0.287870
17470,-0.875103,1.000000
17480,-0.363977,0.503575
17490,0.024226,0.982881
17500,-0.844677,1.000000
17510,1.000000,0.918172
17520,-0.999173,0.764640
17530,1.000000,1.000000
17540,-1.000000,0.789022
17550,1.000000,0.689826
17560,0.990357,1.000000
17570,-1.000000,0.836527
17580,-1.000000,0.715966
17590,0.835369,0.811382
17600,-1.000000,1.000000
17610,0.033083,0.328426
17620,0.648251,0.868205
17630,1.000000,1.000000
17640,-0.160594,1.000000
17650,0.322867,0.523896
17660,1.000000,1.000000
17670,0.491101,0.978444
17680,0.297819,0.480144
17690,1.000000,0.115783
17700,0.660670,0.768017
17710,0.701320,1.000000
17720,-1.000000,1.000000
17730,-0.410437,1.000000
17740,1.000000,1.000000
17750,-0.733893,0.492908
17760,-1.000000,0.621612
17770,-0.259498,0.392177
17780,1.000000,0.917497
17790,-0.186996,0.872570
17800,1.000000,0.416487
17810,0.409523,0.954133
17820,0.459127,1.000000
17830,-1.000000,0.829137
17840,0.851010,0.756765
17850,0.859903,1.000000
17860,0.510329,0.788140
17870,1.000000,0.878168
17880,-0.162472,0.000000
17890,1.000000,0.846247
17900,1.000000,0.364566
17910,-0.125308,0.228858
17920,0.918258,1.000000
17930,-0.586640,0.716380
17940,1.000000,0.960448
17950,0.293094,1.000000
17960,0.148621,0.761067
17970,0.135362,0.586975
17980,-0.913190,0.180745
17990,-0.214192,0.271623
18000,-0.193826,0.390161
18010,-1.000000,1.000000
18020,-0.557561,0.342900
18030,0.980648,0.893657
18040,0.606860,0.913976
18050,0.505713,0.646575
18060,-1.000000,0.666428
18070,-0.159784,0.000000
18080,1.000000,1.000000
18090,1.000000,1.000000
18100,1.000000,0.792811
18110,1.000000,0.537042
18120,-0.571945,1.000000
18130,0.201030,0.606779
18140,-0.570018,0.916719
18150,0.687377,0.632363
18160,1.000000,1.000000
18170,0.773975,0.272182
18180,-0.290208,0.592895
18190,-0.146019,0.773996
18200,0.071831,0.039468
18210,-0.968772,1.000000
18220,0.202591,1.000000
18230,-0.220511,0.591017
18240,1.000000,0.950185
18250,-1.000000,0.844317
18260,-0.459011,0.758026
18270,-0.354138,0.294296
18280,-1.000000,0.179057
18290,-0.295834,1.000000
18300,-1.000000,1.000000
18310,-0.413894,0.524484
18320,1.000000,0.643565
18330,0.674206,0.000000
18340,0.490191,1.000000
18350,0.854068,1.000000
18360,0.592537,1.000000
18370,1.000000,1.000000
18380,-0.061301,0.523504
18390,1.000000,0.454440
18400,1.000000,1.000000
18410,-0.498440,0.711516
18420,1.000000,1.000000
18430,-0.051999,1.000000
18440,-0.482817,0.202599
18450,1.000000,0.793826
18460,-0.221022,1.000000
18470,1.000000,0.715530
18480,1.000000,1.000000
18490,1.000000,0.849200
18500,-0.015939,0.737549
18510,0.617699,0.879310
18520,1.000000,0.644500
18530,-0.280051,1.000000
18540,-1.000000,0.647674
18550,-1.000000,1.000000
18560,1.000000,0.012039
18570,0.379852,1.000000
18580,-0.593160,1.000000
18590,-0.717704,1.000000
18600,-0.644167,1.000000
18610,0.528130,1.000000
18620,-0.463576,0.269641
18630,1.000000,1.000000
18640,-0.052653,0.851299
18650,-0.984176,0.208730
18660,1.000000,0.000000
18670,1.000000,1.000000
18680,1.000000,0.474028
18690,0.077348,0.678664
18700,1.000000,1.000000
18710,1.000000,1.000000
18720,0.973004,0.537930
18730,0.837129,0.812368
18740,1.000000,1.000000
18750,-0.395850,1.000000
18760,-0.824047,1.000000
18770,1.000000,0.943893
18780,1.000000,0.632661
18790,0.208091,1.000000
18800,0.751026,1.000000
18810,-1.000000,0.859800
18820,1.000000,1.000000
18830,0.955893,1.000000
18840,1.000000,1.000000
18850,1.000000,0.982500
18860,0.437508,0.366337
18870,0.265036,1.000000
18880,1.000000,0.000000
18890,0.391271,1.000000
18900,0.233184,0.713528
18910,1.000000,0.074951
18920,0.529906,0.620572
18930,0.327465,0.000000
18940,1.000000,0.489573
18950,-0.606120,0.419579
18960,0.552878,0.769270
18970,-0.024285,1.000000
18980,-1.000000,0.590524
18990,-0.420918,0.206139
19000,-0.643388,0.421369
19010,0.314246,1.000000
19020,-1.000000,1.000000
19030,0.668789,0.000000
19040,1.000000,0.995916
19050,0.336018,0.593657
19060,-0.547660,0.015796
19070,1.000000,0.447026
19080,0.698481,0.746298
19090,1.000000,1.000000
19100,0.039642,0.609705
19110,-0.644788,1.000000
19120,-0.344441,0.515304
19130,-0.922668,0.656015
19140,0.212257,0.008192
19150,0.621043,0.212644
19160,0.781308,1.000000
19170,1.000000,0.913194
19180,0.976091,0.350310
19190,1.000000,0.707118
19200,0.291765,0.495886
19210,0.070215,1.000000
19220,1.000000,0.763082
19230,1.000000,0.000000
19240,1.000000,0.380249
19250,0.965462,1.000000
19260,-1.000000,0.037522
19270,0.187662,0.171141
19280,-0.112374,0.808300
19290,-0.414898,1.000000
19300,1.000000,0.685731
19310,0.392966,0.632715
19320,-0.523579,0.804103
19330,-0.862194,0.651773
19340,0.340296,0.395204
19350,-1.000000,1.000000
19360,0.839577,1.000000
19370,-0.044828,1.000000
19380,-0.039675,0.693130
19390,0.107934,0.819313
19400,0.234200,0.000000
19410,-0.874455,0.832960
19420,0.590132,1.000000
19430,-0.427174,0.824515
19440,0.522940,1.000000
19450,0.023339,1.000000
19460,0.718532,0.957542
19470,1.000000,0.725593
19480,0.289083,0.612801
19490,1.000000,1.000000
19500,-0.898320,0.936015
19510,1.000000,0.000000
19520,0.652563,1.000000
19530,0.494671,0.962595
19540,0.033877,0.721940
19550,1.000000,0.096544
19560,0.422156,0.876615
19570,-0.169323,0.184169
19580,1.000000,1.000000
19590,1.000000,1.000000
19600,1.000000,0.000000
19610,-0.054304,0.727560
19620,0.473254,1.000000
19630,-0.698850,1.000000
19640,0.501363,0.214073
19650,0.344596,0.248979
19660,-0.758985,0.261898
19670,1.000000,1.000000
19680,0.558102,0.076042
19690,-0.658008,0.853144
19700,1.000000,1.000000
19710,1.000000,0.805690
19720,-0.048507,0.029307
19730,0.472850,1.000000
19740,-1.000000,0.257239
19750,1.000000,0.874815
19760,-0.347688,0.387312
19770,1.000000,0.809792
19780,0.354239,0.493006
19790,0.222517,0.000000
19800,-1.000000,0.651915
19810,0.665577,0.046243
19820,-0.926439,0.854977
19830,-0.427220,1.000000
19840,0.344422,0.337978
19850,0.335036,0.474156
19860,-0.106000,0.144291
19870,0.231983,0.849567
19880,-0.135014,1.000000
19890,0.887390,0.000000
19900,0.831900,1.000000
19910,1.000000,1.000000
19920,1.000000,0.000856
19930,-1.000000,0.000000
19940,-0.737992,0.060970
19950,-0.318469,1.000000
19960,1.000000,0.663591
19970,0.026186,0.858091
19980,-0.669805,0.827120
19990,0.323926,1.000000
20000,-0.476404,1.000000
20010,1.000000,0.626057
20020,1.000000,0.992105
20030,0.702136,0.467361
20040,0.075781,0.381581
20050,0.870746,1.000000
20060,-1.000000,1.000000
20070,1.000000,0.533038
20080,1.000000,0.539777
20090,1.000000,0.719067
20100,0.864078,0.000000
20110,-0.745581,0.323578
20120,1.000000,1.000000
20130,0.580744,0.748761
20140,-1.000000,1.000000
20150,-0.017370,0.432359
20160,0.306265,1.000000
20170,1.000000,0.520599
20180,1.000000,0.664539
20190,0.090047,0.843313
20200,0.262523,0.468144
20210,0.874533,0.000000
20220,1.000000,0.130275
20230,1.000000,0.804759
20240,0.891281,0.462180
20250,0.633222,0.468140
20260,-1.000000,0.093332
20270,1.000000,0.353424
20280,0.257419,0.000000
20290,0.802775,0.055917
20300,0.359920,0.653510
20310,-0.168683,0.734156
20320,-1.000000,0.592188
20330,0.114205,0.753468
20340,-0.645008,1.000000
20350,-0.167196,0.518846
20360,-0.315823,0.819795
20370,1.000000,1.000000
20380,-0.612022,1.000000
20390,0.436442,1.000000
20400,-0.393808,0.370351
20410,0.670468,0.288532
20420,1.000000,0.145662
20430,0.874668,0.948227
20440,-0.072911,0.859590
20450,0.599418,0.538557
20460,0.110336,0.009802
20470,-0.245585,1.000000
20480,1.000000,0.078333
