timestep,ep_rew_mean,ep_len_mean,explained_variance,value_loss,entropy,approx_kl,clip_fraction,std,intervention_rate,emergency_rate,int_rate_C-01,int_rate_C-02,int_rate_C-03,int_rate_C-04,int_rate_C-05,int_rate_C-06,mirror_rate
1024,4.324055,38.923,nan,nan,nan,nan,nan,nan,0.964844,0.024414,0.019531,0.051758,0.010742,0.000000,0.019531,0.957031,0.582031
2048,6.195910,35.929,0.003259,0.969768,2.819669,0.016539,0.162305,0.982890,0.955078,0.029297,0.019531,0.057617,0.032227,0.000000,0.025391,0.946289,0.583008
3072,7.325249,34.534,-0.072497,0.378193,2.797850,0.028341,0.161719,0.976832,0.952148,0.031250,0.000000,0.051758,0.014648,0.000000,0.025391,0.943359,0.364258
4096,8.041733,31.240,-0.011773,0.485791,2.783851,0.043133,0.231934,0.968665,0.959961,0.031250,0.006836,0.036133,0.022461,0.000000,0.021484,0.950195,0.459961
5120,9.382045,31.780,0.208206,0.580304,2.773709,0.031198,0.224609,0.967139,0.957031,0.032227,0.002930,0.059570,0.030273,0.000000,0.025391,0.946289,0.504883
6144,11.726569,35.590,0.378290,0.265432,2.767660,0.054069,0.293555,0.962783,0.959961,0.017578,0.000000,0.035156,0.015625,0.000000,0.013672,0.956055,0.456055
7168,14.614265,38.150,0.187112,0.331548,2.759255,0.040765,0.310059,0.958122,0.961914,0.027344,0.003906,0.043945,0.035156,0.000000,0.023438,0.956055,0.474609
8192,18.843066,44.720,0.483297,0.277587,2.748430,0.047036,0.322852,0.953221,0.965820,0.018555,0.000000,0.028320,0.018555,0.000000,0.012695,0.958984,0.338867
9216,19.612013,44.010,0.477709,0.217517,2.734570,0.085491,0.351465,0.943456,0.965820,0.008789,0.000000,0.009766,0.008789,0.000000,0.006836,0.961914,0.897461
10240,26.970673,56.820,0.088380,0.320435,2.720749,0.122087,0.450391,0.939853,0.967773,0.003906,0.000000,0.010742,0.001953,0.000000,0.003906,0.967773,0.723633
11264,30.487566,63.550,0.442381,0.145879,2.703727,0.143666,0.431543,0.927066,0.978516,0.007812,0.000000,0.012695,0.005859,0.000000,0.004883,0.975586,0.242188
12288,33.701749,69.610,0.174088,0.092588,2.683214,0.065845,0.335840,0.922462,0.969727,0.008789,0.005859,0.016602,0.004883,0.000000,0.005859,0.963867,0.250000
13312,37.714052,73.690,0.616515,0.074659,2.673158,0.093394,0.378027,0.913009,0.962891,0.011719,0.014648,0.016602,0.011719,0.000000,0.008789,0.958008,0.349609
14336,41.732733,80.140,0.466189,0.115539,2.642251,0.193248,0.416113,0.897399,0.956055,0.012695,0.000000,0.021484,0.014648,0.000000,0.008789,0.951172,0.386719
15360,46.214605,86.760,0.357208,0.151073,2.611776,0.076321,0.381738,0.887457,0.957031,0.014648,0.000000,0.028320,0.002930,0.000000,0.010742,0.952148,0.070312
16384,50.415837,91.960,0.083719,0.148313,2.592007,0.169602,0.453711,0.876997,0.960938,0.008789,0.004883,0.016602,0.019531,0.000000,0.008789,0.958008,0.054688
17408,52.934637,93.920,0.375826,0.106942,2.570560,0.105847,0.440723,0.870344,0.958008,0.010742,0.000000,0.006836,0.004883,0.000000,0.007812,0.955078,0.237305
18432,56.731825,98.610,0.398616,0.166791,2.553357,0.205146,0.424512,0.861831,0.949219,0.012695,0.000000,0.023438,0.007812,0.000000,0.008789,0.945312,0.508789
19456,56.054564,95.930,0.072033,0.188804,2.534641,0.146860,0.481836,0.854150,0.959961,0.007812,0.014648,0.015625,0.006836,0.000000,0.006836,0.958984,0.176758
20480,55.408445,88.980,0.300983,0.122838,2.521044,0.092446,0.402637,0.850737,0.945312,0.012695,0.000000,0.022461,0.000977,0.000000,0.009766,0.940430,0.031250
21504,62.256724,98.690,0.417569,0.146764,2.503480,0.139682,0.438770,0.837722,0.976562,0.002930,0.000000,0.021484,0.004883,0.000000,0.002930,0.976562,0.644531
22528,62.604274,95.920,-0.178152,0.112469,2.474980,0.099007,0.392285,0.827434,0.956055,0.006836,0.000000,0.025391,0.004883,0.000000,0.006836,0.954102,0.133789
23552,65.944298,99.910,0.505236,0.103451,2.447237,0.106365,0.432129,0.816558,0.951172,0.004883,0.000000,0.013672,0.003906,0.000000,0.003906,0.950195,0.159180
24576,73.583983,107.870,0.546382,0.101309,2.425978,0.238951,0.436321,0.811013,0.953125,0.006836,0.000000,0.012695,0.022461,0.000000,0.006836,0.952148,0.292969
25600,80.130465,116.040,0.494734,0.224669,2.399950,0.228140,0.521680,0.793367,0.955078,0.001953,0.000000,0.001953,0.000000,0.000000,0.001953,0.954102,0.000000
26624,80.130465,116.040,0.235244,0.076824,2.359909,0.156755,0.497266,0.781267,0.951172,0.000000,0.000000,0.007812,0.000000,0.000000,0.000000,0.951172,0.000000
27648,95.678895,132.460,0.182848,0.051748,2.328780,0.254446,0.587012,0.766331,0.960938,0.000977,0.000000,0.003906,0.000000,0.000000,0.000000,0.958984,0.405273
28672,98.740866,136.810,0.881384,0.042156,2.302351,0.964926,0.392219,0.766403,0.960938,0.005859,0.000000,0.000977,0.000977,0.000000,0.001953,0.957031,0.375977
29696,102.528145,142.150,0.427932,0.060691,2.299428,0.123603,0.421484,0.758277,0.951172,0.012695,0.000000,0.023438,0.002930,0.000000,0.007812,0.945312,0.794922
30720,97.061809,133.190,0.299133,0.130031,2.274760,0.132446,0.440625,0.748914,0.964844,0.011719,0.000000,0.016602,0.004883,0.000000,0.007812,0.958984,0.428711
31744,106.707008,144.080,0.793332,0.086664,2.254336,0.121694,0.477344,0.742738,0.943359,0.008789,0.000000,0.010742,0.001953,0.000000,0.005859,0.940430,0.029297
32768,106.707008,144.080,0.034379,0.155252,2.240346,0.157439,0.486328,0.736173,0.958984,0.000000,0.000000,0.000000,0.000000,0.000000,0.000000,0.958984,0.000000
33792,120.085081,159.760,-1.936278,0.038287,2.214207,0.317823,0.612109,0.725382,0.950195,0.004883,0.000000,0.015625,0.004883,0.000000,0.004883,0.948242,0.728516
34816,116.769306,154.400,0.435476,0.095281,2.179206,0.151079,0.426660,0.710881,0.952148,0.009766,0.000000,0.014648,0.000000,0.000000,0.004883,0.947266,0.096680
35840,129.003568,170.510,-0.020203,0.085550,2.131785,0.272811,0.362988,0.691163,0.962891,0.002930,0.000000,0.008789,0.000000,0.000000,0.001953,0.961914,0.000000
36864,132.374512,173.020,0.356094,0.044880,2.089513,0.076065,0.385742,0.684817,0.958984,0.004883,0.000000,0.007812,0.002930,0.000000,0.003906,0.957031,0.104492
37888,123.545821,160.040,0.521342,0.074514,2.065030,0.221012,0.490430,0.670689,0.942383,0.014648,0.000000,0.021484,0.015625,0.000000,0.009766,0.935547,0.213867
38912,122.941719,159.290,0.527076,0.139162,2.024071,0.173350,0.477441,0.658495,0.953125,0.004883,0.000000,0.004883,0.000977,0.000000,0.004883,0.952148,0.925781
39936,134.763102,173.140,0.523376,0.102127,1.986053,0.325713,0.547363,0.646976,0.947266,0.000977,0.000000,0.009766,0.000000,0.000000,0.000977,0.945312,1.000000
40960,134.763102,173.140,0.259687,0.051474,1.958384,0.110470,0.444336,0.640609,0.934570,0.000000,0.000000,0.002930,0.000000,0.000000,0.000000,0.934570,1.000000
41984,145.266016,184.140,-0.161700,0.016667,1.943185,0.116831,0.491895,0.638914,0.949219,0.002930,0.000000,0.003906,0.000000,0.000000,0.002930,0.948242,1.000000
43008,156.965692,197.140,0.065301,0.066486,1.922723,0.349497,0.608203,0.623653,0.931641,0.001953,0.000000,0.003906,0.000000,0.000000,0.000977,0.930664,1.000000
44032,156.820642,195.230,-0.090372,0.055869,1.878270,0.316347,0.591406,0.611741,0.938477,0.002930,0.000000,0.003906,0.000000,0.000000,0.001953,0.937500,0.826172
45056,156.820642,195.230,0.405973,0.042677,1.841238,0.211211,0.542383,0.600205,0.932617,0.000000,0.000000,0.000000,0.000000,0.000000,0.000000,0.932617,1.000000
46080,170.206299,208.430,-0.661607,0.021995,1.810095,0.326913,0.643555,0.594906,0.936523,0.004883,0.000000,0.016602,0.009766,0.000000,0.003906,0.933594,0.843750
47104,170.206299,208.430,0.068751,0.140057,1.793655,0.238556,0.396510,0.593693,0.942383,0.000000,0.000000,0.000000,0.000000,0.000000,0.000000,0.942383,1.000000
48128,187.481975,228.900,-0.957564,0.008810,1.786643,0.062092,0.372852,0.589515,0.944336,0.000000,0.000000,0.003906,0.000000,0.000000,0.000000,0.944336,0.948242
49152,171.161096,208.400,0.282915,0.008706,1.766848,0.061973,0.387012,0.582469,0.919922,0.003906,0.000000,0.012695,0.000000,0.000000,0.003906,0.918945,0.322266
50176,173.239392,208.530,0.059355,0.152434,1.747840,0.222559,0.469043,0.573214,0.958008,0.004883,0.000000,0.005859,0.000000,0.000000,0.002930,0.955078,0.235352
51200,173.239392,208.530,0.486943,0.075204,1.712744,0.136959,0.473535,0.564792,0.954102,0.000000,0.000000,0.002930,0.004883,0.000000,0.000000,0.952148,0.000000
52224,186.995652,222.340,0.341363,0.014135,1.680368,0.179736,0.540039,0.556986,0.928711,0.008789,0.000000,0.004883,0.000000,0.000000,0.004883,0.924805,0.083984
53248,194.984262,229.850,0.413755,0.157342,1.655518,0.196135,0.530762,0.547292,0.936523,0.003906,0.000000,0.005859,0.007812,0.000000,0.001953,0.933594,0.371094
54272,204.098626,239.670,0.533657,0.075081,1.607687,0.392091,0.584821,0.532968,0.941406,0.004883,0.000000,0.007812,0.000000,0.000000,0.003906,0.939453,0.569336
55296,208.673443,244.830,0.521636,0.104146,1.572263,0.733256,0.445755,0.529047,0.925781,0.000977,0.000000,0.004883,0.010742,0.000000,0.000977,0.925781,0.785156
56320,214.590139,250.180,0.711912,0.036330,1.558874,0.302733,0.566939,0.527066,0.935547,0.005859,0.000000,0.003906,0.000977,0.000000,0.002930,0.931641,0.424805
57344,222.891012,257.910,0.109637,0.090132,1.546320,0.240200,0.425684,0.517740,0.918945,0.005859,0.002930,0.005859,0.003906,0.000000,0.002930,0.916016,0.302734
58368,217.436875,250.620,0.386853,0.098679,1.500614,0.721547,0.580158,0.506862,0.919922,0.002930,0.000000,0.006836,0.000977,0.000000,0.001953,0.917969,0.000000
59392,217.436875,250.620,0.019669,0.084619,1.468485,0.152710,0.494629,0.500240,0.949219,0.000000,0.000000,0.000000,0.000000,0.000000,0.000000,0.949219,0.000000
60416,232.176712,265.230,-0.603766,0.005605,1.439352,0.077257,0.438086,0.494141,0.940430,0.000977,0.000000,0.000000,0.000000,0.000000,0.000000,0.939453,0.275391
61440,235.730950,269.050,0.498201,0.005550,1.413283,0.090606,0.439355,0.487143,0.910156,0.000977,0.000000,0.002930,0.000000,0.000000,0.000977,0.910156,0.119141
62464,249.411896,283.820,-0.016137,0.040368,1.390778,0.097940,0.426074,0.480371,0.919922,0.001953,0.000000,0.001953,0.000000,0.000000,0.001953,0.919922,0.000000
63488,254.064642,288.850,0.357944,0.090820,1.354743,0.170290,0.489355,0.471197,0.952148,0.002930,0.000000,0.000977,0.000000,0.000000,0.001953,0.950195,0.074219
64512,264.027344,299.180,0.249075,0.090923,1.318703,0.340703,0.452148,0.462609,0.915039,0.000977,0.000000,0.000977,0.000000,0.000000,0.000977,0.915039,0.660156
65536,271.867000,307.420,-0.043377,0.046778,1.286515,0.076250,0.410156,0.457959,0.900391,0.001953,0.000000,0.001953,0.002930,0.000000,0.001953,0.900391,0.234375
66560,271.867000,307.420,0.275776,0.091333,1.267318,0.296706,0.486816,0.452990,0.903320,0.000000,0.000000,0.000000,0.000000,0.000000,0.000000,0.903320,0.000000
67584,292.509527,328.710,-2.157253,0.006925,1.242520,0.157069,0.543066,0.447332,0.901367,0.001953,0.000000,0.004883,0.000000,0.000000,0.001953,0.899414,0.765625
68608,292.509527,328.710,0.168417,0.073420,1.214988,0.143685,0.479492,0.440530,0.907227,0.000000,0.000000,0.000000,0.000000,0.000000,0.000000,0.907227,1.000000
69632,292.669756,325.260,-2.655290,0.004656,1.192233,0.129752,0.479297,0.438424,0.873047,0.004883,0.000000,0.003906,0.000000,0.000000,0.002930,0.871094,0.097656
70656,292.669756,325.260,0.371056,0.145947,1.169434,0.208384,0.515137,0.427216,0.891602,0.000000,0.000000,0.003906,0.000000,0.000000,0.000000,0.891602,0.000000
71680,311.351488,345.680,-2.007973,0.004524,1.129140,0.125864,0.476855,0.425030,0.905273,0.000000,0.000000,0.000000,0.000000,0.000000,0.000000,0.905273,0.341797
72704,314.005840,347.880,-0.665344,0.013954,1.121130,0.389143,0.471875,0.424295,0.881836,0.002930,0.000000,0.007812,0.000000,0.000000,0.000977,0.878906,0.349609
73728,314.005840,347.880,0.201462,0.059164,1.116600,0.383540,0.474760,0.421188,0.893555,0.000000,0.000000,0.000000,0.000000,0.000000,0.000000,0.893555,0.000000
74752,330.041459,364.940,0.002419,0.004414,1.090860,0.094681,0.459277,0.413875,0.897461,0.000977,0.000000,0.000977,0.000000,0.000000,0.000977,0.897461,0.965820
75776,330.041459,364.940,-0.013211,0.057536,1.066548,0.504014,0.578125,0.411543,0.884766,0.000000,0.000000,0.000000,0.000000,0.000000,0.000000,0.884766,1.000000
76800,348.082156,383.310,-1.790214,0.013085,1.056916,0.224156,0.401042,0.410928,0.874023,0.004883,0.000000,0.002930,0.000000,0.000000,0.000977,0.869141,0.040039
77824,348.082156,383.310,0.501336,0.025566,1.046444,0.375504,0.622266,0.404484,0.881836,0.000000,0.000000,0.000000,0.000000,0.000000,0.000000,0.881836,0.000000
78848,370.243461,406.230,-0.155421,0.006087,1.013593,0.350146,0.625195,0.396535,0.863281,0.002930,0.000000,0.008789,0.000000,0.000000,0.001953,0.861328,0.957031
79872,370.243461,406.230,0.168965,0.082348,0.986000,0.200790,0.419043,0.394448,0.852539,0.000000,0.000000,0.000000,0.000000,0.000000,0.000000,0.852539,1.000000
80896,391.543738,428.530,-0.306217,0.003289,0.964247,0.106419,0.468066,0.389115,0.851562,0.002930,0.008789,0.011719,0.011719,0.000000,0.002930,0.849609,0.368164
81920,391.543738,428.530,0.477877,0.081561,0.946064,0.129678,0.450781,0.384605,0.871094,0.000000,0.000000,0.000000,0.000000,0.000000,0.000000,0.871094,0.000000
82944,408.529108,445.380,-3.537724,0.010044,0.918164,0.450418,0.614048,0.381001,0.886719,0.000977,0.000000,0.003906,0.002930,0.000000,0.000977,0.886719,0.011719
83968,409.877251,446.830,0.654724,0.025079,0.901357,0.933495,0.462854,0.379745,0.852539,0.000977,0.000000,0.000977,0.000000,0.000000,0.000977,0.852539,0.000000
84992,409.877251,446.830,-0.304705,0.048881,0.894675,0.156926,0.417969,0.376186,0.857422,0.000000,0.000000,0.000000,0.000000,0.000000,0.000000,0.857422,0.000000
86016,413.009642,447.460,-1.181001,0.002830,0.873436,0.113705,0.463379,0.372031,0.828125,0.001953,0.000000,0.000977,0.000000,0.000000,0.000977,0.827148,0.791016
87040,413.009642,447.460,0.195207,0.047207,0.862666,0.080396,0.443555,0.371845,0.862305,0.000000,0.000000,0.000000,0.000000,0.000000,0.000000,0.862305,0.000000
88064,432.726089,467.810,-0.771685,0.002796,0.851432,0.125291,0.498145,0.366966,0.857422,0.000977,0.000000,0.000000,0.000000,0.000000,0.000977,0.857422,0.184570
89088,421.146255,454.680,0.508022,0.033297,0.826316,0.194606,0.498828,0.363485,0.855469,0.001953,0.000000,0.001953,0.000000,0.000000,0.001953,0.855469,1.000000
90112,428.131943,461.860,0.111126,0.066816,0.810361,0.099394,0.443848,0.360702,0.834961,0.002930,0.000000,0.002930,0.000000,0.000000,0.001953,0.833984,0.713867
91136,428.131943,461.860,0.456748,0.065174,0.790810,0.112178,0.443359,0.356694,0.817383,0.000000,0.000000,0.001953,0.000000,0.000000,0.000000,0.817383,0.000000
92160,434.205517,467.560,-0.377023,0.003959,0.763789,0.095480,0.445703,0.352561,0.836914,0.000000,0.000000,0.001953,0.000000,0.000000,0.000000,0.836914,0.000000
93184,437.208587,470.430,-1.933387,0.003805,0.731253,0.143564,0.477930,0.343727,0.864258,0.000977,0.000000,0.000977,0.000000,0.000000,0.000977,0.864258,0.000000
94208,437.208587,470.430,-0.266262,0.075827,0.697594,0.415653,0.457143,0.343399,0.856445,0.000000,0.000000,0.000000,0.000000,0.000000,0.000000,0.856445,0.000000
95232,457.315059,490.900,-0.980453,0.009253,0.697169,0.564511,0.585121,0.342652,0.843750,0.000000,0.000000,0.000000,0.000000,0.000000,0.000000,0.843750,0.848633
96256,457.315059,490.900,-0.152258,0.004817,0.678962,0.231092,0.529785,0.335546,0.820312,0.000000,0.000000,0.000000,0.000000,0.000000,0.000000,0.820312,1.000000
97280,470.681544,504.200,-2.146873,0.002666,0.651211,0.143054,0.519434,0.333703,0.834961,0.000000,0.000000,0.004883,0.000000,0.000000,0.000000,0.834961,1.000000
98304,470.681544,504.200,-0.982611,0.004372,0.633171,0.164162,0.530566,0.329229,0.824219,0.000000,0.000000,0.000000,0.000000,0.000000,0.000000,0.824219,1.000000
99328,489.387741,523.590,-0.430220,0.004382,0.603250,0.176557,0.546094,0.324283,0.832031,0.000977,0.000000,0.000977,0.000000,0.000000,0.000977,0.832031,0.080078
100352,485.384995,516.700,0.047362,0.064614,0.582191,0.287213,0.467391,0.324333,0.852539,0.002930,0.000000,0.000977,0.000000,0.000000,0.000977,0.850586,0.144531
101376,488.939357,520.400,0.113516,0.084825,0.583954,0.434908,0.527945,0.324349,0.834961,0.000977,0.000000,0.002930,0.000000,0.000000,0.000977,0.834961,1.000000
102400,488.939357,520.400,-0.261774,0.058272,0.571731,0.339676,0.456543,0.318250,0.802734,0.000000,0.000000,0.000000,0.000000,0.000000,0.000000,0.802734,1.000000
103424,505.735884,537.630,-0.285652,0.002101,0.533530,0.097594,0.460645,0.313372,0.822266,0.000000,0.000000,0.000000,0.000000,0.000000,0.000000,0.822266,0.223633
104448,505.735884,537.630,0.077168,0.003191,0.503679,0.116151,0.489941,0.309631,0.849609,0.000000,0.000000,0.000000,0.000000,0.000000,0.000000,0.849609,0.000000
105472,510.964634,541.090,-1.043464,0.001904,0.479937,0.082596,0.446875,0.306007,0.867188,0.005859,0.000000,0.001953,0.000000,0.000000,0.001953,0.863281,0.738281
106496,513.281385,543.450,0.236973,0.130827,0.465810,0.398908,0.417869,0.305614,0.820312,0.000977,0.000000,0.000977,0.000000,0.000000,0.000977,0.819336,0.131836
107520,513.281385,543.450,0.097562,0.059145,0.468818,0.114618,0.488184,0.305797,0.826172,0.000000,0.000000,0.000000,0.000000,0.000000,0.000000,0.826172,0.000000
108544,536.146965,566.810,0.217780,0.002194,0.449778,0.123455,0.481836,0.299275,0.839844,0.002930,0.000000,0.010742,0.000000,0.000000,0.002930,0.839844,0.744141
109568,536.146965,566.810,0.326057,0.148355,0.419733,0.183488,0.533203,0.295933,0.836914,0.000000,0.000000,0.000000,0.000000,0.000000,0.000000,0.836914,1.000000
110592,556.242391,587.280,-0.009723,0.003256,0.391676,0.280628,0.607812,0.291072,0.843750,0.000000,0.000000,0.004883,0.000000,0.000000,0.000000,0.841797,0.491211
111616,550.793135,580.850,0.458999,0.004160,0.359081,0.276585,0.587402,0.287223,0.847656,0.004883,0.000000,0.021484,0.000000,0.000000,0.003906,0.842773,0.623047
112640,550.793135,580.850,0.179566,0.208567,0.339733,0.369550,0.543705,0.287071,0.849609,0.000000,0.000000,0.000000,0.000000,0.000000,0.000000,0.849609,1.000000
113664,566.430827,596.870,-2.191417,0.012270,0.339543,0.601363,0.578547,0.287303,0.852539,0.003906,0.000000,0.004883,0.000977,0.000000,0.003906,0.850586,0.662109
114688,560.283903,590.400,0.284093,0.201558,0.332647,0.441411,0.612185,0.282408,0.883789,0.001953,0.000000,0.000000,0.000000,0.000000,0.000977,0.882812,0.750000
115712,560.283903,590.400,0.142294,0.086271,0.305433,0.487126,0.403646,0.282341,0.775391,0.000000,0.000000,0.000000,0.000000,0.000000,0.000000,0.775391,0.000000
116736,579.907194,610.320,-0.233279,0.003040,0.310700,0.127278,0.489160,0.282338,0.779297,0.002930,0.000000,0.000977,0.000000,0.000000,0.000977,0.776367,0.000977
117760,579.907194,610.320,0.458791,0.013858,0.299750,0.116892,0.487988,0.279001,0.803711,0.000000,0.000000,0.008789,0.000000,0.000000,0.000000,0.803711,0.000000
118784,589.897600,619.600,0.049810,0.003241,0.273217,0.204193,0.564746,0.274433,0.802734,0.000977,0.000000,0.000000,0.000000,0.000000,0.000000,0.801758,0.000977
119808,589.897600,619.600,0.350866,0.009023,0.244670,0.228396,0.556836,0.271572,0.790039,0.000000,0.000000,0.000000,0.000000,0.000000,0.000000,0.790039,0.000000
120832,607.272965,637.010,-0.909258,0.002089,0.213227,0.136841,0.520508,0.266705,0.772461,0.000000,0.000000,0.000000,0.000000,0.000000,0.000000,0.772461,0.000000
121856,607.272965,637.010,-1.276221,0.004108,0.186122,0.160525,0.531152,0.264315,0.812500,0.000000,0.000000,0.001953,0.000000,0.000000,0.000000,0.812500,0.000000
122880,623.151359,653.300,-0.787485,0.002118,0.155562,0.239990,0.559570,0.258900,0.810547,0.000977,0.000000,0.006836,0.000000,0.000000,0.000977,0.809570,0.000000
123904,627.404522,657.480,0.657648,0.022876,0.127682,0.219228,0.549121,0.256001,0.790039,0.000977,0.000000,0.000977,0.000000,0.000000,0.000977,0.789062,0.000000
124928,627.404522,657.480,0.059169,0.072068,0.103057,0.243739,0.559766,0.252858,0.787109,0.000000,0.000000,0.000000,0.000000,0.000000,0.000000,0.787109,0.000000
125952,647.794847,677.950,-0.720878,0.004091,0.072480,0.433385,0.610104,0.249117,0.819336,0.000000,0.000000,0.000000,0.000000,0.000000,0.000000,0.819336,0.000000
126976,647.794847,677.950,-4.497715,0.012752,0.053495,0.403177,0.446733,0.249015,0.855469,0.000000,0.000000,0.000000,0.000000,0.000000,0.000000,0.855469,0.000000
128000,662.084892,692.760,-3.492572,0.009446,0.054244,0.434689,0.457880,0.249269,0.780273,0.000000,0.000000,0.000000,0.000000,0.000000,0.000000,0.780273,0.826172
129024,653.573030,683.170,0.056936,0.006123,0.046618,0.332084,0.597461,0.245419,0.796875,0.002930,0.000000,0.002930,0.002930,0.000000,0.000977,0.794922,0.437500
130048,653.573030,683.170,0.560386,0.061048,0.027092,0.364148,0.542969,0.245790,0.808594,0.000000,0.000000,0.000000,0.000000,0.000000,0.000000,0.808594,0.000000
131072,670.713011,700.000,-1.969859,0.008951,0.026610,0.570306,0.558929,0.245915,0.803711,0.000977,0.000000,0.000977,0.000000,0.000000,0.000977,0.802734,0.560547
132096,670.713011,700.000,0.452479,0.056876,0.021144,0.400300,0.604590,0.242980,0.763672,0.000000,0.000000,0.000000,0.000000,0.000000,0.000000,0.763672,1.000000
133120,671.902074,699.730,0.571385,0.003455,-0.004987,0.227500,0.570312,0.239203,0.743164,0.001953,0.000000,0.000000,0.000000,0.000000,0.000000,0.741211,0.479492
134144,682.977474,710.380,0.525701,0.010690,-0.036030,0.380967,0.568687,0.236267,0.737305,0.000977,0.000000,0.000977,0.000000,0.000000,0.000977,0.736328,0.000000
135168,682.977474,710.380,0.009987,0.071110,-0.058201,0.125295,0.498437,0.234173,0.719727,0.000000,0.000000,0.000000,0.000000,0.000000,0.000000,0.719727,0.000000
136192,688.438372,713.820,0.354067,0.001899,-0.073046,0.132889,0.501270,0.232523,0.720703,0.002930,0.000000,0.005859,0.000977,0.000000,0.002930,0.719727,0.391602
137216,676.851603,702.220,0.492420,0.138684,-0.091047,0.176931,0.490820,0.229497,0.725586,0.000977,0.000000,0.000000,0.011719,0.000000,0.000977,0.724609,1.000000
138240,683.656189,709.350,0.720678,0.040439,-0.122655,0.197236,0.519336,0.225556,0.751953,0.001953,0.000000,0.000977,0.000000,0.000000,0.000977,0.750000,0.588867
139264,683.656189,709.350,0.489525,0.052861,-0.160238,0.260623,0.573926,0.220626,0.744141,0.000000,0.000000,0.000000,0.000000,0.000000,0.000000,0.744141,0.000000
140288,687.952257,711.180,-0.827537,0.003129,-0.203145,0.227481,0.573047,0.217141,0.753906,0.000977,0.000000,0.005859,0.000000,0.000000,0.000977,0.753906,0.452148
141312,687.952257,711.180,0.526556,0.045044,-0.225831,0.350757,0.576172,0.215230,0.762695,0.000000,0.000000,0.001953,0.000000,0.000000,0.000000,0.762695,1.000000
142336,706.592377,729.620,0.437698,0.007033,-0.236981,0.359367,0.632487,0.214972,0.769531,0.001953,0.000000,0.007812,0.000000,0.000000,0.001953,0.768555,0.909180
143360,706.592377,729.620,-0.109192,0.173332,-0.242696,0.498331,0.430556,0.215016,0.751953,0.000000,0.000000,0.001953,0.000000,0.000000,0.000000,0.751953,0.000000
144384,727.868209,750.090,-0.028618,0.005379,-0.249321,0.477112,0.600072,0.212195,0.755859,0.000000,0.000000,0.000000,0.000000,0.000000,0.000000,0.755859,0.090820
145408,727.868209,750.090,0.547484,0.003882,-0.282667,0.342304,0.626172,0.208118,0.769531,0.000000,0.000000,0.001953,0.000000,0.000000,0.000000,0.769531,1.000000
146432,730.877756,750.090,-0.061017,0.008787,-0.316200,0.337225,0.602246,0.204687,0.771484,0.000000,0.000000,0.000000,0.000000,0.000000,0.000000,0.771484,1.000000
147456,734.802511,752.920,0.288100,0.004102,-0.345284,0.311762,0.590210,0.203034,0.770508,0.000977,0.000000,0.006836,0.000000,0.000000,0.000977,0.769531,1.000000
148480,734.802511,752.920,0.053926,0.075884,-0.359626,0.300685,0.596680,0.201026,0.725586,0.000000,0.000000,0.001953,0.000000,0.000000,0.000000,0.725586,1.000000
149504,748.543051,765.440,0.589410,0.002974,-0.378980,0.199993,0.545508,0.199775,0.745117,0.000977,0.000000,0.000977,0.000000,0.000000,0.000977,0.744141,1.000000
150528,748.543051,765.440,0.034434,0.080418,-0.388405,0.262902,0.559761,0.198762,0.759766,0.000000,0.000000,0.000000,0.000000,0.000000,0.000000,0.759766,1.000000
151552,734.922353,748.210,-0.936194,0.003486,-0.417708,0.265674,0.611133,0.193413,0.733398,0.001953,0.000000,0.000000,0.000000,0.000000,0.000000,0.731445,0.999023
152576,734.922353,748.210,0.372528,0.017576,-0.462226,0.251094,0.591211,0.190695,0.684570,0.000000,0.000000,0.000000,0.000000,0.000000,0.000000,0.684570,1.000000
153600,764.932899,775.520,0.532161,0.002578,-0.495858,0.244876,0.588184,0.186584,0.708984,0.001953,0.000000,0.000977,0.000000,0.000000,0.000977,0.708008,0.770508
154624,764.932899,775.520,0.083145,0.101726,-0.525656,0.297417,0.497984,0.186714,0.622070,0.000000,0.000000,0.000000,0.000000,0.000000,0.000000,0.622070,0.000000
155648,768.676579,775.960,0.152044,0.003197,-0.523814,0.145187,0.533691,0.185783,0.641602,0.002930,0.000000,0.000977,0.000000,0.000000,0.000977,0.639648,0.226562
156672,751.976280,756.430,0.326290,0.080774,-0.537837,0.257969,0.510742,0.183930,0.689453,0.005859,0.000000,0.004883,0.000000,0.000000,0.003906,0.684570,0.877930
157696,751.976280,756.430,0.142074,0.282850,-0.556255,0.357633,0.529255,0.182969,0.762695,0.000000,0.000000,0.000000,0.000000,0.000000,0.000000,0.762695,1.000000
158720,753.556473,755.780,-2.589472,0.024817,-0.566689,1.046522,0.440257,0.182813,0.714844,0.000977,0.000000,0.019531,0.008789,0.000000,0.000977,0.710938,1.000000
159744,760.949370,762.770,0.716604,0.064815,-0.565671,1.013083,0.521780,0.183100,0.689453,0.000977,0.000000,0.001953,0.000000,0.000000,0.000977,0.688477,1.000000
160768,760.949370,762.770,0.547975,0.060466,-0.562350,0.328320,0.549248,0.183045,0.728516,0.000000,0.000000,0.000000,0.000000,0.000000,0.000000,0.728516,1.000000
161792,737.319252,735.440,0.000855,0.016023,-0.564205,0.421030,0.569504,0.183313,0.654297,0.003906,0.000000,0.002930,0.000977,0.000000,0.002930,0.652344,0.964844
162816,740.574812,738.160,0.487906,0.161280,-0.566846,0.250607,0.561621,0.180628,0.660156,0.002930,0.000000,0.006836,0.000000,0.000000,0.002930,0.658203,1.000000
163840,740.574812,738.160,0.539939,0.138431,-0.595403,0.412678,0.368750,0.180336,0.629883,0.000000,0.000000,0.000000,0.000000,0.000000,0.000000,0.629883,1.000000
164864,747.445025,741.890,0.651159,0.005027,-0.593882,0.233306,0.561719,0.178780,0.716797,0.000000,0.000000,0.000000,0.000000,0.000000,0.000000,0.716797,0.154297
165888,747.445025,741.890,0.052425,0.022447,-0.613609,0.396787,0.496875,0.178791,0.716797,0.000000,0.000000,0.000000,0.000000,0.000000,0.000000,0.716797,0.000000
166912,770.372175,762.360,0.278623,0.020168,-0.611939,1.017268,0.525568,0.178899,0.703125,0.000000,0.000000,0.001953,0.000000,0.000000,0.000000,0.703125,0.000000
167936,770.372175,762.360,0.385840,0.016501,-0.611090,0.345138,0.454928,0.178983,0.738281,0.000000,0.000000,0.000000,0.000000,0.000000,0.000000,0.738281,0.000000
168960,771.490510,759.840,0.099342,0.007266,-0.610091,0.412952,0.643359,0.178190,0.684570,0.001953,0.000000,0.000977,0.000000,0.000000,0.000977,0.682617,0.844727
169984,771.490510,759.840,0.208013,0.084275,-0.617385,0.200496,0.543555,0.177195,0.708008,0.000000,0.000000,0.000000,0.000000,0.000000,0.000000,0.708008,1.000000
171008,754.502156,739.510,0.607455,0.004249,-0.639610,0.344806,0.596387,0.174050,0.708984,0.000977,0.000000,0.000977,0.000977,0.000000,0.000977,0.708008,1.000000
172032,754.502156,739.510,0.760724,0.043407,-0.667937,0.680758,0.518382,0.174016,0.727539,0.000000,0.000000,0.000000,0.000000,0.000000,0.000000,0.727539,1.000000
173056,758.376085,740.240,-0.011991,0.009549,-0.663287,0.443401,0.609375,0.174589,0.747070,0.000000,0.000000,0.000000,0.000000,0.000000,0.000000,0.747070,0.369141
174080,758.376085,740.240,-0.217930,0.010191,-0.659053,0.531677,0.579327,0.174737,0.681641,0.000000,0.000000,0.000000,0.000000,0.000000,0.000000,0.681641,0.000000
175104,769.074265,746.910,-0.338344,0.006547,-0.659302,0.827365,0.558173,0.174423,0.699219,0.001953,0.006836,0.000977,0.003906,0.000000,0.001953,0.697266,0.465820
176128,736.356234,711.960,0.448318,0.169642,-0.663173,0.416754,0.361719,0.174352,0.620117,0.003906,0.000000,0.000977,0.000000,0.000000,0.002930,0.617188,0.385742
177152,736.356234,711.960,0.354882,0.186950,-0.670198,0.174864,0.471094,0.171312,0.714844,0.000000,0.000000,0.000000,0.000000,0.000000,0.000000,0.714844,1.000000
178176,758.724445,732.180,0.217179,0.004645,-0.698989,0.247665,0.587402,0.170332,0.583008,0.001953,0.000000,0.005859,0.000000,0.000000,0.001953,0.582031,0.138672
179200,765.848863,737.620,0.052811,0.147599,-0.704994,0.106231,0.465625,0.169902,0.613281,0.002930,0.000000,0.001953,0.000000,0.000000,0.001953,0.612305,0.000977
180224,765.848863,737.620,0.129366,0.178078,-0.714810,0.134126,0.492285,0.168384,0.658203,0.000000,0.000000,0.001953,0.000000,0.000000,0.000000,0.658203,0.000000
181248,784.955946,754.560,0.482601,0.016786,-0.722621,0.331472,0.628418,0.169016,0.643555,0.000977,0.000000,0.001953,0.000000,0.000000,0.000977,0.642578,0.000000
182272,784.955946,754.560,0.548544,0.077272,-0.724056,0.272131,0.487500,0.168749,0.617188,0.000000,0.000000,0.000000,0.000000,0.000000,0.000000,0.617188,0.000000
183296,787.803786,754.510,0.474608,0.004687,-0.737355,0.143991,0.526465,0.166271,0.582031,0.000977,0.000000,0.000977,0.000000,0.000000,0.000977,0.582031,0.165039
184320,748.520483,712.430,0.153803,0.069408,-0.763247,0.116920,0.463867,0.164079,0.602539,0.008789,0.000000,0.011719,0.007812,0.000000,0.005859,0.597656,0.860352
185344,748.520483,712.430,0.594458,0.290006,-0.786241,0.409473,0.485417,0.163606,0.666992,0.000000,0.000000,0.001953,0.000000,0.000000,0.000000,0.666992,1.000000
186368,760.978286,722.760,0.467423,0.004662,-0.792930,0.371074,0.653027,0.161924,0.615234,0.003906,0.000000,0.009766,0.006836,0.000000,0.003906,0.613281,0.575195
187392,760.978286,722.760,0.651091,0.156920,-0.823600,0.279647,0.541309,0.158181,0.585938,0.000000,0.000000,0.011719,0.000000,0.000000,0.000000,0.582031,0.000000
188416,777.676551,735.490,0.249936,0.002198,-0.862970,0.164458,0.539746,0.156889,0.609375,0.000977,0.000000,0.000000,0.000000,0.000000,0.000000,0.608398,0.000000
189440,777.676551,735.490,0.710247,0.008021,-0.873394,0.644575,0.475825,0.157078,0.626953,0.000000,0.000000,0.000000,0.000000,0.000000,0.000000,0.626953,0.000000
190464,780.808835,735.490,0.061644,0.005209,-0.879915,0.427550,0.622363,0.154406,0.638672,0.000977,0.000000,0.000000,0.000000,0.000000,0.000000,0.637695,0.000977
191488,780.808835,735.490,0.619142,0.009959,-0.911791,0.304064,0.549253,0.153411,0.629883,0.000000,0.000000,0.000000,0.000000,0.000000,0.000000,0.629883,0.000000
192512,804.196335,755.960,-0.698814,0.003216,-0.929889,0.272105,0.589063,0.150959,0.657227,0.000977,0.000000,0.000000,0.000000,0.000000,0.000000,0.656250,0.000977
193536,804.196335,755.960,0.374664,0.013592,-0.954585,0.435337,0.536458,0.150477,0.669922,0.000000,0.000000,0.000000,0.000000,0.000000,0.000000,0.669922,0.000000
194560,807.260410,755.960,-1.774395,0.007312,-0.956102,0.797918,0.500000,0.150661,0.697266,0.000000,0.000000,0.000000,0.000000,0.000000,0.000000,0.697266,0.000000
195584,757.569775,704.180,-0.492138,0.008221,-0.951723,0.391984,0.486545,0.151041,0.641602,0.005859,0.000000,0.004883,0.000000,0.000000,0.003906,0.639648,0.706055
196608,731.178940,675.960,0.259606,0.338846,-0.946754,0.350785,0.421224,0.151496,0.588867,0.001953,0.000000,0.000977,0.000000,0.000000,0.001953,0.588867,0.449219
197632,731.178940,675.960,0.202630,0.152969,-0.947175,0.138418,0.473730,0.149315,0.583984,0.000000,0.000000,0.001953,0.000000,0.000000,0.000000,0.583008,0.000000
198656,734.269661,676.180,0.349954,0.002891,-0.981169,0.174549,0.544727,0.147213,0.592773,0.002930,0.000000,0.002930,0.000000,0.000000,0.002930,0.589844,0.173828
199680,734.269661,676.180,0.469140,0.169608,-1.004930,0.328720,0.516979,0.145642,0.594727,0.000000,0.000000,0.000000,0.000000,0.000000,0.000000,0.594727,0.000000
200704,740.720157,679.390,-1.751414,0.003856,-1.032632,0.326221,0.606641,0.143776,0.655273,0.001953,0.000000,0.000977,0.000000,0.000000,0.000977,0.654297,0.527344
201728,717.257706,656.270,0.742886,0.055495,-1.051338,0.491762,0.558284,0.143837,0.682617,0.002930,0.003906,0.011719,0.011719,0.000000,0.001953,0.678711,1.000000
202752,717.146662,654.400,0.705665,0.215414,-1.049019,0.452872,0.400815,0.143916,0.587891,0.002930,0.000000,0.001953,0.000000,0.000000,0.001953,0.585938,0.413086
203776,713.286711,649.730,0.237476,0.173325,-1.046178,0.386867,0.482422,0.144248,0.549805,0.001953,0.000000,0.002930,0.000977,0.000000,0.000977,0.548828,0.039062
204800,713.286711,649.730,0.665399,0.054885,-1.045230,0.188530,0.457422,0.142527,0.567383,0.000000,0.000000,0.000000,0.000000,0.000000,0.000000,0.567383,0.000000
205824,694.094313,628.150,-0.069322,0.003624,-1.063924,0.196700,0.555371,0.142516,0.647461,0.001953,0.000000,0.002930,0.000000,0.000000,0.000000,0.645508,0.000977
206848,694.094313,628.150,0.084151,0.022347,-1.067422,0.339565,0.499442,0.142641,0.641602,0.000000,0.000000,0.000000,0.000000,0.000000,0.000000,0.641602,0.000000
207872,610.055551,548.750,-1.089600,0.012417,-1.064654,0.876422,0.607781,0.142866,0.583008,0.007812,0.003906,0.008789,0.014648,0.000000,0.006836,0.581055,0.338867
208896,610.055551,548.750,0.659852,0.281109,-1.069932,0.349304,0.508960,0.140547,0.504883,0.000000,0.000000,0.000000,0.000000,0.000000,0.000000,0.504883,0.000000
209920,599.463720,539.420,-0.900260,0.002738,-1.107249,0.135107,0.487012,0.138914,0.547852,0.005859,0.000000,0.001953,0.014648,0.000000,0.004883,0.541016,0.255859
210944,603.150063,542.680,0.846350,0.082233,-1.126610,0.333456,0.451239,0.137030,0.620117,0.002930,0.000000,0.002930,0.000977,0.000000,0.002930,0.619141,0.600586
211968,603.150063,542.680,0.745379,0.132105,-1.148997,0.224337,0.366319,0.136901,0.718750,0.000000,0.000000,0.002930,0.000000,0.000000,0.000000,0.717773,0.000000
212992,625.981858,563.090,-2.196046,0.015131,-1.146770,0.394401,0.539819,0.137097,0.666016,0.000000,0.000000,0.000000,0.000000,0.000000,0.000000,0.666016,0.399414
214016,630.081064,567.180,0.683741,0.042565,-1.145634,0.917025,0.477022,0.137153,0.596680,0.000977,0.000000,0.002930,0.000977,0.000000,0.000977,0.595703,0.120117
215040,622.946928,559.440,0.741023,0.057101,-1.142522,0.392325,0.364443,0.137471,0.598633,0.001953,0.000000,0.000977,0.000000,0.000000,0.000977,0.596680,0.005859
216064,602.035261,539.950,0.050661,0.090274,-1.131249,0.142505,0.501953,0.137329,0.446289,0.000977,0.000000,0.002930,0.000977,0.000000,0.000977,0.446289,0.091797
217088,602.035261,539.950,0.799398,0.030786,-1.148984,0.158132,0.439941,0.135694,0.456055,0.000000,0.000000,0.000000,0.000000,0.000000,0.000000,0.456055,0.000000
218112,625.165047,560.280,0.458443,0.011653,-1.180445,0.105899,0.457617,0.133389,0.729492,0.000000,0.000000,0.000000,0.000000,0.000000,0.000000,0.729492,0.908203
219136,632.387724,567.290,0.052493,0.087062,-1.200373,0.570444,0.519345,0.133423,0.669922,0.001953,0.000000,0.000977,0.000977,0.000000,0.000977,0.668945,0.034180
220160,632.387724,567.290,0.748649,0.064659,-1.196484,0.430639,0.506010,0.133799,0.705078,0.000000,0.000000,0.000000,0.000000,0.000000,0.000000,0.705078,0.000000
221184,655.861633,588.340,-1.640420,0.019080,-1.192978,0.785883,0.509191,0.133920,0.596680,0.002930,0.000000,0.006836,0.001953,0.000000,0.002930,0.595703,0.574219
222208,655.861633,588.340,0.849180,0.065320,-1.189629,0.361656,0.440341,0.134153,0.540039,0.000000,0.000000,0.001953,0.000000,0.000000,0.000000,0.539062,0.000000
223232,632.998568,567.870,-0.074312,0.003376,-1.184924,0.166668,0.525781,0.134020,0.532227,0.000977,0.000000,0.000000,0.000000,0.000000,0.000000,0.531250,0.000977
224256,632.998568,567.870,0.537254,0.007170,-1.209933,0.153140,0.525293,0.131125,0.512695,0.000000,0.000000,0.000000,0.000000,0.000000,0.000000,0.512695,0.000000
225280,630.763688,565.840,-0.207935,0.002653,-1.236576,0.208612,0.537695,0.130221,0.554688,0.000977,0.000000,0.000977,0.000000,0.000000,0.000977,0.553711,0.000000
226304,630.763688,565.840,0.438459,0.007984,-1.254183,0.214956,0.553418,0.128959,0.562500,0.000000,0.000000,0.000000,0.000000,0.000000,0.000000,0.562500,0.000000
227328,625.456190,561.040,-1.036141,0.003550,-1.271071,0.341482,0.618066,0.127843,0.671875,0.001953,0.000000,0.003906,0.000000,0.000000,0.001953,0.670898,0.048828
228352,625.456190,561.040,0.103388,0.192392,-1.284998,1.005811,0.529974,0.128052,0.637695,0.000000,0.000000,0.000000,0.000000,0.000000,0.000000,0.637695,0.000000
229376,648.075899,581.370,-2.126145,0.011642,-1.281556,0.542196,0.471726,0.128191,0.677734,0.000000,0.000000,0.000000,0.000000,0.000000,0.000000,0.677734,0.856445
230400,648.075899,581.370,0.310230,0.032640,-1.279534,0.455684,0.540264,0.128264,0.672852,0.000000,0.000000,0.000000,0.000000,0.000000,0.000000,0.672852,1.000000
231424,647.430623,581.370,0.139932,0.021865,-1.279682,0.127347,0.370536,0.128214,0.478516,0.000000,0.000000,0.001953,0.000000,0.000000,0.000000,0.476562,0.143555
232448,639.335944,574.710,0.620086,0.007051,-1.279328,0.214631,0.231534,0.128279,0.469727,0.001953,0.000000,0.000000,0.000000,0.000000,0.000977,0.467773,0.244141
233472,637.959156,573.700,0.612026,0.051724,-1.275097,0.111127,0.443066,0.127853,0.574219,0.004883,0.000000,0.001953,0.000977,0.000000,0.002930,0.571289,0.146484
234496,637.959156,573.700,0.563798,0.120614,-1.285141,0.569178,0.553346,0.127400,0.595703,0.000000,0.000000,0.003906,0.000000,0.000000,0.000000,0.595703,0.000000
235520,631.397304,568.380,-0.688414,0.003399,-1.301428,0.236411,0.560059,0.125653,0.584961,0.001953,0.000000,0.001953,0.000000,0.000000,0.001953,0.583984,0.125977
236544,631.397304,568.380,-0.113482,0.101050,-1.332751,0.323223,0.540137,0.122888,0.669922,0.000000,0.000000,0.000000,0.000000,0.000000,0.000000,0.669922,1.000000
237568,652.795531,588.850,0.207163,0.023127,-1.369517,0.557746,0.586806,0.122589,0.645508,0.000000,0.000000,0.000000,0.000000,0.000000,0.000000,0.645508,0.874023
238592,626.612781,565.290,0.206318,0.010826,-1.374015,0.420627,0.628024,0.121510,0.579102,0.001953,0.000000,0.000977,0.000000,0.000000,0.000977,0.578125,0.000000
239616,626.612781,565.290,0.149081,0.073079,-1.389268,0.358151,0.478516,0.121578,0.572266,0.000000,0.000000,0.000000,0.000000,0.000000,0.000000,0.572266,0.000000
240640,623.922054,563.820,-1.592654,0.008414,-1.386555,0.252711,0.371875,0.121804,0.519531,0.001953,0.000000,0.002930,0.000000,0.000000,0.000977,0.516602,0.000977
241664,637.265688,576.000,0.159677,0.076387,-1.387636,0.202428,0.467773,0.120615,0.515625,0.003906,0.000000,0.003906,0.000977,0.000000,0.002930,0.512695,0.426758
242688,637.265688,576.000,0.430408,0.160952,-1.410035,0.162894,0.503809,0.118548,0.614258,0.000000,0.000000,0.001953,0.000000,0.000000,0.000000,0.613281,0.000000
243712,635.437062,574.900,-0.110249,0.004959,-1.443969,0.224611,0.590625,0.117193,0.622070,0.003906,0.000000,0.006836,0.000000,0.000000,0.001953,0.617188,0.339844
244736,635.437062,574.900,0.276028,0.090200,-1.461215,0.418440,0.564819,0.116412,0.678711,0.000000,0.000000,0.000000,0.000000,0.000000,0.000000,0.678711,1.000000
245760,633.208375,574.680,0.467659,0.012536,-1.476722,0.517838,0.473505,0.116363,0.657227,0.002930,0.000000,0.000977,0.000000,0.000000,0.000977,0.655273,0.695312
246784,618.930946,562.750,0.666678,0.061559,-1.471749,0.443273,0.514741,0.116798,0.560547,0.001953,0.000000,0.000977,0.004883,0.000000,0.001953,0.559570,0.027344
247808,618.930946,562.750,0.556138,0.094076,-1.475536,0.139734,0.477246,0.114786,0.540039,0.000000,0.000000,0.000000,0.000000,0.000000,0.000000,0.540039,0.000000
248832,637.687821,580.120,0.069029,0.002777,-1.505706,0.145739,0.511914,0.114067,0.651367,0.000977,0.000000,0.000000,0.000000,0.000000,0.000977,0.650391,0.770508
249856,605.957387,553.750,0.108842,0.082913,-1.522879,0.451281,0.530882,0.113292,0.647461,0.002930,0.000000,0.006836,0.005859,0.000000,0.001953,0.645508,0.655273
250880,605.957387,553.750,0.814967,0.072641,-1.534989,0.349525,0.540707,0.112855,0.566406,0.000000,0.000000,0.000000,0.000000,0.000000,0.000000,0.566406,0.000000
251904,608.568364,556.660,0.465150,0.009916,-1.539318,0.301060,0.437500,0.112824,0.572266,0.006836,0.000000,0.003906,0.000000,0.000000,0.001953,0.565430,0.341797
252928,592.620844,543.030,0.797563,0.087394,-1.540605,0.306720,0.575879,0.111469,0.580078,0.000977,0.000000,0.000977,0.000000,0.000000,0.000977,0.580078,0.036133
253952,592.620844,543.030,0.944990,0.016767,-1.566404,0.325562,0.491235,0.111482,0.555664,0.000000,0.000000,0.000000,0.000000,0.000000,0.000000,0.555664,0.000000
254976,611.845389,560.510,0.554318,0.008530,-1.563669,0.601713,0.501953,0.111625,0.595703,0.000000,0.000000,0.000000,0.000000,0.000000,0.000000,0.595703,0.963867
256000,611.845389,560.510,0.440248,0.024698,-1.559717,0.648010,0.474554,0.111963,0.651367,0.000000,0.000000,0.000000,0.000000,0.000000,0.000000,0.651367,1.000000
257024,611.469453,560.780,0.517379,0.015432,-1.554655,0.517331,0.509943,0.112162,0.578125,0.000977,0.000000,0.002930,0.000000,0.000000,0.000977,0.576172,0.799805
258048,611.469453,560.780,0.614070,0.075268,-1.550711,0.334452,0.520264,0.112259,0.600586,0.000000,0.000000,0.000000,0.000000,0.000000,0.000000,0.600586,1.000000
259072,636.525397,583.100,0.565885,0.012546,-1.552236,0.272257,0.453664,0.112266,0.510742,0.000977,0.000000,0.002930,0.000000,0.000000,0.000977,0.509766,0.466797
260096,636.604918,583.140,0.479810,0.072664,-1.548640,0.271049,0.541699,0.111976,0.457031,0.000977,0.000000,0.000977,0.000000,0.000000,0.000977,0.456055,0.297852
261120,636.604918,583.140,-0.190425,0.091592,-1.560297,0.147943,0.456348,0.111070,0.405273,0.000000,0.000000,0.000000,0.000000,0.000000,0.000000,0.405273,0.000000
262144,654.327502,598.600,0.639043,0.003640,-1.568623,0.110410,0.472852,0.111306,0.445312,0.002930,0.000000,0.004883,0.000000,0.000000,0.001953,0.444336,0.289062
263168,654.327502,598.600,0.554207,0.100502,-1.569959,0.201644,0.466504,0.109620,0.400391,0.000000,0.000000,0.004883,0.000000,0.000000,0.000000,0.399414,0.000000
264192,648.096480,593.480,0.587069,0.002773,-1.595277,0.129125,0.491406,0.109775,0.441406,0.003906,0.000000,0.000977,0.000000,0.000000,0.000977,0.438477,0.004883
265216,648.096480,593.480,0.289318,0.085408,-1.592637,0.127809,0.499121,0.109003,0.463867,0.000000,0.000000,0.003906,0.000000,0.000000,0.000000,0.460938,1.000000
266240,642.655580,589.180,0.553335,0.007493,-1.618505,0.167539,0.509961,0.107487,0.488281,0.003906,0.000000,0.008789,0.002930,0.000000,0.002930,0.485352,1.000000
267264,646.944105,593.170,0.632075,0.134745,-1.635371,0.187110,0.473047,0.106826,0.448242,0.000977,0.000000,0.002930,0.000000,0.000000,0.000977,0.447266,0.011719
268288,646.944105,593.170,0.711862,0.027743,-1.645229,0.271473,0.459144,0.107108,0.468750,0.000000,0.000000,0.000000,0.000000,0.000000,0.000000,0.468750,0.000000
269312,672.546391,616.510,0.492483,0.002646,-1.654097,0.179080,0.514551,0.105708,0.553711,0.000977,0.000000,0.002930,0.000000,0.000000,0.000977,0.552734,0.480469
270336,672.546391,616.510,0.476419,0.082819,-1.669478,0.615269,0.575827,0.105748,0.577148,0.000000,0.000000,0.000000,0.000000,0.000000,0.000000,0.577148,1.000000
271360,695.525197,636.980,0.524738,0.010160,-1.670270,0.430327,0.469531,0.105800,0.540039,0.000000,0.000000,0.000000,0.000000,0.000000,0.000000,0.540039,1.000000
272384,703.742213,644.060,0.688001,0.007026,-1.667596,0.812813,0.526786,0.105844,0.517578,0.001953,0.000000,0.001953,0.000000,0.000000,0.001953,0.515625,0.277344
273408,691.783319,634.160,0.340461,0.141318,-1.678220,0.204854,0.547656,0.103854,0.498047,0.001953,0.000000,0.000977,0.000000,0.000000,0.000977,0.497070,0.000977
274432,691.783319,634.160,0.327518,0.102323,-1.705444,0.648711,0.442096,0.103974,0.517578,0.000000,0.000000,0.000000,0.000000,0.000000,0.000000,0.517578,0.000000
275456,711.879613,652.960,0.520983,0.019050,-1.700127,0.585026,0.607955,0.104324,0.549805,0.001953,0.000000,0.000000,0.000000,0.000000,0.000977,0.548828,0.517578
276480,711.879613,652.960,0.751634,0.062547,-1.696772,0.381187,0.522569,0.104268,0.600586,0.000000,0.000000,0.000000,0.000000,0.000000,0.000000,0.600586,1.000000
277504,734.686251,673.350,0.625500,0.007814,-1.695862,0.582436,0.602300,0.104589,0.558594,0.000000,0.000000,0.000000,0.000000,0.000000,0.000000,0.558594,0.482422
278528,744.129058,682.310,0.813980,0.006875,-1.693276,0.779413,0.581582,0.103897,0.473633,0.000000,0.012695,0.000000,0.022461,0.000000,0.000000,0.460938,0.589844
279552,744.129058,682.310,0.724926,0.082286,-1.712214,0.225441,0.482129,0.102624,0.446289,0.000000,0.000000,0.001953,0.000000,0.000000,0.000000,0.444336,1.000000
280576,767.028968,702.590,0.653160,0.003893,-1.734110,0.132447,0.508203,0.101939,0.428711,0.000977,0.000000,0.000000,0.000000,0.000000,0.000000,0.427734,0.999023
281600,776.518709,711.240,0.825342,0.005971,-1.742847,0.140959,0.503320,0.101804,0.479492,0.001953,0.000000,0.001953,0.000977,0.000000,0.001953,0.478516,0.813477
282624,776.518709,711.240,0.127032,0.147610,-1.742906,0.155750,0.481641,0.101399,0.479492,0.000000,0.000000,0.000000,0.000000,0.000000,0.000000,0.479492,0.000000
283648,773.995834,708.750,0.518247,0.006379,-1.755338,0.348180,0.495046,0.101430,0.442383,0.000977,0.000000,0.000000,0.000000,0.000000,0.000000,0.441406,0.000977
284672,750.501200,687.630,0.840055,0.005767,-1.752552,0.428983,0.590745,0.101532,0.563477,0.002930,0.000000,0.001953,0.015625,0.000000,0.002930,0.562500,0.021484
285696,731.158608,670.600,0.576720,0.166655,-1.752238,0.301619,0.487571,0.101631,0.520508,0.002930,0.000000,0.001953,0.000000,0.000000,0.002930,0.518555,0.015625
286720,724.505136,664.490,0.031941,0.168500,-1.750502,0.426169,0.460648,0.101742,0.506836,0.001953,0.000000,0.004883,0.000000,0.000000,0.001953,0.504883,0.751953
287744,724.505136,664.490,0.130747,0.155620,-1.749054,0.297730,0.559912,0.100812,0.482422,0.000000,0.000000,0.000000,0.000000,0.000000,0.000000,0.482422,1.000000
288768,743.449862,681.640,0.455657,0.004349,-1.766197,0.906956,0.536082,0.100923,0.533203,0.001953,0.000000,0.003906,0.000000,0.000000,0.001953,0.533203,0.883789
289792,743.449862,681.640,0.110611,0.153830,-1.766294,0.265303,0.565137,0.099727,0.453125,0.000000,0.000000,0.000000,0.000000,0.000000,0.000000,0.453125,0.000000
290816,763.854212,699.130,0.208416,0.005305,-1.790824,0.287974,0.591504,0.099056,0.420898,0.000000,0.000000,0.000000,0.000000,0.000000,0.000000,0.420898,0.000000
291840,746.320773,683.400,0.499449,0.003657,-1.812031,0.238180,0.583594,0.097409,0.476562,0.001953,0.000000,0.004883,0.000000,0.000000,0.001953,0.474609,0.000000
292864,716.896733,656.980,0.118116,0.101498,-1.839444,0.164063,0.518066,0.096747,0.439453,0.003906,0.000000,0.001953,0.000000,0.000000,0.001953,0.435547,0.001953
293888,716.896733,656.980,0.251828,0.179593,-1.852686,0.189061,0.510840,0.095690,0.425781,0.000000,0.000000,0.000000,0.000000,0.000000,0.000000,0.425781,0.000000
294912,714.720589,654.710,-0.176416,0.002749,-1.875644,0.292322,0.571927,0.095609,0.489258,0.000977,0.000000,0.000977,0.000000,0.000000,0.000977,0.489258,0.000000
295936,714.720589,654.710,-0.052865,0.119536,-1.874603,0.726022,0.490349,0.095614,0.503906,0.000000,0.000000,0.000000,0.000000,0.000000,0.000000,0.503906,0.000000
296960,715.978436,654.710,-0.615607,0.011755,-1.874859,0.407153,0.543642,0.095658,0.540039,0.000000,0.000000,0.000000,0.000000,0.000000,0.000000,0.540039,0.000000
297984,715.978436,654.710,-0.336169,0.012761,-1.871962,0.584301,0.553416,0.095809,0.552734,0.000000,0.000000,0.000000,0.000000,0.000000,0.000000,0.552734,0.000000
299008,722.072425,660.310,-1.097458,0.009903,-1.867168,0.476688,0.588315,0.096208,0.472656,0.000977,0.000000,0.000977,0.000000,0.000000,0.000977,0.471680,0.919922
300032,728.634204,665.880,0.473119,0.055834,-1.866076,0.273476,0.553418,0.094983,0.537109,0.000977,0.000000,0.000977,0.000000,0.000000,0.000977,0.537109,1.000000
301056,728.634204,665.880,0.473437,0.089729,-1.889363,0.683116,0.450781,0.094959,0.590820,0.000000,0.000000,0.000000,0.000000,0.000000,0.000000,0.590820,1.000000
302080,732.189129,667.160,-0.280866,0.009728,-1.884010,0.538925,0.591016,0.095423,0.367188,0.003906,0.000000,0.000000,0.000000,0.000000,0.000977,0.363281,0.134766
303104,732.189129,667.160,0.366962,0.089056,-1.871574,0.181725,0.484082,0.095448,0.427734,0.000000,0.000000,0.000000,0.000000,0.000000,0.000000,0.427734,0.000000
304128,754.792436,686.670,-1.359385,0.010552,-1.880266,0.486759,0.583426,0.095296,0.424805,0.000000,0.000000,0.000000,0.000000,0.000000,0.000000,0.424805,0.070312
305152,754.792436,686.670,-0.284216,0.004953,-1.893085,0.815772,0.622699,0.093812,0.417969,0.000000,0.000000,0.000000,0.000000,0.000000,0.000000,0.417969,1.000000
306176,778.606553,707.130,0.602761,0.005017,-1.922402,0.190432,0.535840,0.092545,0.390625,0.000000,0.000000,0.000000,0.000000,0.000000,0.000000,0.390625,0.929688
307200,778.606553,707.130,0.570058,0.003436,-1.939529,0.203968,0.571777,0.092346,0.392578,0.000000,0.000000,0.000000,0.000000,0.000000,0.000000,0.392578,0.000000
308224,779.346244,705.710,0.269471,0.002820,-1.961668,0.212061,0.566504,0.090155,0.356445,0.001953,0.000000,0.001953,0.000977,0.000000,0.001953,0.355469,0.009766
309248,779.346244,705.710,0.750142,0.030468,-1.996526,0.259799,0.450068,0.089964,0.376953,0.000000,0.000000,0.004883,0.000000,0.000000,0.000000,0.375000,0.000000
310272,775.439564,701.020,0.374687,0.003460,-2.015126,0.399224,0.641602,0.087938,0.401367,0.001953,0.000000,0.001953,0.000000,0.000000,0.001953,0.400391,0.000000
311296,775.439564,701.020,0.023794,0.213176,-2.047027,0.324585,0.567300,0.087575,0.405273,0.000000,0.000000,0.000000,0.000000,0.000000,0.000000,0.405273,0.000000
312320,798.933255,721.490,-1.000647,0.004644,-2.052174,0.358439,0.553223,0.087628,0.458984,0.000000,0.000000,0.000000,0.000000,0.000000,0.000000,0.458984,0.000000
313344,798.933255,721.490,-0.430923,0.003930,-2.059459,0.488689,0.598257,0.086580,0.449219,0.000000,0.000000,0.000000,0.000000,0.000000,0.000000,0.449219,0.000000
314368,812.162571,733.010,0.012906,0.005813,-2.078135,0.371243,0.519531,0.086488,0.413086,0.001953,0.000000,0.005859,0.000000,0.000000,0.001953,0.411133,0.114258
315392,789.044383,711.210,0.223397,0.187780,-2.076214,0.326745,0.515625,0.086595,0.351562,0.002930,0.000000,0.003906,0.000977,0.000000,0.001953,0.349609,1.000000
316416,808.170796,727.560,0.633178,0.121299,-2.074499,0.286204,0.402980,0.086844,0.377930,0.001953,0.000977,0.005859,0.000000,0.000000,0.001953,0.375977,0.462891
317440,815.112812,733.800,0.194958,0.179858,-2.066304,0.406677,0.495908,0.086889,0.429688,0.000977,0.000000,0.000977,0.000000,0.000000,0.000977,0.428711,0.676758
318464,815.112812,733.800,0.455552,0.080957,-2.065729,0.466744,0.619174,0.086795,0.505859,0.000000,0.000000,0.000000,0.000000,0.000000,0.000000,0.505859,1.000000
319488,816.677846,733.790,0.671409,0.006699,-2.072746,0.469364,0.467262,0.086698,0.480469,0.002930,0.000000,0.000977,0.000000,0.000000,0.001953,0.477539,0.353516
320512,816.677846,733.790,0.191515,0.118731,-2.071081,4.806045,0.523148,0.086755,0.447266,0.000000,0.000000,0.000000,0.000000,0.000000,0.000000,0.447266,0.000000
321536,831.604788,746.640,0.265316,0.006871,-2.072479,0.462146,0.554948,0.086592,0.413086,0.000977,0.000000,0.000977,0.000000,0.000000,0.000977,0.412109,0.090820
322560,831.604788,746.640,0.346537,0.092952,-2.072196,0.365481,0.542411,0.086878,0.421875,0.000000,0.000000,0.000000,0.000000,0.000000,0.000000,0.421875,0.000000
323584,824.623204,738.470,0.339063,0.006850,-2.070225,0.328824,0.449424,0.086784,0.381836,0.001953,0.000000,0.000977,0.000000,0.000000,0.000977,0.380859,0.553711
324608,830.466735,743.710,0.725369,0.052182,-2.067263,0.327869,0.583301,0.086534,0.452148,0.000000,0.003906,0.002930,0.007812,0.000000,0.000000,0.451172,1.000000
325632,830.466735,743.710,0.763159,0.075572,-2.076306,0.221943,0.395255,0.086644,0.516602,0.000000,0.000000,0.000000,0.000000,0.000000,0.000000,0.516602,1.000000
326656,830.946992,743.790,0.543742,0.008914,-2.069795,0.282118,0.499023,0.086998,0.332031,0.002930,0.000000,0.002930,0.000000,0.000000,0.001953,0.329102,0.319336
327680,844.505606,756.140,0.685260,0.074143,-2.066111,0.243009,0.502075,0.086361,0.292969,0.000977,0.000000,0.005859,0.000000,0.000000,0.000977,0.291016,0.000000
328704,850.780256,761.770,0.135647,0.101140,-2.087561,0.120752,0.469336,0.085369,0.459961,0.000977,0.000000,0.000977,0.000000,0.000000,0.000977,0.458984,0.000000
329728,850.780256,761.770,0.285480,0.077845,-2.099566,0.416960,0.599580,0.085308,0.465820,0.000000,0.000000,0.000000,0.000000,0.000000,0.000000,0.465820,0.000000
330752,871.823685,780.990,0.567228,0.004478,-2.104228,0.304565,0.514960,0.085251,0.329102,0.000000,0.000000,0.000000,0.000000,0.000000,0.000000,0.329102,0.921875
331776,837.582167,749.670,0.665073,0.015867,-2.096962,0.238593,0.544629,0.085823,0.348633,0.003906,0.000000,0.004883,0.000000,0.000000,0.002930,0.344727,0.246094
332800,837.582167,749.670,-0.026472,0.300747,-2.091912,0.313360,0.457217,0.085702,0.294922,0.000000,0.000000,0.001953,0.000000,0.000000,0.000000,0.293945,0.000000
333824,805.450447,720.690,0.645353,0.003934,-2.100942,0.177403,0.546289,0.084694,0.375977,0.006836,0.000000,0.003906,0.007812,0.000000,0.002930,0.372070,0.699219
334848,784.899833,702.500,0.545499,0.200682,-2.125313,0.209460,0.500684,0.083464,0.307617,0.001953,0.000000,0.000977,0.000977,0.000000,0.000977,0.305664,0.190430
335872,784.899833,702.500,0.808077,0.039392,-2.153113,0.231295,0.514844,0.082649,0.300781,0.000000,0.000000,0.000000,0.000000,0.000000,0.000000,0.300781,0.000000
336896,808.201935,722.970,0.659546,0.002585,-2.175314,0.276895,0.591211,0.081470,0.316406,0.000000,0.000000,0.000000,0.000000,0.000000,0.000000,0.316406,0.000000
337920,808.201935,722.970,0.123289,0.007947,-2.199793,0.191605,0.563281,0.080679,0.366211,0.000000,0.000000,0.000000,0.000000,0.000000,0.000000,0.366211,0.000000
338944,826.932331,739.290,0.451103,0.002523,-2.220821,0.252711,0.584277,0.079909,0.488281,0.000977,0.000000,0.001953,0.000000,0.000000,0.000000,0.487305,0.808594
339968,826.932331,739.290,0.542168,0.019083,-2.235923,0.562216,0.541466,0.079938,0.489258,0.000000,0.000000,0.000000,0.000000,0.000000,0.000000,0.489258,1.000000
340992,837.565474,748.780,0.380528,0.011681,-2.233420,0.392128,0.559375,0.080051,0.373047,0.000000,0.000000,0.002930,0.000000,0.000000,0.000000,0.373047,0.192383
342016,852.568467,761.520,-0.363514,0.005355,-2.235649,0.349670,0.592285,0.079242,0.320312,0.002930,0.000000,0.009766,0.009766,0.000000,0.001953,0.317383,0.745117
343040,852.568467,761.520,0.537128,0.161660,-2.253766,0.242259,0.541309,0.078691,0.356445,0.000000,0.000000,0.000000,0.000000,0.000000,0.000000,0.356445,0.000000
344064,848.210560,757.380,0.017689,0.003920,-2.268002,0.306994,0.316406,0.078682,0.338867,0.000977,0.000000,0.001953,0.000000,0.000000,0.000000,0.337891,0.026367
345088,818.063406,730.460,0.123241,0.014228,-2.282375,0.332065,0.599121,0.076896,0.319336,0.003906,0.003906,0.014648,0.000000,0.000000,0.003906,0.315430,0.648438
346112,808.153650,721.370,0.343103,0.292716,-2.316838,0.725346,0.522640,0.076590,0.497070,0.000000,0.000000,0.012695,0.003906,0.000000,0.000000,0.496094,1.000000
347136,808.153650,721.370,0.765060,0.094935,-2.322237,0.330534,0.499512,0.076623,0.512695,0.000000,0.000000,0.001953,0.000000,0.000000,0.000000,0.510742,1.000000
348160,810.061841,722.970,0.549765,0.011590,-2.318810,0.443123,0.583496,0.076785,0.428711,0.000977,0.000000,0.000000,0.004883,0.000000,0.000977,0.428711,1.000000
349184,810.061841,722.970,0.810704,0.044861,-2.315784,0.366595,0.464375,0.076848,0.458984,0.000000,0.000000,0.000000,0.000000,0.000000,0.000000,0.458984,1.000000
350208,832.186347,743.440,0.539762,0.007654,-2.312422,0.578333,0.558125,0.077075,0.307617,0.000000,0.000000,0.000000,0.000000,0.000000,0.000000,0.307617,1.000000
351232,776.219978,693.110,0.542297,0.010984,-2.301495,0.209751,0.534863,0.077490,0.437500,0.004883,0.000000,0.007812,0.004883,0.000000,0.001953,0.432617,0.489258
352256,765.574794,683.720,0.819144,0.072465,-2.304886,0.351572,0.560449,0.076349,0.381836,0.001953,0.000000,0.002930,0.000000,0.000000,0.000977,0.379883,0.000977
353280,765.574794,683.720,0.018559,0.120020,-2.329613,0.333389,0.434375,0.076349,0.323242,0.000000,0.000000,0.000000,0.000000,0.000000,0.000000,0.323242,0.000000
354304,782.426221,698.590,0.479924,0.003916,-2.326812,0.261079,0.582910,0.075951,0.234375,0.000977,0.000000,0.002930,0.000000,0.000000,0.000977,0.233398,0.000000
355328,793.908103,708.460,-0.033543,0.098765,-2.345233,0.128221,0.463477,0.075280,0.355469,0.000977,0.000000,0.000000,0.000000,0.000000,0.000977,0.355469,0.722656
356352,811.123865,724.780,0.179426,0.095606,-2.361689,0.411478,0.609082,0.074247,0.412109,0.000977,0.000000,0.000977,0.000977,0.000000,0.000977,0.412109,1.000000
357376,790.414285,706.030,0.797422,0.055361,-2.385930,0.412326,0.485978,0.074275,0.361328,0.005859,0.000000,0.002930,0.000000,0.000000,0.003906,0.357422,0.446289
358400,790.414285,706.030,0.619168,0.223604,-2.382947,0.526091,0.527455,0.074120,0.414062,0.000000,0.000000,0.000000,0.000000,0.000000,0.000000,0.414062,0.000000
359424,792.036075,707.240,0.354647,0.012012,-2.390583,0.373985,0.513281,0.074042,0.377930,0.000000,0.007812,0.000000,0.007812,0.000000,0.000000,0.375977,0.076172
360448,792.036075,707.240,0.677626,0.083054,-2.388066,0.474733,0.540454,0.074067,0.468750,0.000000,0.000000,0.001953,0.000000,0.000000,0.000000,0.467773,0.000000
361472,792.173214,707.240,-0.730036,0.006338,-2.390108,0.630225,0.416667,0.074040,0.399414,0.000000,0.000000,0.005859,0.000000,0.000000,0.000000,0.396484,0.049805
362496,789.665702,705.340,0.172287,0.005669,-2.389159,0.514506,0.552557,0.074126,0.437500,0.000977,0.007812,0.002930,0.021484,0.000000,0.000977,0.432617,1.000000
363520,789.665702,705.340,0.868523,0.044466,-2.384409,0.755779,0.597133,0.074166,0.408203,0.000000,0.000000,0.000000,0.000000,0.000000,0.000000,0.408203,1.000000
364544,804.554058,720.510,0.775005,0.010306,-2.384655,0.612882,0.561910,0.074313,0.233398,0.003906,0.000000,0.005859,0.000977,0.000000,0.003906,0.231445,0.663086
365568,798.712233,715.160,0.876591,0.058596,-2.392229,0.295188,0.552344,0.072891,0.246094,0.000977,0.000000,0.003906,0.000000,0.000000,0.000977,0.245117,0.080078
366592,724.655824,649.640,0.170552,0.090746,-2.431185,0.142907,0.496387,0.071957,0.366211,0.005859,0.001953,0.004883,0.015625,0.000000,0.003906,0.358398,0.279297
367616,724.655824,649.640,0.798251,0.128920,-2.453231,0.310639,0.548340,0.071187,0.480469,0.000000,0.000000,0.000000,0.000000,0.000000,0.000000,0.480469,0.000000
368640,738.436419,662.990,0.568282,0.006812,-2.469761,0.491148,0.599294,0.071234,0.384766,0.000000,0.006836,0.003906,0.013672,0.000000,0.000000,0.378906,0.097656
369664,738.436419,662.990,0.630773,0.105081,-2.466969,0.509405,0.480945,0.071479,0.249023,0.000000,0.000000,0.008789,0.000000,0.000000,0.000000,0.246094,0.000000
370688,712.394126,640.730,-0.114418,0.006145,-2.459535,0.209093,0.581055,0.071476,0.265625,0.002930,0.017578,0.012695,0.011719,0.000000,0.002930,0.251953,0.131836
371712,712.394126,640.730,0.741126,0.139025,-2.471842,0.169443,0.504492,0.070212,0.243164,0.000000,0.000000,0.000000,0.000000,0.000000,0.000000,0.243164,0.000000
372736,713.648189,642.180,0.453441,0.003331,-2.502256,0.273917,0.576172,0.069814,0.261719,0.001953,0.000000,0.001953,0.000000,0.000000,0.001953,0.259766,0.140625
373760,713.648189,642.180,0.481620,0.121482,-2.517077,0.340775,0.574707,0.069142,0.261719,0.000000,0.000000,0.000000,0.000000,0.000000,0.000000,0.261719,0.000000
374784,695.105633,626.850,-0.379784,0.003172,-2.540118,0.259846,0.571484,0.068184,0.288086,0.001953,0.000000,0.000000,0.000000,0.000000,0.000977,0.287109,0.346680
375808,695.105633,626.850,0.806907,0.055573,-2.560068,0.331329,0.385237,0.068209,0.349609,0.000000,0.000000,0.000000,0.000000,0.000000,0.000000,0.349609,1.000000
376832,689.316012,623.920,0.642157,0.025003,-2.557087,0.496249,0.530048,0.068331,0.328125,0.005859,0.008789,0.002930,0.013672,0.000000,0.003906,0.319336,0.999023
377856,689.316012,623.920,0.816330,0.129561,-2.553669,0.259282,0.492746,0.068438,0.374023,0.000000,0.000000,0.000000,0.000000,0.000000,0.000000,0.374023,1.000000
378880,659.211295,600.470,0.815274,0.017702,-2.551741,0.410822,0.444661,0.068470,0.344727,0.005859,0.000000,0.007812,0.003906,0.000000,0.004883,0.339844,0.957031
379904,641.390474,584.780,0.626289,0.225399,-2.550426,0.434143,0.484809,0.068501,0.344727,0.001953,0.000000,0.001953,0.016602,0.000000,0.001953,0.337891,0.007812
380928,641.390474,584.780,0.347545,0.145844,-2.547911,0.481309,0.531836,0.068571,0.384766,0.000000,0.000000,0.000000,0.000000,0.000000,0.000000,0.384766,0.000000
381952,639.376019,583.860,-0.368725,0.009585,-2.549747,0.824082,0.580966,0.068588,0.415039,0.000977,0.000000,0.000977,0.000000,0.000000,0.000977,0.414062,0.537109
382976,642.155549,587.490,0.627373,0.023290,-2.548858,0.445134,0.535156,0.068591,0.309570,0.002930,0.000000,0.000000,0.002930,0.000000,0.000977,0.306641,0.653320
384000,642.155549,587.490,0.754219,0.069902,-2.548354,0.098074,0.293945,0.068609,0.203125,0.000000,0.000000,0.000000,0.000000,0.000000,0.000000,0.203125,0.000000
385024,645.070379,590.040,0.553168,0.004737,-2.546361,0.198822,0.557617,0.068324,0.247070,0.002930,0.000000,0.003906,0.008789,0.000000,0.002930,0.243164,0.097656
386048,605.745927,554.500,0.303887,0.234094,-2.550556,0.309119,0.577235,0.068222,0.236328,0.002930,0.000000,0.002930,0.000977,0.000000,0.002930,0.233398,0.157227
387072,605.745927,554.500,0.879341,0.057617,-2.562445,0.274221,0.543457,0.067437,0.222656,0.000000,0.000000,0.000000,0.000000,0.000000,0.000000,0.222656,0.000000
388096,598.446895,547.660,0.491322,0.002957,-2.584388,0.181252,0.554785,0.067133,0.230469,0.006836,0.000000,0.008789,0.003906,0.000000,0.004883,0.224609,0.076172
389120,598.446895,547.660,0.587577,0.318619,-2.594682,0.514552,0.368056,0.067090,0.211914,0.000000,0.000000,0.002930,0.000000,0.000000,0.000000,0.210938,0.000000
390144,610.982245,558.970,0.288275,0.004087,-2.594895,0.243940,0.602930,0.066536,0.212891,0.004883,0.000000,0.002930,0.000000,0.000000,0.004883,0.209961,0.301758
391168,610.982245,558.970,0.614935,0.221967,-2.618297,0.282747,0.541895,0.065563,0.150391,0.000000,0.000000,0.000000,0.000000,0.000000,0.000000,0.150391,0.000000
392192,587.606644,539.490,0.764686,0.004690,-2.648325,0.174109,0.551270,0.065013,0.239258,0.001953,0.000000,0.003906,0.016602,0.000000,0.000977,0.231445,0.099609
393216,554.732394,510.500,0.658472,0.176810,-2.658228,0.248786,0.398750,0.065085,0.288086,0.001953,0.000000,0.001953,0.000977,0.000000,0.001953,0.287109,0.009766
394240,554.732394,510.500,0.553316,0.112695,-2.655433,0.468919,0.400136,0.065189,0.291016,0.000000,0.000000,0.000000,0.000000,0.000000,0.000000,0.291016,0.000000
395264,482.381741,444.140,0.592826,0.017000,-2.652776,0.470798,0.476974,0.065254,0.280273,0.012695,0.011719,0.011719,0.030273,0.000000,0.006836,0.265625,0.903320
396288,487.148099,448.870,0.831389,0.194072,-2.650023,0.363322,0.397236,0.065338,0.301758,0.002930,0.000000,0.003906,0.004883,0.000000,0.002930,0.301758,0.260742
397312,487.148099,448.870,0.872176,0.081511,-2.644656,0.616374,0.588315,0.065457,0.323242,0.000000,0.000000,0.001953,0.000000,0.000000,0.000000,0.322266,0.000000
398336,499.816614,460.690,0.779466,0.015147,-2.645784,0.479317,0.508681,0.065485,0.228516,0.000977,0.000000,0.000977,0.000977,0.000000,0.000977,0.228516,0.246094
399360,499.816614,460.690,0.940100,0.020182,-2.640520,0.888841,0.569829,0.065531,0.206055,0.000000,0.000000,0.000000,0.000000,0.000000,0.000000,0.206055,0.000000
400384,475.627983,438.860,0.770147,0.003308,-2.647706,0.271976,0.603223,0.065005,0.227539,0.001953,0.000000,0.005859,0.007812,0.000000,0.001953,0.224609,0.188477
401408,475.627983,438.860,0.840016,0.046815,-2.664784,0.356701,0.551675,0.064253,0.179688,0.000000,0.000000,0.000000,0.000000,0.000000,0.000000,0.179688,0.000000
402432,495.412038,456.530,0.824880,0.002757,-2.684951,0.175423,0.559375,0.064049,0.238281,0.002930,0.000000,0.002930,0.000000,0.000000,0.000977,0.235352,0.237305
403456,495.412038,456.530,0.420852,0.158888,-2.691367,0.355827,0.360054,0.064075,0.198242,0.000000,0.000000,0.000000,0.000000,0.000000,0.000000,0.198242,1.000000
404480,512.580780,472.650,0.699460,0.020756,-2.679786,0.275639,0.592969,0.064326,0.232422,0.000000,0.000000,0.000000,0.000000,0.000000,0.000000,0.232422,1.000000
405504,512.580780,472.650,0.805044,0.022117,-2.690097,0.221028,0.576758,0.063443,0.244141,0.000000,0.000000,0.002930,0.000000,0.000000,0.000000,0.244141,1.000000
406528,533.198654,491.900,0.818325,0.027624,-2.701731,0.320586,0.538830,0.063666,0.266602,0.000977,0.000000,0.000000,0.003906,0.000000,0.000977,0.266602,1.000000
407552,467.456746,432.620,0.847688,0.032339,-2.695814,0.386596,0.575974,0.063475,0.308594,0.006836,0.000000,0.009766,0.029297,0.000000,0.005859,0.291992,0.774414
408576,451.015562,419.350,0.248344,0.550732,-2.707992,0.424191,0.470080,0.063293,0.266602,0.006836,0.009766,0.014648,0.039062,0.000000,0.004883,0.247070,0.907227
409600,451.015562,419.350,0.584785,0.271155,-2.712126,0.260068,0.520898,0.062670,0.213867,0.000000,0.000000,0.000000,0.000000,0.000000,0.000000,0.213867,1.000000
410624,472.605655,439.570,0.764342,0.008962,-2.736350,0.153014,0.537109,0.062008,0.227539,0.000000,0.000000,0.001953,0.009766,0.000000,0.000000,0.224609,0.502930
411648,436.335242,407.380,0.562779,0.020750,-2.748983,0.283883,0.583203,0.061881,0.270508,0.002930,0.000000,0.000000,0.000000,0.000000,0.000977,0.267578,0.875977
412672,436.335242,407.380,0.647382,0.058964,-2.764150,0.337508,0.568164,0.060828,0.256836,0.000000,0.000000,0.000000,0.000000,0.000000,0.000000,0.256836,1.000000
413696,418.164459,392.460,0.852138,0.004596,-2.793093,0.281409,0.577294,0.060703,0.265625,0.003906,0.000000,0.001953,0.020508,0.000000,0.002930,0.260742,0.458008
414720,418.164459,392.460,0.496361,0.259311,-2.794837,0.375550,0.512977,0.060768,0.217773,0.000000,0.000000,0.000000,0.000000,0.000000,0.000000,0.217773,1.000000
415744,440.041886,412.930,0.717998,0.006872,-2.791213,0.208673,0.557520,0.060726,0.224609,0.000000,0.000000,0.000000,0.000000,0.000000,0.000000,0.224609,1.000000
416768,440.041886,412.930,0.828399,0.004705,-2.804936,0.412142,0.529593,0.059975,0.267578,0.000000,0.000000,0.000000,0.000000,0.000000,0.000000,0.267578,1.000000
417792,433.103020,404.980,0.708294,0.014711,-2.829229,0.263256,0.578516,0.059284,0.260742,0.003906,0.002930,0.007812,0.016602,0.000000,0.001953,0.248047,0.694336
418816,433.103020,404.980,0.564088,0.153198,-2.845903,0.503616,0.461957,0.059289,0.269531,0.000000,0.000000,0.000000,0.000000,0.000000,0.000000,0.269531,1.000000
419840,454.068929,423.510,0.840324,0.003803,-2.851968,0.376710,0.621387,0.058369,0.184570,0.000000,0.000000,0.000000,0.000000,0.000000,0.000000,0.184570,0.342773
420864,447.214805,415.120,0.709711,0.008739,-2.874801,0.342328,0.513636,0.058426,0.262695,0.008789,0.000000,0.007812,0.006836,0.000000,0.002930,0.254883,0.365234
421888,447.214805,415.120,0.687526,0.195834,-2.871690,0.775230,0.463542,0.058490,0.306641,0.000000,0.000000,0.000000,0.000000,0.000000,0.000000,0.306641,0.000000
422912,464.886852,430.940,0.484944,0.024993,-2.869310,1.679715,0.557904,0.058566,0.320312,0.000000,0.000000,0.002930,0.000000,0.000000,0.000000,0.319336,0.453125
423936,464.886852,430.940,0.832020,0.016980,-2.866355,1.170349,0.477022,0.058654,0.257812,0.000000,0.000000,0.001953,0.000000,0.000000,0.000000,0.256836,1.000000
424960,464.916818,430.940,0.514505,0.006723,-2.860883,0.758516,0.569490,0.058657,0.309570,0.000000,0.000000,0.000000,0.000000,0.000000,0.000000,0.309570,1.000000
425984,464.916818,430.940,0.881688,0.012208,-2.863619,0.381790,0.495625,0.058696,0.411133,0.000000,0.000000,0.002930,0.000000,0.000000,0.000000,0.409180,1.000000
427008,480.418645,443.450,0.664053,0.014405,-2.862025,0.787821,0.542969,0.058766,0.406250,0.000977,0.000000,0.001953,0.000000,0.000000,0.000977,0.405273,0.587891
428032,461.569231,426.910,0.426312,0.130359,-2.859111,0.575616,0.535714,0.058869,0.220703,0.002930,0.000000,0.001953,0.001953,0.000000,0.001953,0.218750,1.000000
429056,473.659915,437.370,0.722796,0.081048,-2.863549,0.289445,0.523242,0.057824,0.259766,0.005859,0.001953,0.000977,0.007812,0.000000,0.002930,0.253906,0.938477
430080,452.214358,418.770,0.514627,0.232200,-2.895880,0.281447,0.510851,0.057418,0.244141,0.005859,0.000000,0.002930,0.000977,0.000000,0.002930,0.239258,0.684570
431104,452.214358,418.770,0.389877,0.224880,-2.907459,0.596874,0.583097,0.057444,0.270508,0.000000,0.000000,0.000000,0.000000,0.000000,0.000000,0.270508,0.000000
432128,460.249400,425.680,0.556872,0.014296,-2.902457,0.440417,0.545718,0.057622,0.294922,0.001953,0.000000,0.001953,0.000000,0.000000,0.001953,0.292969,0.014648
433152,469.795006,434.240,0.634532,0.121021,-2.895487,0.507660,0.523237,0.057807,0.285156,0.000977,0.000000,0.000977,0.000000,0.000000,0.000977,0.285156,0.166016
434176,469.795006,434.240,0.417840,0.097032,-2.888710,0.997696,0.518689,0.057988,0.342773,0.000000,0.000000,0.000000,0.000000,0.000000,0.000000,0.342773,1.000000
435200,492.550389,454.050,0.799383,0.012284,-2.885157,0.461163,0.423611,0.058080,0.363281,0.000000,0.000000,0.000000,0.000000,0.000000,0.000000,0.363281,1.000000
436224,501.070212,461.490,0.893444,0.011741,-2.881644,0.347706,0.463778,0.058154,0.239258,0.001953,0.000000,0.003906,0.000000,0.000000,0.001953,0.237305,0.648438
437248,501.070212,461.490,0.541178,0.116531,-2.882662,0.312721,0.550879,0.057476,0.208984,0.000000,0.000000,0.000000,0.000000,0.000000,0.000000,0.208984,1.000000
438272,496.552628,457.320,0.846125,0.004903,-2.910075,0.195227,0.558594,0.056997,0.334961,0.001953,0.000000,0.001953,0.000977,0.000000,0.001953,0.333984,0.981445
439296,496.552628,457.320,0.663116,0.114927,-2.921464,0.498810,0.524038,0.057015,0.396484,0.000000,0.000000,0.000000,0.000000,0.000000,0.000000,0.396484,1.000000
440320,521.241441,479.380,0.775207,0.013753,-2.920412,1.253556,0.529412,0.057032,0.324219,0.002930,0.000000,0.001953,0.004883,0.000000,0.002930,0.322266,0.605469
441344,507.638881,466.810,0.831924,0.107531,-2.917286,0.283648,0.480769,0.057196,0.246094,0.003906,0.000000,0.002930,0.000000,0.000000,0.001953,0.242188,0.684570
442368,507.638881,466.810,0.193176,0.226761,-2.910017,0.372451,0.453559,0.057461,0.208984,0.000000,0.000000,0.000000,0.000000,0.000000,0.000000,0.208984,0.000000
443392,533.469469,489.590,0.699887,0.017896,-2.893947,0.322172,0.635059,0.057728,0.253906,0.000977,0.000000,0.004883,0.000000,0.000000,0.000977,0.250977,0.000000
444416,531.559894,487.550,0.652536,0.050042,-2.897707,0.284049,0.566113,0.057370,0.284180,0.006836,0.000000,0.004883,0.000977,0.000000,0.002930,0.278320,0.634766
445440,531.559894,487.550,0.704323,0.194043,-2.908134,0.131027,0.313702,0.057366,0.285156,0.000000,0.000000,0.000000,0.000000,0.000000,0.000000,0.285156,1.000000
446464,550.023781,503.940,0.773092,0.005239,-2.908428,0.419639,0.572759,0.057070,0.306641,0.000977,0.000000,0.001953,0.000000,0.000000,0.000000,0.304688,0.472656
447488,563.181166,515.930,0.759282,0.018111,-2.920842,0.411370,0.507133,0.056955,0.342773,0.001953,0.000000,0.006836,0.002930,0.000000,0.001953,0.340820,0.290039
448512,563.181166,515.930,0.734024,0.091333,-2.920579,0.597175,0.527225,0.056997,0.391602,0.000000,0.000000,0.000000,0.000000,0.000000,0.000000,0.391602,1.000000
449536,555.749909,509.750,-0.449404,0.018982,-2.917630,0.413105,0.559436,0.057109,0.367188,0.001953,0.000000,0.004883,0.000000,0.000000,0.001953,0.365234,0.948242
450560,555.749909,509.750,0.733788,0.093965,-2.911018,0.334982,0.616406,0.056862,0.313477,0.000000,0.000000,0.003906,0.000000,0.000000,0.000000,0.311523,1.000000
451584,531.045816,487.750,0.797483,0.004199,-2.932246,0.294303,0.614551,0.056261,0.324219,0.001953,0.001953,0.003906,0.015625,0.000000,0.000977,0.321289,0.958984
452608,531.045816,487.750,0.855200,0.044635,-2.948977,0.341710,0.571289,0.055978,0.279297,0.000000,0.000000,0.001953,0.000000,0.000000,0.000000,0.278320,1.000000
453632,512.329535,470.170,0.503696,0.014120,-2.952880,0.329456,0.588867,0.056064,0.367188,0.004883,0.000000,0.001953,0.003906,0.000000,0.003906,0.363281,0.645508
454656,512.329535,470.170,0.667802,0.216070,-2.953295,0.434383,0.507133,0.056126,0.343750,0.000000,0.000000,0.001953,0.000000,0.000000,0.000000,0.342773,1.000000
455680,533.428902,489.280,0.802932,0.003851,-2.945476,0.418835,0.577500,0.056332,0.339844,0.001953,0.000000,0.000000,0.000000,0.000000,0.000000,0.337891,0.954102
456704,531.691833,486.860,0.673317,0.015326,-2.944690,0.397767,0.580592,0.056174,0.291016,0.005859,0.000977,0.006836,0.011719,0.000000,0.004883,0.284180,0.419922
457728,540.609048,494.770,0.709960,0.214551,-2.951012,0.326147,0.493652,0.056248,0.307617,0.001953,0.000000,0.003906,0.000000,0.000000,0.000977,0.305664,0.795898
458752,543.159897,497.020,0.394731,0.106929,-2.946139,0.340563,0.538550,0.056170,0.382812,0.001953,0.000000,0.000977,0.000000,0.000000,0.000977,0.380859,0.960938
459776,543.159897,497.020,0.789502,0.047811,-2.950378,0.544459,0.421094,0.056237,0.378906,0.000000,0.000000,0.000000,0.000000,0.000000,0.000000,0.378906,1.000000
460800,564.107691,517.490,0.612072,0.010205,-2.946747,0.434756,0.511068,0.056333,0.289062,0.000000,0.000000,0.003906,0.000000,0.000000,0.000000,0.288086,1.000000
461824,564.107691,517.490,0.481907,0.006880,-2.944805,0.266029,0.570117,0.056200,0.285156,0.000000,0.000000,0.000000,0.000000,0.000000,0.000000,0.285156,1.000000
462848,540.299298,496.060,0.649210,0.002129,-2.954701,0.187938,0.556738,0.055682,0.327148,0.003906,0.010742,0.000977,0.031250,0.000000,0.003906,0.317383,0.368164
463872,540.299298,496.060,0.777768,0.226954,-2.967811,0.585774,0.443576,0.055678,0.439453,0.000000,0.000000,0.000000,0.000000,0.000000,0.000000,0.439453,1.000000
464896,559.028401,514.860,0.419979,0.016166,-2.964641,0.578752,0.548611,0.055856,0.404297,0.000000,0.000000,0.000000,0.000000,0.000000,0.000000,0.404297,1.000000
465920,563.168086,518.710,0.501339,0.015862,-2.958191,1.878768,0.551339,0.056027,0.320312,0.000977,0.000000,0.000977,0.000000,0.000000,0.000977,0.319336,1.000000
466944,540.209816,496.790,0.243334,0.077039,-2.956405,0.232222,0.561816,0.055558,0.350586,0.003906,0.000000,0.000977,0.000000,0.000000,0.000977,0.347656,0.997070
467968,518.906521,479.720,0.182170,0.139215,-2.973323,0.491962,0.445685,0.055566,0.406250,0.004883,0.000977,0.022461,0.048828,0.000000,0.004883,0.390625,0.713867
468992,518.906521,479.720,0.680785,0.237424,-2.970089,0.446430,0.427734,0.055719,0.333008,0.000000,0.000000,0.000000,0.000000,0.000000,0.000000,0.333008,1.000000
470016,531.539519,491.540,0.552426,0.007813,-2.977317,0.334876,0.623242,0.054604,0.310547,0.001953,0.000000,0.002930,0.000000,0.000000,0.001953,0.309570,0.985352
471040,531.539519,491.540,0.608029,0.076775,-3.011748,0.305771,0.580957,0.054189,0.355469,0.000000,0.000000,0.000000,0.000000,0.000000,0.000000,0.355469,1.000000
472064,529.690653,490.960,0.635482,0.003555,-3.025760,0.284924,0.601953,0.053791,0.375000,0.005859,0.000000,0.006836,0.002930,0.000000,0.003906,0.369141,0.790039
473088,529.690653,490.960,0.826480,0.123667,-3.039795,0.284496,0.417500,0.053777,0.361328,0.000000,0.000000,0.000000,0.000000,0.000000,0.000000,0.361328,1.000000
474112,528.785132,490.960,0.370271,0.009665,-3.037508,0.510182,0.533053,0.053871,0.327148,0.000000,0.000000,0.000000,0.000000,0.000000,0.000000,0.327148,1.000000
475136,528.785132,490.960,0.560974,0.015241,-3.034514,0.463712,0.430060,0.053938,0.303711,0.000000,0.000000,0.000000,0.000000,0.000000,0.000000,0.303711,1.000000
476160,522.961100,487.770,0.609252,0.015468,-3.028946,0.418264,0.561790,0.054168,0.327148,0.002930,0.000000,0.006836,0.010742,0.000000,0.002930,0.326172,0.958008
477184,518.180356,484.000,0.815179,0.087176,-3.025649,0.445105,0.566057,0.053833,0.275391,0.005859,0.004883,0.004883,0.020508,0.000000,0.004883,0.264648,0.510742
478208,518.180356,484.000,0.769113,0.198257,-3.037556,0.358141,0.501563,0.053833,0.306641,0.000000,0.000000,0.000000,0.000000,0.000000,0.000000,0.306641,1.000000
479232,503.509132,473.120,0.735085,0.022337,-3.032015,0.492667,0.544811,0.054024,0.255859,0.007812,0.000000,0.010742,0.009766,0.000000,0.004883,0.249023,0.448242
480256,474.769878,448.370,0.693435,0.281472,-3.026466,0.456710,0.512784,0.054077,0.284180,0.002930,0.000000,0.004883,0.000977,0.000000,0.002930,0.281250,0.958008
481280,431.976821,410.180,0.717341,0.113077,-3.025888,0.279353,0.455141,0.054101,0.196289,0.007812,0.004883,0.003906,0.005859,0.000000,0.005859,0.189453,0.852539
482304,403.424400,385.550,0.772038,0.158324,-3.018449,0.235899,0.539746,0.054128,0.252930,0.006836,0.000000,0.005859,0.013672,0.000000,0.005859,0.248047,0.627930
483328,406.611824,388.350,0.771468,0.222959,-3.024407,0.499726,0.476409,0.054258,0.196289,0.002930,0.000000,0.001953,0.008789,0.000000,0.001953,0.190430,1.000000
484352,413.720210,395.650,0.811226,0.079908,-3.020506,0.183143,0.526953,0.054009,0.295898,0.000977,0.004883,0.000000,0.003906,0.000000,0.000977,0.292969,1.000000
485376,413.720210,395.650,0.662519,0.036358,-3.030199,0.354533,0.513630,0.054073,0.270508,0.000000,0.000000,0.000000,0.000000,0.000000,0.000000,0.270508,1.000000
486400,412.501353,395.670,0.592873,0.008698,-3.025917,0.384411,0.506990,0.054271,0.179688,0.002930,0.000000,0.000977,0.014648,0.000000,0.001953,0.177734,0.893555
487424,412.501353,395.670,0.707465,0.083949,-3.019027,0.203658,0.521973,0.053889,0.146484,0.000000,0.000000,0.001953,0.000000,0.000000,0.000000,0.145508,1.000000
488448,404.528767,388.280,0.453984,0.004453,-3.038425,0.163952,0.519629,0.053497,0.257812,0.001953,0.002930,0.000000,0.002930,0.000000,0.000977,0.255859,0.895508
489472,404.528767,388.280,0.819803,0.036754,-3.054068,0.442800,0.533296,0.053395,0.304688,0.000000,0.000000,0.000000,0.000000,0.000000,0.000000,0.304688,1.000000
490496,382.249696,368.390,0.603452,0.007559,-3.055978,0.624343,0.605072,0.053355,0.211914,0.004883,0.000000,0.003906,0.001953,0.000000,0.001953,0.207031,0.851562
491520,393.179578,378.230,0.878661,0.046270,-3.057088,0.360244,0.513777,0.053157,0.268555,0.000977,0.000000,0.000977,0.000000,0.000000,0.000977,0.267578,1.000000
492544,393.179578,378.230,0.174634,0.090823,-3.064259,0.520793,0.547794,0.053260,0.321289,0.000000,0.000000,0.000000,0.000000,0.000000,0.000000,0.321289,1.000000
493568,412.005556,396.480,0.666556,0.021906,-3.062244,0.399754,0.365625,0.053231,0.265625,0.000977,0.000000,0.002930,0.000977,0.000000,0.000977,0.264648,1.000000
494592,412.005556,396.480,0.519849,0.063050,-3.059721,0.554506,0.498821,0.053313,0.201172,0.000000,0.000000,0.001953,0.000000,0.000000,0.000000,0.200195,1.000000
495616,412.480136,397.800,0.443058,0.004404,-3.062406,0.196965,0.544043,0.052810,0.199219,0.002930,0.005859,0.001953,0.002930,0.000000,0.002930,0.195312,0.708984
496640,414.204791,399.630,0.816541,0.075051,-3.090232,0.438273,0.553021,0.051843,0.187500,0.004883,0.000000,0.008789,0.008789,0.000000,0.003906,0.182617,0.765625
497664,423.702923,408.480,0.784592,0.136234,-3.117871,0.340947,0.495536,0.051637,0.188477,0.001953,0.000000,0.001953,0.000000,0.000000,0.001953,0.186523,0.872070
498688,416.133643,401.540,0.685811,0.152314,-3.127602,0.230562,0.529687,0.050945,0.208984,0.001953,0.000000,0.000000,0.000000,0.000000,0.000977,0.207031,0.991211
499712,416.133643,401.540,0.887237,0.015507,-3.151995,0.357434,0.498197,0.050852,0.218750,0.000000,0.000000,0.000000,0.000000,0.000000,0.000000,0.218750,1.000000
500736,420.338578,405.310,0.649999,0.010750,-3.153695,1.118915,0.497768,0.050831,0.144531,0.001953,0.000000,0.002930,0.000000,0.000000,0.001953,0.142578,0.854492
501760,404.000913,390.070,0.708756,0.074736,-3.160158,0.264030,0.542676,0.050105,0.176758,0.003906,0.000000,0.002930,0.000977,0.000000,0.003906,0.173828,0.844727
502784,404.000913,390.070,0.674529,0.178509,-3.186996,0.304697,0.506727,0.049988,0.241211,0.000000,0.000000,0.000000,0.000000,0.000000,0.000000,0.241211,1.000000
503808,422.167391,408.220,0.476052,0.016177,-3.189457,0.413810,0.452344,0.050006,0.182617,0.000000,0.000000,0.000000,0.000000,0.000000,0.000000,0.182617,1.000000
504832,422.167391,408.220,0.706505,0.006337,-3.195470,0.479278,0.628759,0.049376,0.134766,0.000000,0.000000,0.001953,0.000000,0.000000,0.000000,0.133789,1.000000
505856,407.051030,392.800,0.782506,0.006218,-3.209613,0.234098,0.573047,0.049447,0.153320,0.003906,0.000000,0.005859,0.002930,0.000000,0.001953,0.149414,0.969727
506880,407.051030,392.800,0.620900,0.148513,-3.211743,0.269037,0.429688,0.049485,0.283203,0.000000,0.000000,0.000000,0.000000,0.000000,0.000000,0.283203,1.000000
507904,417.342325,402.640,0.658451,0.015844,-3.208809,0.345375,0.469351,0.049534,0.252930,0.002930,0.000000,0.000977,0.000000,0.000000,0.000977,0.250000,0.999023
508928,386.692067,373.740,0.571703,0.046468,-3.208025,0.163328,0.357143,0.049547,0.201172,0.006836,0.000000,0.002930,0.000000,0.000000,0.002930,0.194336,0.999023
509952,386.692067,373.740,0.358954,0.271570,-3.206094,0.367301,0.369792,0.049606,0.139648,0.000000,0.000000,0.000000,0.000000,0.000000,0.000000,0.139648,1.000000
510976,407.452722,393.040,0.707435,0.005578,-3.201092,0.608422,0.474209,0.049671,0.152344,0.000977,0.000000,0.001953,0.000000,0.000000,0.000000,0.149414,1.000000
512000,407.452722,393.040,-0.351674,0.042328,-3.202003,0.208700,0.383102,0.049707,0.123047,0.000000,0.000000,0.000000,0.000000,0.000000,0.000000,0.123047,1.000000
513024,428.191668,412.870,0.748480,0.007980,-3.198906,0.301071,0.587891,0.049528,0.145508,0.000977,0.000000,0.000000,0.000000,0.000000,0.000000,0.144531,0.999023
514048,428.191668,412.870,0.724168,0.010720,-3.210072,0.407961,0.502941,0.049247,0.149414,0.000000,0.000000,0.004883,0.000000,0.000000,0.000000,0.148438,1.000000
515072,405.998143,391.180,0.796638,0.005139,-3.220249,0.198706,0.448709,0.049332,0.201172,0.001953,0.000000,0.000977,0.005859,0.000000,0.001953,0.199219,0.961914
516096,405.998143,391.180,0.783140,0.078886,-3.213687,0.254499,0.414551,0.049478,0.193359,0.000000,0.000000,0.000000,0.000000,0.000000,0.000000,0.193359,1.000000
517120,429.539622,414.290,0.798796,0.010766,-3.207789,0.385184,0.552409,0.049612,0.208008,0.000977,0.000000,0.002930,0.000977,0.000000,0.000977,0.206055,0.693359
518144,421.946329,407.170,0.888638,0.030870,-3.198431,0.364733,0.588836,0.049781,0.189453,0.005859,0.000000,0.003906,0.012695,0.000000,0.004883,0.184570,0.597656
519168,419.053803,404.190,0.762826,0.181758,-3.197277,0.413114,0.501002,0.049665,0.165039,0.001953,0.000000,0.004883,0.010742,0.000000,0.001953,0.161133,0.989258
520192,419.053803,404.190,0.232922,0.156332,-3.214793,0.241622,0.515137,0.048754,0.172852,0.000000,0.000000,0.000000,0.000000,0.000000,0.000000,0.172852,1.000000
521216,434.843614,419.610,0.770283,0.004632,-3.251015,0.278869,0.604395,0.047854,0.230469,0.001953,0.003906,0.006836,0.011719,0.000000,0.001953,0.227539,0.930664
522240,434.843614,419.610,0.556887,0.119511,-3.279799,0.574706,0.550045,0.047675,0.173828,0.000000,0.000000,0.001953,0.000000,0.000000,0.000000,0.172852,1.000000
523264,458.841086,443.780,0.463259,0.023706,-3.282358,0.503943,0.553209,0.047848,0.154297,0.000977,0.000000,0.000977,0.000000,0.000000,0.000977,0.153320,0.942383
524288,450.580162,435.770,0.302067,0.083528,-3.272183,0.330925,0.545356,0.048074,0.229492,0.004883,0.000000,0.000977,0.000000,0.000000,0.001953,0.224609,0.868164
525312,450.580162,435.770,0.897221,0.056236,-3.265355,0.614177,0.479167,0.048201,0.232422,0.000000,0.000000,0.000000,0.000000,0.000000,0.000000,0.232422,1.000000
526336,465.182303,450.680,0.711865,0.011853,-3.259217,0.519714,0.540541,0.048351,0.179688,0.006836,0.002930,0.010742,0.009766,0.000000,0.005859,0.175781,0.671875
527360,465.182303,450.680,0.777781,0.182166,-3.255393,0.465652,0.434659,0.048422,0.201172,0.000000,0.000000,0.000000,0.000000,0.000000,0.000000,0.201172,1.000000
528384,485.701787,471.240,-0.994789,0.011183,-3.249300,0.383138,0.546165,0.048586,0.186523,0.000977,0.000000,0.000977,0.000000,0.000000,0.000977,0.185547,1.000000
529408,485.701787,471.240,0.828314,0.018344,-3.244247,0.328534,0.466423,0.048678,0.184570,0.000000,0.000000,0.000000,0.000000,0.000000,0.000000,0.184570,1.000000
530432,505.293115,490.910,0.163816,0.012913,-3.240110,0.486977,0.548007,0.048765,0.169922,0.000000,0.000000,0.000000,0.000000,0.000000,0.000000,0.169922,1.000000
531456,505.293115,490.910,0.680252,0.007654,-3.240213,0.267792,0.428571,0.048725,0.190430,0.000000,0.000000,0.000000,0.000000,0.000000,0.000000,0.190430,1.000000
532480,523.755555,510.040,0.862910,0.013640,-3.240192,0.712794,0.435369,0.048787,0.207031,0.000000,0.000000,0.000000,0.000000,0.000000,0.000000,0.207031,0.972656
533504,489.754999,477.720,0.874432,0.024916,-3.235370,0.423039,0.532924,0.048938,0.188477,0.011719,0.000000,0.008789,0.001953,0.000000,0.005859,0.179688,0.670898
534528,489.754999,477.720,0.766696,0.157576,-3.232196,0.491234,0.362500,0.048928,0.187500,0.000000,0.000000,0.000000,0.000000,0.000000,0.000000,0.187500,1.000000
535552,487.777226,477.750,-0.114078,0.005765,-3.235125,0.323178,0.612988,0.048413,0.208008,0.000977,0.004883,0.000000,0.006836,0.000000,0.000000,0.202148,0.809570
536576,487.777226,477.750,0.865298,0.044324,-3.255825,0.274584,0.466033,0.048378,0.237305,0.000000,0.000000,0.006836,0.014648,0.000000,0.000000,0.232422,1.000000
537600,485.899041,477.970,0.576683,0.054726,-3.248452,0.505504,0.592728,0.048745,0.217773,0.001953,0.000000,0.003906,0.009766,0.000000,0.001953,0.212891,1.000000
538624,489.688495,481.670,0.711270,0.055764,-3.238275,0.623772,0.482008,0.048761,0.168945,0.001953,0.000000,0.001953,0.000977,0.000000,0.001953,0.167969,0.997070
539648,489.688495,481.670,0.633285,0.056418,-3.235955,0.303713,0.478766,0.048750,0.215820,0.000000,0.000000,0.000000,0.000000,0.000000,0.000000,0.215820,1.000000
540672,449.099994,444.850,0.423905,0.009971,-3.240288,0.241569,0.366146,0.048728,0.216797,0.009766,0.006836,0.016602,0.023438,0.000000,0.005859,0.198242,0.774414
541696,449.099994,444.850,0.815353,0.155774,-3.239981,0.385834,0.348684,0.048775,0.130859,0.000000,0.000000,0.005859,0.000000,0.000000,0.000000,0.127930,1.000000
542720,465.297232,460.530,0.508061,0.013737,-3.237538,0.166037,0.541211,0.048625,0.173828,0.001953,0.000000,0.000000,0.026367,0.000000,0.001953,0.166016,0.781250
543744,379.395523,379.530,0.849589,0.055407,-3.253333,0.259974,0.504980,0.047972,0.284180,0.017578,0.004883,0.012695,0.031250,0.000000,0.013672,0.263672,0.461914
544768,334.989633,337.530,0.755325,0.343380,-3.276580,0.816481,0.352022,0.047950,0.257812,0.012695,0.001953,0.006836,0.014648,0.000000,0.007812,0.246094,0.526367
545792,334.989633,337.530,0.729518,0.326572,-3.276241,0.641203,0.425000,0.047987,0.184570,0.000000,0.000000,0.000000,0.003906,0.000000,0.000000,0.181641,1.000000
546816,312.593821,317.050,0.759247,0.020100,-3.271332,0.378669,0.536811,0.048106,0.183594,0.003906,0.000000,0.004883,0.006836,0.000000,0.001953,0.180664,0.960938
547840,292.657124,297.250,0.733510,0.072289,-3.269577,0.390527,0.452288,0.048141,0.198242,0.004883,0.000000,0.007812,0.016602,0.000000,0.003906,0.187500,0.707031
548864,292.657124,297.250,0.922017,0.052427,-3.269522,0.288088,0.425145,0.048151,0.216797,0.000000,0.000000,0.000000,0.000000,0.000000,0.000000,0.216797,1.000000
549888,303.686677,308.270,0.383773,0.009775,-3.269205,0.407800,0.494391,0.048230,0.148438,0.002930,0.000000,0.002930,0.000977,0.000000,0.002930,0.148438,1.000000
550912,303.686677,308.270,0.735932,0.085587,-3.264414,0.795446,0.200368,0.048307,0.138672,0.000000,0.000000,0.000000,0.000000,0.000000,0.000000,0.138672,1.000000
551936,246.288384,252.230,0.484276,0.013615,-3.267663,0.245782,0.556836,0.047849,0.233398,0.013672,0.000000,0.028320,0.025391,0.000000,0.010742,0.218750,0.626953
552960,251.603897,257.520,0.799164,0.195685,-3.279503,0.521251,0.471201,0.047910,0.274414,0.002930,0.000000,0.006836,0.026367,0.000000,0.002930,0.261719,0.977539
553984,251.603897,257.520,0.723119,0.128752,-3.277117,0.214992,0.416466,0.047948,0.223633,0.000000,0.000000,0.000000,0.000000,0.000000,0.000000,0.223633,1.000000
555008,216.525951,221.960,0.177546,0.007283,-3.273189,0.434640,0.567708,0.048025,0.184570,0.003906,0.001953,0.007812,0.017578,0.000000,0.002930,0.174805,1.000000
556032,221.976112,227.420,0.838463,0.065212,-3.271466,0.427104,0.401442,0.048073,0.114258,0.004883,0.000000,0.002930,0.000000,0.000000,0.002930,0.109375,0.912109
557056,229.736851,234.990,0.763561,0.118685,-3.276138,0.210313,0.512305,0.047518,0.144531,0.000977,0.000000,0.000977,0.000977,0.000000,0.000977,0.143555,1.000000
558080,238.493413,243.280,0.762838,0.031344,-3.293193,0.264193,0.582812,0.047237,0.125977,0.001953,0.000000,0.001953,0.000977,0.000000,0.001953,0.125000,0.980469
559104,232.089209,236.270,0.759789,0.042485,-3.306136,0.301722,0.541797,0.046845,0.207031,0.005859,0.000000,0.009766,0.018555,0.000000,0.004883,0.195312,0.881836
560128,194.509084,198.010,0.746245,0.191547,-3.324722,0.241669,0.254167,0.046787,0.212891,0.013672,0.000000,0.025391,0.021484,0.000000,0.010742,0.199219,0.601562
561152,194.509084,198.010,0.692210,0.371124,-3.325655,0.134542,0.282292,0.046776,0.137695,0.000000,0.000000,0.000000,0.000000,0.000000,0.000000,0.137695,1.000000
562176,190.673561,194.260,0.383898,0.009100,-3.323180,0.211609,0.578418,0.046718,0.157227,0.003906,0.000000,0.007812,0.000977,0.000000,0.003906,0.151367,0.833008
563200,190.673561,194.260,0.884503,0.062104,-3.329206,0.407066,0.424409,0.046693,0.229492,0.000000,0.000000,0.000000,0.000000,0.000000,0.000000,0.229492,1.000000
564224,210.422844,214.670,-0.424356,0.012788,-3.327590,0.281207,0.471774,0.046742,0.214844,0.000000,0.000000,0.000000,0.000000,0.000000,0.000000,0.214844,1.000000
565248,215.756780,220.060,-0.124092,0.010319,-3.325059,0.384165,0.483367,0.046808,0.215820,0.000977,0.000000,0.005859,0.019531,0.000000,0.000977,0.204102,0.891602
566272,220.457605,225.450,0.694541,0.075062,-3.319674,0.407081,0.478125,0.046929,0.201172,0.014648,0.000000,0.016602,0.011719,0.000000,0.012695,0.188477,0.715820
567296,221.205001,226.480,0.713004,0.362360,-3.316823,0.166417,0.396484,0.046951,0.174805,0.002930,0.000000,0.001953,0.000977,0.000000,0.002930,0.171875,0.869141
568320,221.205001,226.480,0.842385,0.094445,-3.314976,0.315767,0.476017,0.046993,0.202148,0.000000,0.000000,0.000000,0.000000,0.000000,0.000000,0.202148,1.000000
569344,243.418525,249.360,0.776384,0.014818,-3.313518,0.403534,0.425595,0.047045,0.163086,0.005859,0.000000,0.000977,0.018555,0.000000,0.003906,0.159180,0.897461
570368,250.454117,256.390,0.905715,0.064904,-3.307397,0.394115,0.419118,0.047222,0.134766,0.001953,0.000000,0.004883,0.014648,0.000000,0.001953,0.129883,1.000000
571392,233.619806,239.980,0.688997,0.081219,-3.307912,0.181760,0.516016,0.046606,0.179688,0.006836,0.000000,0.005859,0.018555,0.000000,0.004883,0.161133,0.931641
572416,233.619806,239.980,0.630305,0.218148,-3.331788,1.483189,0.406250,0.046554,0.149414,0.000000,0.016602,0.003906,0.021484,0.000000,0.000000,0.121094,1.000000
573440,231.939402,239.370,0.765984,0.025102,-3.336921,0.261092,0.589453,0.046166,0.240234,0.004883,0.005859,0.002930,0.022461,0.000000,0.003906,0.221680,0.955078
574464,231.939402,239.370,0.806685,0.116033,-3.349654,0.369164,0.435345,0.046211,0.202148,0.000000,0.000000,0.000000,0.000000,0.000000,0.000000,0.202148,1.000000
575488,233.882578,242.280,0.385198,0.013480,-3.346223,0.426864,0.525521,0.046280,0.235352,0.001953,0.000000,0.005859,0.010742,0.000000,0.000977,0.232422,1.000000
576512,233.882578,242.280,0.719223,0.075546,-3.343638,0.210263,0.488839,0.046304,0.255859,0.000000,0.000000,0.000000,0.000000,0.000000,0.000000,0.255859,1.000000
577536,254.898790,264.160,0.391999,0.009770,-3.342289,0.437674,0.496449,0.046349,0.262695,0.002930,0.000000,0.010742,0.019531,0.000000,0.002930,0.258789,0.834961
578560,227.732835,237.790,0.887353,0.073536,-3.339593,1.079649,0.505580,0.046424,0.213867,0.014648,0.000000,0.014648,0.040039,0.000000,0.010742,0.190430,0.593750
579584,229.894019,240.000,0.825377,0.162992,-3.334687,0.379273,0.352823,0.046564,0.200195,0.001953,0.000000,0.000000,0.009766,0.000000,0.000977,0.199219,0.914062
580608,229.894019,240.000,0.914618,0.022873,-3.331863,0.221306,0.303711,0.046598,0.182617,0.000000,0.000000,0.000000,0.000000,0.000000,0.000000,0.182617,1.000000
581632,208.803076,221.960,0.593590,0.017020,-3.329383,0.400841,0.514113,0.046680,0.212891,0.009766,0.000000,0.011719,0.011719,0.000000,0.005859,0.204102,0.534180
582656,208.803076,221.960,0.904661,0.108235,-3.326633,0.125819,0.275391,0.046714,0.187500,0.000000,0.000000,0.000000,0.000000,0.000000,0.000000,0.187500,1.000000
583680,224.265462,239.310,0.685872,0.010099,-3.327474,0.461376,0.617520,0.046422,0.238281,0.009766,0.006836,0.011719,0.018555,0.000000,0.007812,0.217773,0.619141
584704,230.881429,246.160,0.886793,0.096214,-3.340301,0.231514,0.320312,0.046382,0.147461,0.002930,0.000000,0.007812,0.007812,0.000000,0.002930,0.141602,0.951172
585728,230.881429,246.160,0.678713,0.111137,-3.337558,0.278744,0.492188,0.046490,0.107422,0.000000,0.000000,0.000000,0.000000,0.000000,0.000000,0.107422,1.000000
586752,228.819322,246.390,0.100728,0.014024,-3.331370,0.603915,0.516741,0.046691,0.166016,0.005859,0.005859,0.011719,0.013672,0.000000,0.005859,0.153320,0.930664
587776,199.457042,216.230,0.773630,0.292242,-3.328297,0.406674,0.270089,0.046675,0.246094,0.003906,0.000000,0.006836,0.002930,0.000000,0.003906,0.242188,0.902344
588800,199.457042,216.230,0.917320,0.065825,-3.328713,0.137799,0.242188,0.046671,0.223633,0.000000,0.000000,0.000000,0.000000,0.000000,0.000000,0.223633,1.000000
589824,213.144451,231.080,0.756667,0.008648,-3.327770,0.674925,0.398438,0.046718,0.163086,0.011719,0.000000,0.004883,0.004883,0.000000,0.006836,0.150391,0.777344
590848,220.886443,239.140,0.711172,0.235186,-3.325737,0.176805,0.272135,0.046766,0.139648,0.003906,0.008789,0.004883,0.011719,0.000000,0.001953,0.126953,0.999023
591872,220.886443,239.140,0.865890,0.060168,-3.323213,1.443736,0.428977,0.046809,0.239258,0.000000,0.042969,0.001953,0.009766,0.000000,0.000000,0.196289,1.000000
592896,195.965538,215.860,0.707452,0.018785,-3.319627,1.456499,0.528033,0.046940,0.233398,0.008789,0.004883,0.018555,0.042969,0.000000,0.007812,0.207031,0.802734
593920,201.376867,221.920,0.608576,0.351783,-3.316573,0.455571,0.059896,0.046946,0.221680,0.002930,0.000000,0.004883,0.002930,0.000000,0.001953,0.216797,0.972656
594944,202.217606,222.910,0.879965,0.075003,-3.316216,0.178583,0.167411,0.046957,0.179688,0.004883,0.000000,0.000977,0.000000,0.000000,0.000977,0.174805,0.849609
595968,203.298823,224.410,0.797080,0.070468,-3.315004,0.369536,0.279830,0.047010,0.180664,0.003906,0.000000,0.011719,0.025391,0.000000,0.003906,0.167969,0.911133
596992,203.298823,224.410,0.883845,0.066665,-3.311959,0.483772,0.474638,0.047052,0.116211,0.000000,0.000000,0.002930,0.000000,0.000000,0.000000,0.116211,1.000000
598016,173.010472,193.220,0.623751,0.015802,-3.312531,0.243565,0.558008,0.046789,0.274414,0.023438,0.001953,0.026367,0.034180,0.000000,0.017578,0.248047,0.794922
599040,161.316041,180.360,0.691107,0.400987,-3.322434,0.564310,0.201563,0.046770,0.152344,0.004883,0.004883,0.008789,0.030273,0.000000,0.004883,0.144531,0.757812
600064,148.920404,167.640,0.917361,0.077994,-3.321386,0.300734,0.328629,0.046841,0.225586,0.011719,0.000000,0.025391,0.034180,0.000000,0.009766,0.208008,0.759766
601088,154.963974,173.880,0.732230,0.257273,-3.315319,1.802561,0.440057,0.047034,0.149414,0.001953,0.000000,0.002930,0.000000,0.000000,0.001953,0.148438,0.957031
602112,154.963974,173.880,0.847753,0.103049,-3.310899,0.280770,0.341619,0.047061,0.179688,0.000000,0.000000,0.000000,0.000000,0.000000,0.000000,0.179688,1.000000
603136,148.396884,167.680,0.718483,0.010043,-3.309287,0.469836,0.552273,0.047071,0.227539,0.005859,0.000000,0.017578,0.006836,0.000000,0.003906,0.218750,0.645508
604160,133.336869,150.890,0.794315,0.154076,-3.306350,0.345865,0.504012,0.047067,0.240234,0.014648,0.004883,0.017578,0.024414,0.000000,0.010742,0.218750,0.441406
605184,133.336869,150.890,0.781885,0.168746,-3.311073,0.371185,0.559416,0.047040,0.228516,0.000000,0.000000,0.000000,0.000000,0.000000,0.000000,0.228516,1.000000
606208,123.158454,139.260,0.753424,0.011260,-3.311252,0.438112,0.456130,0.047097,0.252930,0.017578,0.000000,0.016602,0.008789,0.000000,0.010742,0.236328,0.483398
607232,118.884967,134.330,0.777080,0.235100,-3.309093,0.368708,0.386161,0.047145,0.191406,0.004883,0.021484,0.013672,0.034180,0.000000,0.003906,0.160156,0.803711
608256,118.884967,134.330,0.874210,0.067779,-3.305330,0.279934,0.355065,0.047270,0.126953,0.000000,0.000000,0.000000,0.022461,0.000000,0.000000,0.115234,1.000000
609280,121.768692,138.140,0.746121,0.024515,-3.307297,0.282815,0.589648,0.046762,0.148438,0.004883,0.000000,0.001953,0.000000,0.000000,0.002930,0.144531,0.962891
610304,112.418003,128.270,0.712892,0.081979,-3.323451,0.320657,0.390244,0.046823,0.242188,0.009766,0.005859,0.004883,0.028320,0.000000,0.006836,0.219727,0.817383
611328,112.418003,128.270,0.795833,0.138789,-3.320603,0.145007,0.334821,0.046849,0.133789,0.000000,0.000000,0.000000,0.000000,0.000000,0.000000,0.133789,1.000000
612352,131.716679,148.730,0.667081,0.016789,-3.319732,0.231906,0.557617,0.046772,0.129883,0.001953,0.000000,0.000977,0.000000,0.000000,0.001953,0.128906,1.000000
613376,132.361708,149.430,0.814412,0.050994,-3.324126,0.333136,0.324836,0.046828,0.278320,0.012695,0.000000,0.012695,0.023438,0.000000,0.009766,0.266602,0.530273
614400,144.407118,161.880,0.916582,0.097733,-3.321547,0.189997,0.311523,0.046876,0.193359,0.002930,0.000977,0.000977,0.021484,0.000000,0.002930,0.183594,0.464844
615424,140.247867,157.360,0.923455,0.061322,-3.319080,0.256117,0.422454,0.046943,0.166992,0.006836,0.004883,0.009766,0.030273,0.000000,0.003906,0.150391,0.989258
616448,137.678482,154.490,0.826849,0.087019,-3.316348,0.338637,0.410156,0.047019,0.335938,0.011719,0.000000,0.029297,0.019531,0.000000,0.008789,0.326172,0.766602
617472,123.245050,139.020,0.876792,0.145221,-3.312570,0.262685,0.300000,0.047105,0.262695,0.012695,0.002930,0.015625,0.017578,0.000000,0.009766,0.244141,0.736328
618496,129.471121,145.440,0.808341,0.189090,-3.307486,0.435037,0.441797,0.047242,0.167969,0.005859,0.000000,0.010742,0.014648,0.000000,0.004883,0.160156,0.583984
619520,124.200158,138.830,0.775580,0.116074,-3.303417,0.296421,0.507560,0.047284,0.156250,0.004883,0.002930,0.005859,0.000000,0.000000,0.002930,0.149414,0.956055
620544,128.080908,142.950,0.551719,0.219233,-3.303644,1.116931,0.529297,0.047314,0.213867,0.007812,0.004883,0.019531,0.024414,0.000000,0.006836,0.205078,0.672852
