episode,step,x,y,yaw,ey,epsi,s,speed,raw_steer,safe_steer,steer_correction,raw_throttle,safe_throttle,throttle_correction,interventions,emergency,joint_envelope_violated,oscillation_persistent,cv_ok,cv_state_available,cv_perception_invalid,cv_ey,cv_epsi,cv_confidence,cv_curvature,cv_lane_width,cv_n_lines,cv_reason
0,1,-0.835526,-1.620439,0.019613,0.002061,0.019613,2.003410,0.057500,-0.090829,-0.090829,0.000000,0.500000,0.500000,0.000000,,0,0,0,1,1,0,0.015295,0.022733,0.6667,-0.0320,0.2673,2,ok
0,2,-0.826862,-1.620528,0.015362,0.001972,0.015362,2.012074,0.110493,-0.058150,-0.058150,0.000000,0.500000,0.500000,0.000000,,0,0,0,1,1,0,0.014151,0.020062,0.6250,-0.0200,0.2674,2,ok
0,3,-0.809468,-1.620591,0.010594,0.001909,0.010594,2.029467,0.174095,-0.050531,-0.050531,0.000000,0.500000,0.500000,0.000000,,0,0,0,1,1,0,0.014096,0.016184,0.6250,-0.0290,0.2669,2,ok
0,4,-0.789981,-1.620417,0.013198,0.002083,0.013198,2.048954,0.199993,0.044304,0.044304,0.000000,0.500000,0.500000,0.000000,,0,0,0,1,1,0,0.012377,0.009110,0.6250,-0.0216,0.2668,2,ok
0,5,-0.765984,-1.620179,0.015117,0.002321,0.015117,2.072952,0.199988,0.021681,0.021681,0.000000,0.500000,0.500000,0.000000,,0,0,0,1,1,0,0.012930,0.010858,0.5417,-0.0258,0.2664,2,ok
0,6,-0.745986,-1.619904,0.015689,0.002596,0.015689,2.092949,0.199996,0.007155,0.007155,0.000000,0.500000,0.500000,0.000000,,0,0,0,1,1,0,0.013769,0.011775,0.5208,-0.0368,0.2648,2,ok
0,7,-0.725988,-1.619616,0.015328,0.002884,0.015328,2.112947,0.199997,-0.006237,-0.006237,0.000000,0.500000,0.500000,0.000000,,0,0,0,1,1,0,0.013291,0.015421,0.5208,-0.0159,0.2665,2,ok
0,8,-0.701991,-1.619270,0.016209,0.003230,0.016209,2.135135,0.199995,0.011525,0.011525,0.000000,0.500000,0.500000,0.000000,,0,0,0,1,1,0,0.013925,0.013966,0.5417,-0.0226,0.2658,2,ok
0,9,-0.677995,-1.618923,0.017455,0.003577,0.017455,2.160941,0.199991,0.015073,0.015073,0.000000,0.500000,0.500000,0.000000,,0,0,0,1,1,0,0.014064,0.014741,0.5625,-0.0233,0.2659,2,ok
0,10,-0.657998,-1.618633,0.016320,0.003867,0.016320,2.180938,0.199994,-0.018255,-0.018255,0.000000,0.500000,0.500000,0.000000,,0,0,0,1,1,0,0.015078,0.013902,0.5000,-0.0302,0.2651,2,ok
0,11,-0.638000,-1.618313,0.016294,0.004187,0.016294,2.200935,0.199999,0.000780,0.000780,0.000000,0.500000,0.500000,0.000000,,0,0,0,1,1,0,0.015259,0.015783,0.4375,-0.0403,0.2643,2,ok
0,12,-0.618003,-1.617990,0.015832,0.004510,0.015832,2.220933,0.200001,-0.007167,-0.007167,0.000000,0.500000,0.500000,0.000000,,0,0,0,1,1,0,0.015199,-0.004348,0.3333,-0.0731,0.2642,1,single_line
0,13,-0.594006,-1.617603,0.013324,0.004897,0.013324,2.244930,0.200008,-0.031002,-0.031002,0.000000,0.500000,0.500000,0.000000,,0,0,0,1,1,0,0.015583,-0.004964,0.3125,-0.0738,0.2642,1,single_line
0,14,-0.574007,-1.617280,0.011396,0.005220,0.011396,2.264928,0.200013,-0.027241,-0.027241,0.000000,0.500000,0.500000,0.000000,,0,0,0,1,1,0,0.014920,-0.000180,0.3125,-0.0462,0.2642,1,single_line
0,15,-0.554008,-1.617022,0.010752,0.005478,0.010752,2.284927,0.200004,-0.008018,-0.008018,0.000000,0.500000,0.500000,0.000000,,0,0,0,1,1,0,0.015575,-0.006842,0.2500,-0.0672,0.2642,1,single_line
0,16,-0.534010,-1.616773,0.014288,0.005727,0.014288,2.304926,0.199996,0.053177,0.053177,0.000000,0.500000,0.500000,0.000000,,0,0,0,1,1,0,0.015428,-0.004320,0.2500,-0.0488,0.2642,1,single_line
0,17,-0.514012,-1.616525,0.017996,0.005975,0.017996,2.324923,0.199984,0.052940,0.052940,0.000000,0.500000,0.500000,0.000000,,0,0,0,1,1,0,0.016238,-0.005235,0.3125,-0.0576,0.2642,1,single_line
0,18,-0.490016,-1.616095,0.018145,0.006405,0.018145,2.348919,0.200000,-0.000935,-0.000935,0.000000,0.500000,0.500000,0.000000,,0,0,0,1,1,0,0.016108,0.004416,0.3333,-0.0391,0.2642,1,single_line
0,19,-0.466019,-1.615658,0.012562,0.006842,0.012562,2.372916,0.200017,-0.070298,-0.070298,0.000000,0.500000,0.500000,0.000000,,0,0,0,1,1,0,0.016425,0.008892,0.3542,-0.0297,0.2642,1,single_line
0,20,-0.446021,-1.615293,0.008745,0.007207,0.008745,2.392915,0.200025,-0.053296,-0.053296,0.000000,0.500000,0.500000,0.000000,,0,0,0,1,1,0,0.017356,-0.000818,0.3542,-0.0567,0.2642,1,single_line
0,21,-0.426021,-1.615105,0.009098,0.007395,0.009098,2.412914,0.200000,0.008165,0.008165,0.000000,0.500000,0.500000,0.000000,,0,0,0,1,1,0,0.017684,-0.009458,0.3125,-0.0708,0.2642,1,single_line
0,22,-0.406022,-1.614925,0.009025,0.007575,0.009025,2.432913,0.200000,-0.001432,-0.001432,0.000000,0.500000,0.500000,0.000000,,0,0,0,1,1,0,0.017391,-0.010488,0.3125,-0.0686,0.2642,1,single_line
0,23,-0.382023,-1.614710,0.009633,0.007790,0.009633,2.456912,0.199999,0.007741,0.007741,0.000000,0.500000,0.500000,0.000000,,0,0,0,1,1,0,0.017398,-0.008732,0.3125,-0.0629,0.2642,1,single_line
0,24,-0.362024,-1.614531,0.011363,0.007969,0.011363,2.476911,0.199995,0.025501,0.025501,0.000000,0.500000,0.500000,0.000000,,0,0,0,1,1,0,0.017115,-0.004264,0.2500,-0.0471,0.2642,1,single_line
0,25,-0.342026,-1.614352,0.018609,0.008148,0.018609,2.496909,0.199975,0.111090,0.111090,0.000000,0.500000,0.500000,0.000000,,0,0,0,1,1,0,0.019803,-0.017996,0.2500,-0.0906,0.2642,1,single_line
0,26,-0.322030,-1.614003,0.019551,0.008497,0.019551,2.516905,0.199995,0.006108,0.006108,0.000000,0.500000,0.500000,0.000000,,0,0,0,1,1,0,0.017687,0.004896,0.2708,-0.0339,0.2642,1,single_line
0,27,-0.298033,-1.613563,0.010120,0.008937,0.010120,2.540902,0.200022,-0.123779,-0.123779,0.000000,0.500000,0.500000,0.000000,,0,0,0,1,1,0,0.019273,0.005898,0.3125,-0.0437,0.2642,1,single_line
0,28,-0.274034,-1.613219,0.007464,0.009281,0.007464,2.564901,0.200012,-0.026581,-0.026581,0.000000,0.500000,0.500000,0.000000,,0,0,0,1,1,0,0.019154,-0.003847,0.3542,-0.0480,0.2642,1,single_line
0,29,-0.254035,-1.613053,0.007590,0.009447,0.007590,2.584901,0.200001,0.003280,0.003280,0.000000,0.500000,0.500000,0.000000,,0,0,0,1,1,0,0.019277,-0.010625,0.3542,-0.0645,0.2642,1,single_line
0,30,-0.230035,-1.612859,0.007899,0.009641,0.007899,2.608900,0.200000,0.003682,0.003682,0.000000,0.500000,0.500000,0.000000,,0,0,0,1,1,0,0.018372,-0.002867,0.3333,-0.0326,0.2642,1,single_line
0,31,-0.206036,-1.612666,0.008851,0.009834,0.008851,2.632899,0.199999,0.011736,0.011736,0.000000,0.500000,0.500000,0.000000,,0,0,0,1,1,0,0.020380,-0.017298,0.2917,-0.0847,0.2642,1,single_line
0,32,-0.182037,-1.612472,0.009324,0.010028,0.009324,2.656898,0.199998,0.005282,0.005282,0.000000,0.500000,0.500000,0.000000,,0,0,0,1,1,0,0.019133,-0.003523,0.3125,-0.0409,0.2642,1,single_line
0,33,-0.158038,-1.612250,0.009365,0.010250,0.009365,2.680897,0.200000,0.000329,0.000329,0.000000,0.500000,0.500000,0.000000,,0,0,0,1,1,0,0.019582,-0.005598,0.2708,-0.0479,0.2642,1,single_line
0,34,-0.138040,-1.612064,0.014652,0.010436,0.014652,2.700896,0.199988,0.081749,0.081749,0.000000,0.500000,0.500000,0.000000,,0,0,0,1,1,0,0.020803,-0.012281,0.2500,-0.0728,0.2642,1,single_line
0,35,-0.114042,-1.611711,0.013155,0.010789,0.013155,2.724894,0.200005,-0.024161,-0.024161,0.000000,0.500000,0.500000,0.000000,,0,0,0,1,1,0,0.020329,0.002093,0.2917,-0.0358,0.2642,1,single_line
0,36,-0.090043,-1.611350,0.008536,0.011150,0.008536,2.748892,0.200015,-0.056700,-0.056700,0.000000,0.500000,0.500000,0.000000,,0,0,0,1,1,0,0.020399,0.004433,0.3333,-0.0280,0.2642,1,single_line
0,37,-0.066044,-1.611090,0.007227,0.011410,0.007227,2.772891,0.200005,-0.013329,-0.013329,0.000000,0.500000,0.500000,0.000000,,0,0,0,1,1,0,0.020615,-0.004625,0.3333,-0.0483,0.2642,1,single_line
0,38,-0.042045,-1.610901,0.007384,0.011599,0.007384,2.796891,0.200001,0.002810,0.002810,0.000000,0.500000,0.500000,0.000000,,0,0,0,1,1,0,0.020176,-0.001443,0.3125,-0.0294,0.2642,1,single_line
0,39,-0.022045,-1.610746,0.008236,0.011754,0.008236,2.816890,0.199999,0.012683,0.012683,0.000000,0.500000,0.500000,0.000000,,0,0,0,1,1,0,0.021617,-0.012527,0.3125,-0.0689,0.2642,1,single_line
0,40,0.001954,-1.610560,0.009406,0.011940,0.009406,2.840889,0.199997,0.013940,0.013940,0.000000,0.500000,0.500000,0.000000,,0,0,0,1,1,0,0.021912,-0.012549,0.2917,-0.0683,0.2642,1,single_line
0,41,0.025953,-1.610374,0.008455,0.012126,0.008455,2.864888,0.199999,-0.012593,-0.012593,0.000000,0.500000,0.500000,0.000000,,0,0,0,1,1,0,0.022432,-0.012239,0.3125,-0.0722,0.2642,1,single_line
0,42,0.049952,-1.610178,0.008330,0.012322,0.008330,2.886035,0.200000,-0.000902,-0.000902,0.000000,0.500000,0.500000,0.000000,,0,0,0,1,1,0,0.022485,-0.011971,0.2708,-0.0713,0.2642,1,single_line
0,43,0.073951,-1.609981,0.009786,0.012519,0.009786,2.912886,0.199997,0.018196,0.018196,0.000000,0.500000,0.500000,0.000000,,0,0,0,1,1,0,0.024115,-0.020533,0.2708,-0.0916,0.2642,1,single_line
0,44,0.093950,-1.609816,0.009180,0.012684,0.009180,2.932885,0.199998,-0.010329,-0.010329,0.000000,0.500000,0.500000,0.000000,,0,0,0,1,1,0,0.022496,-0.006853,0.3125,-0.0539,0.2642,1,single_line
0,45,0.117949,-1.609619,0.005866,0.012881,0.005866,2.956885,0.200003,-0.041010,-0.041010,0.000000,0.500000,0.500000,0.000000,,0,0,0,1,1,0,0.022442,-0.004990,0.3333,-0.0494,0.2642,1,single_line
0,46,0.141949,-1.609422,0.001981,0.013078,0.001981,2.980885,0.200006,-0.046059,-0.046059,0.000000,0.500000,0.500000,0.000000,,0,0,0,1,0,0,0.022442,-0.004990,0.3333,-0.0494,0.2642,1,single_line
0,47,0.161949,-1.609376,0.001966,0.013124,0.001966,3.000885,0.200000,0.003269,0.003269,0.000000,0.500000,0.500000,0.000000,,0,0,0,1,1,0,0.021700,-0.007120,0.3125,-0.0385,0.2642,1,single_line
0,48,0.185949,-1.609331,0.003959,0.013169,0.003959,3.024884,0.199999,0.024762,0.024762,0.000000,0.500000,0.500000,0.000000,,0,0,0,1,1,0,0.022998,-0.021420,0.3125,-0.0814,0.2642,1,single_line
0,49,0.209949,-1.609239,0.003989,0.013261,0.003989,3.048884,0.200000,-0.000715,-0.000715,0.000000,0.500000,0.500000,0.000000,,0,0,0,1,1,0,0.022105,-0.011651,0.3125,-0.0541,0.2642,1,single_line
0,50,0.233948,-1.609145,0.004741,0.013355,0.004741,3.072884,0.199999,0.009475,0.009475,0.000000,0.500000,0.500000,0.000000,,0,0,0,1,1,0,0.021990,-0.007406,0.3125,-0.0363,0.2642,1,single_line
0,51,0.257948,-1.609046,0.005072,0.013454,0.005072,3.096884,0.199999,0.003559,0.003559,0.000000,0.500000,0.500000,0.000000,,0,0,0,1,1,0,0.021990,-0.007406,0.3125,-0.0363,0.2642,1,single_line
0,52,0.277948,-1.608959,0.006726,0.013541,0.006726,3.116883,0.199997,0.024961,0.024961,0.000000,0.500000,0.500000,0.000000,,0,0,0,1,1,0,0.023260,-0.014110,0.2708,-0.0649,0.2642,1,single_line
0,53,0.301947,-1.608833,0.007565,0.013667,0.007565,3.140883,0.199998,0.009000,0.009000,0.000000,0.500000,0.500000,0.000000,,0,0,0,1,1,0,0.022072,-0.002801,0.3125,-0.0293,0.2642,1,single_line
0,54,0.325947,-1.608696,0.005145,0.013804,0.005145,3.164882,0.200000,-0.031047,-0.031047,0.000000,0.500000,0.500000,0.000000,,0,0,0,1,1,0,0.023513,-0.009262,0.3542,-0.0545,0.2642,1,single_line
0,55,0.349947,-1.608559,0.003315,0.013941,0.003315,3.186435,0.200002,-0.021020,-0.021020,0.000000,0.500000,0.500000,0.000000,,0,0,0,1,1,0,0.024405,-0.018815,0.3542,-0.0875,0.2642,1,single_line
0,56,0.369946,-1.608468,0.003590,0.014032,0.003590,3.208882,0.200001,0.005783,0.005783,0.000000,0.500000,0.500000,0.000000,,0,0,0,1,1,0,0.023673,-0.016549,0.3125,-0.0697,0.2642,1,single_line
0,57,0.393946,-1.608365,0.003885,0.014135,0.003885,3.232882,0.200000,0.003384,0.003384,0.000000,0.500000,0.500000,0.000000,,0,0,0,1,1,0,0.023713,-0.015992,0.2917,-0.0678,0.2642,1,single_line
0,58,0.417946,-1.608266,0.003979,0.014234,0.003979,3.256882,0.200000,0.000999,0.000999,0.000000,0.500000,0.500000,0.000000,,0,0,0,1,1,0,0.023496,-0.013317,0.3125,-0.0580,0.2642,1,single_line
0,59,0.441946,-1.608167,0.003669,0.014333,0.003669,3.280881,0.200000,-0.003869,-0.003869,0.000000,0.500000,0.500000,0.000000,,0,0,0,1,1,0,0.023342,-0.011335,0.2708,-0.0537,0.2642,1,single_line
0,60,0.461946,-1.608085,0.004825,0.014415,0.004825,3.300881,0.199999,0.017664,0.017664,0.000000,0.500000,0.500000,0.000000,,0,0,0,1,1,0,0.023935,-0.013871,0.2500,-0.0582,0.2642,1,single_line
0,61,0.485945,-1.607986,0.005439,0.014514,0.005439,3.324881,0.199999,0.006712,0.006712,0.000000,0.500000,0.500000,0.000000,,0,0,0,1,1,0,0.023098,-0.006192,0.2708,-0.0354,0.2642,1,single_line
0,62,0.509945,-1.607888,0.004074,0.014612,0.004074,3.348881,0.200000,-0.017529,-0.017529,0.000000,0.500000,0.500000,0.000000,,0,0,0,1,1,0,0.023914,-0.009975,0.3333,-0.0499,0.2642,1,single_line
0,63,0.533945,-1.607789,0.002553,0.014711,0.002553,3.372880,0.200001,-0.017963,-0.017963,0.000000,0.500000,0.500000,0.000000,,0,0,0,1,1,0,0.023982,-0.012154,0.3542,-0.0533,0.2642,1,single_line
0,64,0.557945,-1.607690,0.001379,0.014810,0.001379,3.396880,0.200001,-0.013621,-0.013621,0.000000,0.500000,0.500000,0.000000,,0,0,0,1,1,0,0.022706,-0.002700,0.3125,-0.0133,0.2642,1,single_line
0,65,0.581945,-1.607633,0.000857,0.014867,0.000857,3.420880,0.200000,-0.005694,-0.005694,0.000000,0.500000,0.500000,0.000000,,0,0,0,1,1,0,0.024083,-0.017374,0.3125,-0.0699,0.2642,1,single_line
0,66,0.605945,-1.607604,0.000680,0.014896,0.000680,3.444880,0.200000,-0.001900,-0.001900,0.000000,0.500000,0.500000,0.000000,,0,0,0,1,1,0,0.024049,-0.016873,0.3125,-0.0595,0.2642,1,single_line
0,67,0.629945,-1.607578,0.000409,0.014922,0.000409,3.468880,0.200000,-0.003269,-0.003269,0.000000,0.500000,0.500000,0.000000,,0,0,0,1,1,0,0.024106,-0.017237,0.3125,-0.0584,0.2642,1,single_line
0,68,0.653945,-1.607552,0.001396,0.014948,0.001396,3.492880,0.200000,0.012275,0.012275,0.000000,0.500000,0.500000,0.000000,,0,0,0,1,1,0,0.023811,-0.015254,0.2500,-0.0531,0.2642,1,single_line
0,69,0.677945,-1.607527,0.002687,0.014973,0.002687,3.516880,0.199999,0.015398,0.015398,0.000000,0.500000,0.500000,0.000000,,0,0,0,1,1,0,0.023264,-0.009686,0.2708,-0.0363,0.2642,1,single_line
0,70,0.697945,-1.607505,0.001836,0.014995,0.001836,3.536835,0.200000,-0.014121,-0.014121,0.000000,0.500000,0.500000,0.000000,,0,0,0,1,1,0,0.023332,0.001424,0.3958,-0.0239,0.2631,2,ok
0,71,0.721945,-1.607479,-0.000186,0.015021,-0.000186,3.560880,0.200000,-0.024239,-0.024239,0.000000,0.500000,0.500000,0.000000,,0,0,0,1,1,0,0.022314,-0.000562,0.4375,-0.0258,0.2604,2,ok
0,72,0.745945,-1.607453,-0.001936,0.015047,-0.001936,3.584880,0.200000,-0.020384,-0.020384,0.000000,0.500000,0.500000,0.000000,,0,0,0,1,1,0,0.023733,-0.003670,0.4583,-0.0386,0.2621,2,ok
0,73,0.765945,-1.607436,-0.003141,0.015064,-0.003141,3.604880,0.199999,-0.016796,-0.016796,0.000000,0.500000,0.500000,0.000000,,0,0,0,1,1,0,0.023183,-0.006364,0.4375,-0.0310,0.2630,2,ok
0,74,0.789944,-1.607455,-0.004309,0.015045,-0.004309,3.628880,0.199998,-0.013630,-0.013630,0.000000,0.500000,0.500000,0.000000,,0,0,0,1,1,0,0.023777,-0.006141,0.4375,-0.0299,0.2642,2,ok
0,75,0.813944,-1.607553,-0.004426,0.014947,-0.004426,3.652880,0.200000,-0.000637,-0.000637,0.000000,0.500000,0.500000,0.000000,,0,0,0,1,1,0,0.024172,-0.007668,0.4583,-0.0265,0.2656,2,ok
0,76,0.837944,-1.607657,-0.004018,0.014843,-0.004018,3.676880,0.200000,0.005163,0.005163,0.000000,0.500000,0.500000,0.000000,,0,0,0,1,1,0,0.023432,-0.006732,0.4583,-0.0216,0.2654,2,ok
0,77,0.861944,-1.607760,-0.002366,0.014740,-0.002366,3.700879,0.200001,0.020109,0.020109,0.000000,0.500000,0.500000,0.000000,,0,0,0,1,1,0,0.025761,-0.001537,0.4167,-0.0511,0.2700,2,ok
0,78,0.881944,-1.607846,-0.001180,0.014654,-0.001180,3.720879,0.200002,0.016523,0.016523,0.000000,0.500000,0.500000,0.000000,,0,0,0,1,1,0,0.024837,-0.000878,0.4792,-0.0427,0.2677,2,ok
0,79,0.905944,-1.607898,-0.000667,0.014602,-0.000667,3.744879,0.200000,0.005400,0.005400,0.000000,0.500000,0.500000,0.000000,,0,0,0,1,1,0,0.024837,-0.000878,0.4792,-0.0427,0.2677,2,ok
0,80,0.929944,-1.607941,-0.001621,0.014559,-0.001621,3.768879,0.200000,-0.011967,-0.011967,0.000000,0.500000,0.500000,0.000000,,0,0,0,1,0,0,0.024837,-0.000878,0.4792,-0.0427,0.2677,2,ok
0,81,0.953944,-1.607984,-0.002614,0.014516,-0.002614,3.792879,0.200000,-0.011690,-0.011690,0.000000,0.500000,0.500000,0.000000,,0,0,0,1,1,0,0.026213,-0.002813,0.7083,-0.0939,0.2686,2,ok
0,82,0.977944,-1.608027,-0.003873,0.014473,-0.003873,3.816879,0.199999,-0.015072,-0.015072,0.000000,0.500000,0.500000,0.000000,,0,0,0,1,1,0,0.025838,-0.005122,0.6875,-0.0871,0.2666,2,ok
0,83,0.997943,-1.608063,-0.005124,0.014437,-0.005124,3.836879,0.199998,-0.017955,-0.017955,0.000000,0.500000,0.500000,0.000000,,0,0,0,1,1,0,0.025455,-0.005027,0.6875,-0.0888,0.2734,2,ok
0,84,1.021943,-1.608114,-0.006664,0.014386,-0.006664,3.860879,0.199996,-0.018224,-0.018224,0.000000,0.500000,0.500000,0.000000,,0,0,0,1,1,0,0.025493,-0.006966,0.6875,-0.1039,0.2739,2,ok
0,85,1.045942,-1.608225,-0.007681,0.014275,-0.007681,3.884878,0.199997,-0.011760,-0.011760,0.000000,0.500000,0.500000,0.000000,,0,0,0,1,1,0,0.025126,-0.008925,0.6042,-0.1164,0.2744,3,ok
0,86,1.065942,-1.608361,-0.008038,0.014139,-0.008038,3.904877,0.199999,-0.004492,-0.004492,0.000000,0.500000,0.500000,0.000000,,0,0,0,1,1,0,0.024609,-0.007041,0.5833,-0.1282,0.2749,2,ok
0,87,1.089941,-1.608532,-0.008724,0.013968,-0.008724,3.928876,0.199998,-0.008352,-0.008352,0.000000,0.500000,0.500000,0.000000,,0,0,0,1,1,0,0.023913,-0.006358,0.6250,-0.1148,0.2724,2,ok
0,88,1.113940,-1.608703,-0.010317,0.013797,-0.010317,3.952875,0.199995,-0.019528,-0.019528,0.000000,0.500000,0.500000,0.000000,,0,0,0,1,1,0,0.022999,-0.004818,0.6667,-0.1137,0.2718,2,ok
0,89,1.137938,-1.608876,-0.012084,0.013624,-0.012084,3.976874,0.199991,-0.021044,-0.021044,0.000000,0.500000,0.500000,0.000000,,0,0,0,1,1,0,0.022445,-0.003977,0.6667,-0.1067,0.2704,2,ok
0,90,1.161936,-1.609072,-0.014066,0.013428,-0.014066,4.000872,0.199989,-0.023698,-0.023698,0.000000,0.500000,0.500000,0.000000,,0,0,0,1,1,0,0.020643,0.001171,0.6458,-0.0987,0.2696,2,ok
0,91,1.181934,-1.609282,-0.015507,0.013218,-0.015507,4.020870,0.199989,-0.020337,-0.020337,0.000000,0.500000,0.500000,0.000000,,0,0,0,1,1,0,0.019581,0.005045,0.6042,-0.1031,0.2695,2,ok
0,92,1.205931,-1.609555,-0.018018,0.012945,-0.018018,4.044866,0.199981,-0.030488,-0.030488,0.000000,0.500000,0.500000,0.000000,,0,0,0,1,1,0,0.019877,-0.001557,0.5625,-0.0871,0.2655,2,ok
0,93,1.229926,-1.609886,-0.020148,0.012614,-0.020148,4.068862,0.199982,-0.025038,-0.025038,0.000000,0.500000,0.500000,0.000000,,0,0,0,1,1,0,0.019311,-0.004269,0.5000,-0.0725,0.2625,2,ok
0,94,1.253921,-1.610265,-0.022343,0.012235,-0.022343,4.092856,0.199979,-0.026266,-0.026266,0.000000,0.500000,0.500000,0.000000,,0,0,0,1,1,0,0.014376,0.007107,0.4167,-0.1046,0.2682,1,single_line
0,95,1.277914,-1.610674,-0.025525,0.011826,-0.025525,4.116850,0.199966,-0.038693,-0.038693,0.000000,0.500000,0.500000,0.000000,,0,0,0,1,1,0,0.016086,-0.007700,0.3958,-0.1604,0.2682,1,single_line
0,96,1.297907,-1.611063,-0.027968,0.011437,-0.027968,4.136842,0.199965,-0.034878,-0.034878,0.000000,0.500000,0.500000,0.000000,,0,0,0,1,1,0,0.013872,0.007860,0.3958,-0.1107,0.2682,1,single_line
0,97,1.321896,-1.611584,-0.031176,0.010916,-0.029119,4.160832,0.199957,-0.038687,-0.038687,0.000000,0.500000,0.500000,0.000000,,0,0,0,1,1,0,0.012249,0.019182,0.3958,-0.0709,0.2682,1,single_line
0,98,1.345884,-1.612172,-0.034594,0.010328,-0.032536,4.184819,0.199949,-0.041245,-0.041245,0.000000,0.500000,0.500000,0.000000,,0,0,0,1,1,0,0.011849,0.021176,0.3958,-0.0636,0.2682,1,single_line
0,99,1.365871,-1.612726,-0.037385,0.009774,-0.031196,4.204806,0.199945,-0.040342,-0.040342,0.000000,0.500000,0.500000,0.000000,,0,0,0,1,1,0,0.012565,0.017219,0.4167,-0.0673,0.2682,1,single_line
0,100,1.389852,-1.613465,-0.040734,0.009035,-0.034545,4.228788,0.199940,-0.040487,-0.040487,0.000000,0.500000,0.500000,0.000000,,0,0,0,1,1,0,0.011925,0.021385,0.4167,-0.0505,0.2682,1,single_line
0,101,1.413831,-1.614290,-0.043960,0.008370,-0.029924,4.252681,0.199937,-0.038991,-0.038991,0.000000,0.500000,0.500000,0.000000,,0,0,0,1,1,0,0.013141,0.009858,0.3958,-0.0904,0.2682,1,single_line
0,102,1.437806,-1.615192,-0.047206,0.007715,-0.033170,4.276664,0.199931,-0.039434,-0.039434,0.000000,0.500000,0.500000,0.000000,,0,0,0,1,1,0,0.013141,0.009858,0.3958,-0.0904,0.2682,1,single_line
0,103,1.461777,-1.616181,-0.050272,0.007127,-0.026836,4.300571,0.199931,-0.037217,-0.037217,0.000000,0.500000,0.500000,0.000000,,0,0,0,1,1,0,0.008581,0.043079,0.4167,0.0393,0.2682,1,single_line
0,104,1.481751,-1.617066,-0.052737,0.006655,-0.029301,4.320559,0.199929,-0.035969,-0.035969,0.000000,0.500000,0.500000,0.000000,,0,0,0,1,1,0,0.008320,0.044794,0.3958,0.0577,0.2682,1,single_line
0,105,1.505716,-1.618205,-0.055424,0.006203,-0.020594,4.344429,0.199932,-0.032636,-0.032636,0.000000,0.500000,0.500000,0.000000,,0,0,0,1,1,0,0.009057,0.040934,0.3958,0.0554,0.2682,1,single_line
0,106,1.529677,-1.619416,-0.057981,0.005933,-0.023151,4.368419,0.199932,-0.031189,-0.031189,0.000000,0.500000,0.500000,0.000000,,0,0,0,1,1,0,0.011235,0.026628,0.3958,0.0220,0.2682,1,single_line
0,107,1.553635,-1.620696,-0.060357,0.005670,-0.014923,4.392365,0.199934,-0.028985,-0.028985,0.000000,0.500000,0.500000,0.000000,,0,0,0,1,1,0,0.010036,0.036235,0.3958,0.0681,0.2682,1,single_line
0,108,1.577590,-1.622046,-0.062464,0.005447,-0.017030,4.416357,0.199939,-0.025696,-0.025696,0.000000,0.500000,0.500000,0.000000,,0,0,0,1,1,0,0.013375,0.012342,0.3958,-0.0005,0.2682,1,single_line
0,109,1.597550,-1.623215,-0.064101,0.005265,-0.008250,4.436298,0.199941,-0.024009,-0.024009,0.000000,0.500000,0.500000,0.000000,,0,0,0,1,1,0,0.011333,0.026706,0.3958,0.0492,0.2682,1,single_line
0,110,1.621499,-1.624677,-0.065713,0.005168,-0.009862,4.460291,0.199951,-0.019531,-0.019531,0.000000,0.500000,0.500000,0.000000,,0,0,0,1,1,0,0.011583,0.026325,0.4167,0.0633,0.2682,1,single_line
0,111,1.645446,-1.626191,-0.067054,0.005042,-0.004530,4.484254,0.199958,-0.016321,-0.016321,0.000000,0.500000,0.500000,0.000000,,0,0,0,1,1,0,0.010793,0.032433,0.4167,0.1000,0.2682,1,single_line
0,112,1.665401,-1.627485,-0.068014,0.005014,-0.005490,4.504250,0.199963,-0.014036,-0.014036,0.000000,0.500000,0.500000,0.000000,,0,0,0,1,1,0,0.009530,0.042818,0.4167,0.1433,0.2682,1,single_line
0,113,1.689345,-1.629091,-0.068559,0.004925,-0.006035,4.528248,0.199983,-0.006269,-0.006269,0.000000,0.500000,0.500000,0.000000,,0,0,0,1,1,0,0.009385,0.044829,0.4375,0.1612,0.2682,1,single_line
0,114,1.713289,-1.630706,-0.068026,0.005041,0.000760,4.552200,0.199990,0.007133,0.007133,0.000000,0.500000,0.500000,0.000000,,0,0,0,1,1,0,0.008650,0.049541,0.3958,0.1861,0.2682,1,single_line
0,115,1.737234,-1.632321,-0.066753,0.005171,0.002033,4.576199,0.200007,0.016216,0.016216,0.000000,0.500000,0.500000,0.000000,,0,0,0,1,1,0,0.009304,0.046448,0.4167,0.1822,0.2682,1,single_line
0,116,1.761182,-1.633936,-0.064816,0.005298,0.008176,4.600202,0.200032,0.024375,0.024375,0.000000,0.500000,0.500000,0.000000,,0,0,0,1,1,0,0.009323,0.052952,0.4167,0.2209,0.2682,1,single_line
0,117,1.781142,-1.635282,-0.062677,0.005403,0.010316,4.620206,0.200059,0.032087,0.032087,0.000000,0.500000,0.500000,0.000000,,0,0,0,1,1,0,0.009760,0.055054,0.4167,0.2366,0.2682,1,single_line
0,118,1.805097,-1.636897,-0.059614,0.005618,0.016285,4.644184,0.200095,0.037869,0.037869,0.000000,0.500000,0.500000,0.000000,,0,0,0,1,1,0,0.013013,0.040041,0.4167,0.2025,0.2682,1,single_line
0,119,1.829057,-1.638497,-0.055677,0.005897,0.020222,4.668196,0.200118,0.048723,0.048723,0.000000,0.500000,0.500000,0.000000,,0,0,0,1,1,0,0.013707,0.041807,0.4167,0.2141,0.2682,1,single_line
0,120,1.853023,-1.640048,-0.050806,0.006221,0.026020,4.692211,0.200138,0.060102,0.060102,0.000000,0.500000,0.500000,0.000000,,0,0,0,1,1,0,0.015963,0.035662,0.4167,0.1988,0.2682,1,single_line
0,121,1.876995,-1.641539,-0.044618,0.006603,0.032208,4.716227,0.200161,0.075899,0.075899,0.000000,0.500000,0.500000,0.000000,,0,0,0,1,1,0,0.015281,0.048490,0.4167,0.2429,0.2682,1,single_line
0,122,1.896978,-1.642714,-0.038701,0.006987,0.037867,4.736242,0.200169,0.086854,0.086854,0.000000,0.500000,0.500000,0.000000,,0,0,0,1,1,0,0.015722,0.054398,0.4167,0.2611,0.2682,1,single_line
0,123,1.920963,-1.644014,-0.030728,0.007556,0.045840,4.760256,0.200163,0.096488,0.096488,0.000000,0.500000,0.500000,0.000000,,0,0,0,1,1,0,0.017337,0.055494,0.4167,0.2677,0.2682,1,single_line
0,124,1.944955,-1.645121,-0.022941,0.008315,0.051357,4.784264,0.200127,0.093155,0.093155,0.000000,0.500000,0.500000,0.000000,,0,0,0,1,1,0,0.019899,0.054289,0.4167,0.2571,0.2682,1,single_line
0,125,1.964951,-1.645937,-0.015565,0.009048,0.058733,4.804264,0.200121,0.106506,0.106506,0.000000,0.500000,0.500000,0.000000,,0,0,0,1,1,0,0.021123,0.059634,0.3958,0.2766,0.2682,2,single_line
0,126,1.988949,-1.646766,-0.006005,0.010077,0.068293,4.828254,0.200089,0.113785,0.113785,0.000000,0.500000,0.500000,0.000000,,0,0,0,1,1,0,0.021970,0.064061,0.3958,0.2749,0.2682,2,single_line
0,127,2.012949,-1.647308,0.002294,0.011253,0.073134,4.852293,0.200034,0.096849,0.096849,0.000000,0.500000,0.500000,0.000000,,0,0,0,1,1,0,0.020944,0.095317,0.3958,0.3732,0.2682,1,single_line
0,128,2.036949,-1.647657,0.010723,0.012615,0.081563,4.876256,0.200001,0.099775,0.099775,0.000000,0.500000,0.500000,0.000000,,0,0,0,1,1,0,0.022598,0.101289,0.3958,0.4014,0.2682,1,single_line
0,129,2.060946,-1.647854,0.020607,0.014039,0.086478,4.900268,0.199961,0.118861,0.118861,0.000000,0.500000,0.500000,0.000000,,0,0,0,1,1,0,0.022598,0.101289,0.3958,0.4014,0.2682,1,single_line
0,130,2.080940,-1.647726,0.026381,0.015504,0.092252,4.920209,0.199941,0.080140,0.080140,0.000000,0.500000,0.500000,0.000000,,0,0,0,1,1,0,0.026492,0.107104,0.3750,0.4268,0.2682,1,single_line
0,131,2.104929,-1.647430,0.033519,0.017321,0.092452,4.944233,0.199914,0.086091,0.086091,0.000000,0.500000,0.500000,0.000000,,0,0,0,1,1,0,0.025632,0.138896,0.3542,0.5412,0.2682,2,single_line
0,132,2.128912,-1.647030,0.043051,0.019176,0.101984,4.968147,0.199854,0.116693,0.116693,0.000000,0.500000,0.500000,0.000000,,0,0,0,1,1,0,0.029735,0.124089,0.3750,0.4984,0.2682,1,single_line
0,133,2.152884,-1.646447,0.052644,0.021132,0.103128,4.992203,0.199810,0.116634,0.116634,0.000000,0.500000,0.500000,0.000000,,0,0,0,1,1,0,0.034321,0.121529,0.3542,0.5169,0.2682,2,single_line
0,134,2.172852,-1.645816,0.061440,0.022821,0.111924,5.012109,0.199752,0.129920,0.129920,0.000000,0.500000,0.500000,0.000000,,0,0,0,1,1,0,0.035711,0.127170,0.3333,0.5340,0.2682,2,single_line
0,135,2.192808,-1.645059,0.071435,0.024633,0.121919,5.031997,0.199672,0.148766,0.148766,0.000000,0.500000,0.500000,0.000000,,0,0,0,1,1,0,0.039761,0.122423,0.3333,0.5430,0.2682,2,single_line
0,136,2.216735,-1.643928,0.084128,0.026792,0.124688,5.056108,0.199583,0.157959,0.157959,0.000000,0.500000,0.500000,0.000000,,0,0,0,1,1,0,0.041825,0.128869,0.3333,0.5679,0.2682,2,single_line
0,137,2.236654,-1.642799,0.095976,0.028770,0.136535,5.075961,0.199466,0.179460,0.179460,0.000000,0.500000,0.500000,0.000000,,0,0,0,1,1,0,0.042190,0.147328,0.3125,0.6401,0.2682,2,single_line
0,138,2.256549,-1.641491,0.109100,0.030766,0.137136,5.096202,0.199331,0.199514,0.199514,0.000000,0.500000,0.500000,0.000000,,0,0,0,1,1,0,0.046567,0.137568,0.3125,0.5964,0.2682,2,single_line
0,139,2.280385,-1.639587,0.125010,0.033362,0.153045,5.119973,0.199217,0.202556,0.202556,0.000000,0.500000,0.500000,0.000000,,0,0,0,1,1,0,0.049463,0.143034,0.3125,0.6257,0.2682,2,single_line
0,140,2.300212,-1.637689,0.137963,0.035789,0.151226,5.140156,0.199146,0.199439,0.199439,0.000000,0.500000,0.500000,0.000000,,0,0,0,1,1,0,0.056003,0.141491,0.2917,0.6324,0.2682,2,single_line
0,141,2.320002,-1.635566,0.151941,0.038254,0.165204,5.159907,0.198988,0.218425,0.218425,0.000000,0.500000,0.500000,0.000000,,0,0,0,1,1,0,0.055048,0.169799,0.2917,0.7154,0.2682,2,single_line
0,142,2.343694,-1.632659,0.168920,0.041572,0.182182,5.183545,0.198866,0.222289,0.222289,0.000000,0.500000,0.500000,0.000000,,0,0,0,1,1,0,0.059433,0.171166,0.2708,0.7275,0.2682,2,single_line
0,143,2.363389,-1.629825,0.180961,0.044444,0.177012,5.204046,0.198958,0.189133,0.189133,0.000000,0.500000,0.500000,0.000000,,0,0,0,1,1,0,0.068737,0.139488,0.2917,0.6405,0.2682,2,single_line
0,144,2.386966,-1.626087,0.195001,0.048138,0.191052,5.227630,0.198905,0.186802,0.186802,0.000000,0.500000,0.500000,0.000000,,0,0,0,1,1,0,0.067704,0.169353,0.2708,0.7415,0.2682,2,single_line
0,145,2.410477,-1.622023,0.209465,0.051939,0.186215,5.252135,0.198799,0.194766,0.194766,0.000000,0.500000,0.500000,0.000000,,0,0,0,1,1,0,0.083679,0.107663,0.2500,0.5859,0.2682,2,single_line
0,146,2.430013,-1.618398,0.222322,0.055155,0.199072,5.271743,0.198657,0.209960,0.209960,0.000000,0.500000,0.500000,0.000000,,0,0,0,1,1,0,0.093013,0.071797,0.2708,0.4890,0.2682,2,single_line
0,147,2.453381,-1.613700,0.237524,0.059298,0.190688,5.296539,0.198609,0.207716,0.207716,0.000000,0.500000,0.500000,0.000000,,0,0,0,1,1,0,0.100029,0.056131,0.2292,0.4646,0.2682,2,single_line
0,148,2.476667,-1.608597,0.251801,0.063386,0.204966,5.320024,0.198633,0.196307,0.196307,0.000000,0.500000,0.500000,0.000000,,0,0,0,1,1,0,0.109202,0.019949,0.2292,0.3666,0.2682,2,single_line
0,149,2.496008,-1.604059,0.263119,0.067081,0.216284,5.339543,0.198652,0.188400,0.188400,0.000000,0.500000,0.500000,0.000000,,0,0,0,1,0,0,-0.107780,-0.189034,0.1250,0.0000,0.2682,2,single_line
0,150,2.499888,-1.603281,0.263772,0.067690,0.216937,5.343453,0.000000,0.193194,0.193194,0.000000,0.500000,-0.500000,-1.000000,C-05,1,0,0,1,0,1,-0.106762,-0.189135,0.1250,0.0000,0.2682,2,single_line
