episode,step,x,y,yaw,ey,epsi,s,speed,raw_steer,safe_steer,steer_correction,interventions,emergency,joint_envelope_violated,oscillation_persistent,cv_ok,cv_state_available,cv_perception_invalid,cv_ey,cv_epsi,cv_confidence,cv_curvature,cv_lane_width,cv_n_lines,cv_reason
0,1,-0.836912,-1.637601,0.016184,-0.015101,0.016184,2.002024,0.043724,-0.112070,-0.112070,0.000000,,0,0,0,1,1,0,-0.002703,0.018901,0.7708,-0.0449,0.2683,2,ok
0,2,-0.827532,-1.637742,0.007011,-0.015242,0.007011,2.011404,0.107334,-0.108637,-0.108637,0.000000,,0,0,0,1,1,0,-0.003341,0.016138,0.7500,-0.0383,0.2675,2,ok
0,3,-0.810519,-1.637999,-0.002896,-0.015499,-0.002896,2.028417,0.170944,-0.117193,-0.117193,0.000000,,0,0,0,1,1,0,-0.004229,0.006642,0.7292,-0.0455,0.2686,2,ok
0,4,-0.791178,-1.638290,-0.010115,-0.015790,-0.010115,2.047758,0.200013,-0.101121,-0.101121,0.000000,,0,0,0,1,1,0,-0.006641,-0.003403,0.7500,-0.0306,0.2680,2,ok
0,5,-0.767179,-1.638554,-0.005333,-0.016054,-0.005333,2.071757,0.200008,0.068889,0.068889,0.000000,C-06,0,0,0,1,1,0,-0.007236,-0.012246,0.7083,-0.0440,0.2665,2,ok
0,6,-0.747179,-1.638768,0.002518,-0.016268,0.002518,2.091757,0.200011,0.114403,0.114403,0.000000,,0,0,0,1,1,0,-0.007556,-0.010578,0.7083,-0.0424,0.2674,2,ok
0,7,-0.727179,-1.638960,0.007816,-0.016460,0.007816,2.111756,0.200000,0.072139,0.072139,0.000000,,0,0,0,1,1,0,-0.007191,-0.006128,0.6667,-0.0376,0.2664,2,ok
0,8,-0.703180,-1.638784,0.003459,-0.016284,0.003459,2.135135,0.200005,-0.058762,-0.058762,0.000000,,0,0,0,1,1,0,-0.006110,0.001960,0.7292,-0.0394,0.2665,2,ok
0,9,-0.683180,-1.638636,-0.000323,-0.016136,-0.000323,2.155756,0.200000,-0.005939,-0.005939,0.000000,,0,0,0,1,1,0,-0.005785,0.000291,0.8125,-0.0560,0.2671,2,ok
0,10,-0.659180,-1.638614,0.003196,-0.016114,0.003196,2.179756,0.199999,0.045042,0.045042,0.000000,,0,0,0,1,1,0,-0.006979,-0.001233,0.7917,-0.0362,0.2671,2,ok
0,11,-0.639180,-1.638596,0.007053,-0.016096,0.007053,2.199756,0.199995,0.055405,0.055405,0.000000,,0,0,0,1,1,0,-0.006606,0.000387,0.7708,-0.0339,0.2675,2,ok
0,12,-0.619181,-1.638577,0.010074,-0.016077,0.010074,2.219755,0.199990,0.041825,0.041825,0.000000,,0,0,0,1,1,0,-0.005418,0.002223,0.7708,-0.0555,0.2661,2,ok
0,13,-0.599181,-1.638413,0.004881,-0.015913,0.004881,2.239754,0.200005,-0.085336,-0.085336,0.000000,,0,0,0,1,1,0,-0.005414,0.007031,0.7292,-0.0441,0.2679,2,ok
0,14,-0.575182,-1.638201,-0.012170,-0.015701,-0.012170,2.263754,0.199995,-0.210444,-0.210444,0.000000,,0,0,0,1,1,0,-0.005920,0.005003,0.7292,-0.0387,0.2681,2,ok
0,15,-0.555183,-1.638389,-0.009448,-0.015889,-0.009448,2.283752,0.200001,0.053016,0.053016,0.000000,C-06,0,0,0,1,1,0,-0.006878,-0.007456,0.7083,-0.0424,0.2671,2,ok
0,16,-0.535183,-1.638597,-0.001702,-0.016097,-0.001702,2.303752,0.200010,0.114504,0.114504,0.000000,,0,0,0,1,1,0,-0.008018,-0.013119,0.6875,-0.0367,0.2673,2,ok
0,17,-0.515183,-1.638802,0.002514,-0.016302,0.002514,2.323752,0.200008,0.055445,0.055445,0.000000,,0,0,0,1,1,0,-0.007563,-0.009540,0.7083,-0.0421,0.2667,2,ok
0,18,-0.491184,-1.638944,0.006741,-0.016444,0.006741,2.347752,0.199997,0.049676,0.049676,0.000000,,0,0,0,1,1,0,-0.007172,-0.003220,0.7708,-0.0347,0.2691,2,ok
0,19,-0.467185,-1.638971,0.010684,-0.016471,0.010684,2.371751,0.199989,0.046480,0.046480,0.000000,,0,0,0,1,1,0,-0.006161,0.001707,0.7708,-0.0435,0.2671,2,ok
0,20,-0.447186,-1.638948,0.015141,-0.016448,0.015141,2.391749,0.199978,0.064781,0.064781,0.000000,,0,0,0,1,1,0,-0.005583,0.008015,0.7708,-0.0469,0.2667,2,ok
0,21,-0.427189,-1.638812,0.018501,-0.016312,0.018501,2.411746,0.199974,0.046749,0.046749,0.000000,,0,0,0,1,1,0,-0.005168,0.010344,0.7500,-0.0477,0.2668,2,ok
0,22,-0.407192,-1.638474,0.014870,-0.015974,0.014870,2.431743,0.200008,-0.061300,-0.061300,0.000000,,0,0,0,1,1,0,-0.004758,0.012911,0.7292,-0.0426,0.2676,2,ok
0,23,-0.383193,-1.638053,-0.009121,-0.015553,-0.009121,2.455743,0.200024,-0.305397,-0.305397,0.000000,C-06,0,0,0,1,1,0,-0.004832,0.012838,0.7292,-0.0358,0.2670,2,ok
0,24,-0.363194,-1.638187,-0.011412,-0.015687,-0.011412,2.475741,0.199995,-0.011235,-0.011235,0.000000,C-06,0,0,0,1,1,0,-0.007428,-0.009677,0.7083,-0.0381,0.2666,2,ok
0,25,-0.343195,-1.638369,-0.003447,-0.015869,-0.003447,2.495741,0.200007,0.126719,0.126719,0.000000,,0,0,0,1,1,0,-0.007780,-0.013644,0.6875,-0.0382,0.2669,2,ok
0,26,-0.323195,-1.638434,-0.002727,-0.015934,-0.002727,2.515741,0.200000,0.000070,0.000070,0.000000,,0,0,0,1,1,0,-0.006570,-0.007149,0.7500,-0.0501,0.2665,2,ok
0,27,-0.299195,-1.638500,-0.000167,-0.016000,-0.000167,2.539741,0.200001,0.032350,0.032350,0.000000,,0,0,0,1,1,0,-0.007236,-0.003603,0.7708,-0.0319,0.2677,2,ok
0,28,-0.275195,-1.638565,0.004628,-0.016065,0.004628,2.563741,0.199999,0.058017,0.058017,0.000000,,0,0,0,1,1,0,-0.006916,-0.004784,0.7917,-0.0364,0.2674,2,ok
0,29,-0.255195,-1.638620,0.009546,-0.016120,0.009546,2.583740,0.199992,0.070834,0.070834,0.000000,,0,0,0,1,1,0,-0.006151,-0.000943,0.7917,-0.0425,0.2677,2,ok
0,30,-0.231197,-1.638657,0.015310,-0.016157,0.015310,2.607738,0.199977,0.068296,0.068296,0.000000,,0,0,0,1,1,0,-0.005889,0.004219,0.7917,-0.0387,0.2677,2,ok
0,31,-0.207201,-1.638368,0.017023,-0.015868,0.017023,2.631735,0.199989,0.017421,0.017421,0.000000,,0,0,0,1,1,0,-0.004958,0.010179,0.7292,-0.0412,0.2677,2,ok
0,32,-0.183202,-1.638011,-0.002191,-0.015511,-0.002191,2.655734,0.200022,-0.249465,-0.249465,0.000000,C-06,0,0,0,1,1,0,-0.004255,0.012953,0.7500,-0.0461,0.2676,2,ok
0,33,-0.159203,-1.637652,-0.016800,-0.015152,-0.016800,2.679732,0.199996,-0.168323,-0.168323,0.000000,,0,0,0,1,1,0,-0.005981,-0.004591,0.7083,-0.0458,0.2666,2,ok
0,34,-0.135205,-1.637994,-0.008442,-0.015494,-0.008442,2.703730,0.200018,0.118673,0.118673,0.000000,C-06,0,0,0,1,1,0,-0.006894,-0.013425,0.7083,-0.0534,0.2680,2,ok
0,35,-0.115206,-1.638316,-0.001331,-0.015816,-0.001331,2.723730,0.200026,0.098992,0.098992,0.000000,,0,0,0,1,1,0,-0.007601,-0.014404,0.7292,-0.0387,0.2674,2,ok
0,36,-0.091206,-1.638517,0.002396,-0.016017,0.002396,2.747730,0.200004,0.041002,0.041002,0.000000,,0,0,0,1,1,0,-0.006642,-0.008528,0.7917,-0.0442,0.2677,2,ok
0,37,-0.067206,-1.638659,0.007088,-0.016159,0.007088,2.771730,0.199998,0.056305,0.056305,0.000000,,0,0,0,1,1,0,-0.006294,0.000601,0.7708,-0.0437,0.2668,2,ok
0,38,-0.043207,-1.638760,0.013333,-0.016260,0.013333,2.795728,0.199984,0.075277,0.075277,0.000000,,0,0,0,1,1,0,-0.005923,0.002605,0.7500,-0.0425,0.2672,2,ok
0,39,-0.023209,-1.638626,0.016039,-0.016126,0.016039,2.815726,0.199982,0.035850,0.035850,0.000000,,0,0,0,1,1,0,-0.005179,0.008386,0.7500,-0.0417,0.2671,2,ok
0,40,0.000789,-1.638283,0.005870,-0.015783,0.005870,2.839724,0.200017,-0.131602,-0.131602,0.000000,C-06,0,0,0,1,1,0,-0.004317,0.014226,0.7292,-0.0522,0.2659,2,ok
0,41,0.024788,-1.637932,-0.015663,-0.015432,-0.015663,2.863724,0.200000,-0.265547,-0.265547,0.000000,,0,0,0,1,1,0,-0.005679,0.007114,0.7292,-0.0346,0.2676,2,ok
0,42,0.048785,-1.638284,-0.016006,-0.015784,-0.016006,2.886035,0.200003,0.015444,0.015444,0.000000,C-06,0,0,0,1,1,0,-0.006861,-0.008955,0.7292,-0.0418,0.2666,2,ok
0,43,0.068783,-1.638622,-0.007411,-0.016122,-0.007411,2.907719,0.200022,0.132316,0.132316,0.000000,,0,0,0,1,1,0,-0.008639,-0.018025,0.7083,-0.0321,0.2664,2,ok
0,44,0.092783,-1.639027,0.000287,-0.016527,0.000287,2.931719,0.200029,0.088257,0.088257,0.000000,,0,0,0,1,1,0,-0.007951,-0.010669,0.7500,-0.0330,0.2669,2,ok
0,45,0.116783,-1.639294,0.006042,-0.016794,0.006042,2.955718,0.200004,0.066624,0.066624,0.000000,,0,0,0,1,1,0,-0.007125,-0.006402,0.7917,-0.0437,0.2662,2,ok
0,46,0.140782,-1.639281,0.008835,-0.016781,0.008835,2.979718,0.199993,0.030967,0.030967,0.000000,,0,0,0,1,1,0,-0.006814,0.003354,0.7917,-0.0346,0.2673,2,ok
0,47,0.164780,-1.639222,0.016169,-0.016722,0.016169,3.003716,0.199976,0.090283,0.090283,0.000000,,0,0,0,1,1,0,-0.006667,0.007110,0.7917,-0.0338,0.2673,2,ok
0,48,0.184777,-1.639099,0.020381,-0.016599,0.020381,3.023713,0.199966,0.057638,0.057638,0.000000,,0,0,0,1,1,0,-0.005774,0.011029,0.7708,-0.0378,0.2678,2,ok
0,49,0.208774,-1.638627,0.008795,-0.016127,0.008795,3.047710,0.200033,-0.155833,-0.155833,0.000000,C-06,0,0,0,1,1,0,-0.005038,0.014680,0.7292,-0.0349,0.2673,2,ok
0,50,0.232773,-1.638137,-0.015861,-0.015637,-0.015861,3.071709,0.200020,-0.302580,-0.302580,0.000000,,0,0,0,1,1,0,-0.005303,0.009893,0.7083,-0.0416,0.2657,2,ok
0,51,0.256770,-1.638488,-0.013199,-0.015988,-0.013199,3.095706,0.200012,0.057715,0.057715,0.000000,C-06,0,0,0,1,1,0,-0.006986,-0.008652,0.7083,-0.0476,0.2668,2,ok
0,52,0.280770,-1.638903,-0.001000,-0.016403,-0.001000,3.119705,0.200030,0.151418,0.151418,0.000000,,0,0,0,1,1,0,-0.007999,-0.015075,0.7292,-0.0420,0.2665,2,ok
0,53,0.300770,-1.639172,0.004470,-0.016672,0.004470,3.139705,0.200010,0.071783,0.071783,0.000000,C-06,0,0,0,1,1,0,-0.007917,-0.005042,0.7708,-0.0254,0.2673,2,ok
0,54,0.324769,-1.639218,0.007728,-0.016718,0.007728,3.163705,0.199994,0.036133,0.036133,0.000000,,0,0,0,1,1,0,-0.006985,0.000895,0.7917,-0.0370,0.2671,2,ok
0,55,0.348768,-1.639212,0.012318,-0.016712,0.012318,3.186435,0.199985,0.055359,0.055359,0.000000,,0,0,0,1,1,0,-0.006683,0.003719,0.7917,-0.0343,0.2671,2,ok
0,56,0.368766,-1.639149,0.016008,-0.016649,0.016008,3.207701,0.199977,0.052429,0.052429,0.000000,,0,0,0,1,1,0,-0.005453,0.009666,0.7708,-0.0518,0.2671,2,ok
0,57,0.392763,-1.638793,0.016654,-0.016293,0.016654,3.231698,0.199997,0.004919,0.004919,0.000000,,0,0,0,1,1,0,-0.005408,0.013623,0.7292,-0.0400,0.2682,2,ok
0,58,0.416761,-1.638418,-0.002837,-0.015918,-0.002837,3.255697,0.200024,-0.254236,-0.254236,0.000000,C-06,0,0,0,1,1,0,-0.004588,0.015279,0.7292,-0.0506,0.2661,2,ok
0,59,0.440760,-1.638055,-0.013789,-0.015555,-0.013789,3.279696,0.199998,-0.124049,-0.124049,0.000000,,0,0,0,1,1,0,-0.006405,-0.003912,0.7083,-0.0442,0.2666,2,ok
0,60,0.464759,-1.638352,-0.005459,-0.015852,-0.005459,3.303695,0.200016,0.115032,0.115032,0.000000,C-06,0,0,0,1,1,0,-0.006849,-0.014911,0.6667,-0.0596,0.2648,2,ok
0,61,0.484759,-1.638630,-0.000640,-0.016130,-0.000640,3.323694,0.200019,0.065728,0.065728,0.000000,,0,0,0,1,1,0,-0.007626,-0.010836,0.7292,-0.0379,0.2672,2,ok
0,62,0.508759,-1.638745,0.001489,-0.016245,0.001489,3.347694,0.200001,0.022944,0.022944,0.000000,,0,0,0,1,1,0,-0.007172,-0.005150,0.7708,-0.0354,0.2673,2,ok
0,63,0.532759,-1.638824,0.005785,-0.016324,0.005785,3.371694,0.199998,0.052409,0.052409,0.000000,,0,0,0,1,1,0,-0.006364,-0.002900,0.7917,-0.0462,0.2681,2,ok
0,64,0.556758,-1.638903,0.012622,-0.016403,0.012622,3.395693,0.199986,0.083037,0.083037,0.000000,,0,0,0,1,1,0,-0.006695,0.002996,0.7500,-0.0300,0.2677,2,ok
0,65,0.580755,-1.638807,0.017041,-0.016307,0.017041,3.419691,0.199976,0.050354,0.050354,0.000000,,0,0,0,1,1,0,-0.005627,0.010854,0.7708,-0.0382,0.2669,2,ok
0,66,0.604752,-1.638432,0.015062,-0.015932,0.015062,3.443687,0.200003,-0.028322,-0.028322,0.000000,,0,0,0,1,1,0,-0.005312,0.012967,0.7292,-0.0397,0.2671,2,ok
0,67,0.628751,-1.638045,-0.007054,-0.015545,-0.007054,3.467686,0.200022,-0.284763,-0.284763,0.000000,C-06,0,0,0,1,1,0,-0.004266,0.012513,0.7292,-0.0509,0.2667,2,ok
0,68,0.652750,-1.638110,-0.010585,-0.015610,-0.010585,3.491685,0.199991,-0.026415,-0.026415,0.000000,C-06,0,0,0,1,1,0,-0.007054,-0.004637,0.6875,-0.0302,0.2674,2,ok
0,69,0.672749,-1.638276,-0.002827,-0.015776,-0.002827,3.511685,0.200006,0.123261,0.123261,0.000000,,0,0,0,1,1,0,-0.007692,-0.010759,0.7083,-0.0361,0.2679,2,ok
0,70,0.696749,-1.638462,0.000357,-0.015962,0.000357,3.535685,0.200004,0.032197,0.032197,0.000000,,0,0,0,1,1,0,-0.006797,-0.010316,0.7292,-0.0452,0.2664,2,ok
0,71,0.720749,-1.638614,0.004910,-0.016114,0.004910,3.559685,0.200002,0.055026,0.055026,0.000000,,0,0,0,1,1,0,-0.006622,-0.002692,0.7917,-0.0337,0.2671,2,ok
0,72,0.744749,-1.638737,0.010028,-0.016237,0.010028,3.583684,0.199991,0.060780,0.060780,0.000000,,0,0,0,1,1,0,-0.006375,0.001121,0.7917,-0.0372,0.2662,2,ok
0,73,0.768746,-1.638777,0.016170,-0.016277,0.016170,3.607682,0.199975,0.073819,0.073819,0.000000,,0,0,0,1,1,0,-0.005983,0.005544,0.7708,-0.0336,0.2674,2,ok
0,74,0.788744,-1.638483,0.016833,-0.015983,0.016833,3.627679,0.199997,0.004623,0.004623,0.000000,,0,0,0,1,1,0,-0.005204,0.011314,0.7083,-0.0323,0.2665,2,ok
0,75,0.812742,-1.638102,-0.001214,-0.015602,-0.001214,3.651678,0.200025,-0.237062,-0.237062,0.000000,C-06,0,0,0,1,1,0,-0.004577,0.013535,0.7083,-0.0385,0.2669,2,ok
0,76,0.836740,-1.637720,-0.024563,-0.015220,-0.024563,3.675675,0.199970,-0.279837,-0.279837,0.000000,,0,0,0,1,1,0,-0.005923,0.004763,0.6875,-0.0337,0.2657,2,ok
0,77,0.860734,-1.638263,-0.017142,-0.015763,-0.017142,3.699670,0.200032,0.115743,0.115743,0.000000,C-06,0,0,0,1,1,0,-0.009323,-0.024593,0.6458,-0.0294,0.2682,2,ok
0,78,0.884732,-1.638868,-0.004546,-0.016368,-0.004546,3.723668,0.200061,0.151509,0.151509,0.000000,,0,0,0,1,1,0,-0.008506,-0.022194,0.6875,-0.0460,0.2658,2,ok
0,79,0.904732,-1.639276,0.002156,-0.016776,0.002156,3.743668,0.200030,0.090517,0.090517,0.000000,,0,0,0,1,1,0,-0.007619,-0.013810,0.7500,-0.0509,0.2657,2,ok
0,80,0.928732,-1.639361,0.005083,-0.016861,0.005083,3.767668,0.199998,0.030531,0.030531,0.000000,,0,0,0,1,1,0,-0.006216,-0.001786,0.7708,-0.0784,0.2683,2,ok
0,81,0.952732,-1.639390,0.008832,-0.016890,0.008832,3.791667,0.199993,0.044939,0.044939,0.000000,,0,0,0,1,1,0,-0.006981,0.001843,0.7083,-0.0437,0.2646,2,ok
0,82,0.972730,-1.639399,0.013770,-0.016899,0.013770,3.811666,0.199982,0.072197,0.072197,0.000000,,0,0,0,1,1,0,-0.003624,0.004595,0.7500,-0.1353,0.2696,2,ok
0,83,0.996728,-1.639193,0.016436,-0.016693,0.016436,3.835663,0.199984,0.029197,0.029197,0.000000,,0,0,0,1,1,0,-0.003614,0.008431,0.6875,-0.1278,0.2709,2,ok
0,84,1.020726,-1.638842,0.000759,-0.016342,0.000759,3.859662,0.200022,-0.207685,-0.207685,0.000000,C-06,0,0,0,1,1,0,-0.002957,0.014277,0.6875,-0.1422,0.2713,2,ok
0,85,1.044725,-1.638483,-0.015142,-0.015983,-0.015142,3.883661,0.200001,-0.186673,-0.186673,0.000000,,0,0,0,1,1,0,-0.003261,0.004363,0.6667,-0.1761,0.2702,2,ok
0,86,1.068724,-1.638754,-0.006549,-0.016254,-0.006549,3.907659,0.200012,0.126087,0.126087,0.000000,C-06,0,0,0,1,1,0,-0.004768,-0.009611,0.6250,-0.1862,0.2702,2,ok
0,87,1.088723,-1.638923,-0.005135,-0.016423,-0.005135,3.927659,0.200003,0.012035,0.012035,0.000000,,0,0,0,1,1,0,-0.003363,-0.007723,0.6875,-0.2553,0.2645,2,ok
0,88,1.112723,-1.639106,-0.001383,-0.016606,-0.001383,3.951659,0.200006,0.046613,0.046613,0.000000,,0,0,0,1,1,0,-0.003702,-0.003338,0.7292,-0.2568,0.2640,2,ok
0,89,1.136723,-1.639288,0.007605,-0.016788,0.007605,3.975658,0.200001,0.110059,0.110059,0.000000,,0,0,0,1,1,0,-0.005914,0.004801,0.7292,-0.2304,0.2657,2,ok
0,90,1.160721,-1.639471,0.018555,-0.016971,0.018555,3.999656,0.199973,0.131474,0.131474,0.000000,,0,0,0,1,1,0,-0.004581,0.014155,0.7292,-0.2765,0.2633,2,ok
0,91,1.184716,-1.639130,0.020893,-0.016630,0.020893,4.023651,0.199983,0.021412,0.021412,0.000000,,0,0,0,1,1,0,-0.005728,0.036996,0.7292,-0.2324,0.2669,2,ok
0,92,1.204713,-1.638759,0.014168,-0.016259,0.014168,4.043648,0.200014,-0.107094,-0.107094,0.000000,,0,0,0,1,1,0,-0.006346,0.045274,0.6875,-0.1968,0.2666,2,ok
0,93,1.228712,-1.638311,-0.016200,-0.015811,-0.016200,4.067647,0.200013,-0.388237,-0.388237,0.000000,C-06,0,0,0,1,1,0,-0.008688,0.051118,0.7083,-0.1494,0.2658,2,ok
0,94,1.252706,-1.638275,-0.026319,-0.015775,-0.026319,4.091641,0.199934,-0.108827,-0.108827,0.000000,C-06,0,0,0,1,1,0,-0.012296,0.035688,0.6667,-0.1473,0.2652,2,ok
0,95,1.272700,-1.638775,-0.021895,-0.016275,-0.021895,4.111635,0.200019,0.074006,0.074006,0.000000,C-06,0,0,0,1,1,0,-0.013693,0.023764,0.6458,-0.1348,0.2689,2,ok
0,96,1.296694,-1.639298,-0.023546,-0.016798,-0.023546,4.135629,0.199991,-0.025772,-0.025772,0.000000,,0,0,0,1,1,0,-0.014760,0.027012,0.7083,-0.1056,0.2696,2,ok
0,97,1.320688,-1.639838,-0.020743,-0.017338,-0.018686,4.159623,0.200007,0.038034,0.038034,0.000000,,0,0,0,1,1,0,-0.014339,0.031953,0.7500,-0.1112,0.2663,2,ok
0,98,1.344684,-1.640380,-0.014487,-0.017880,-0.012430,4.183620,0.200029,0.077227,0.077227,0.000000,,0,0,0,1,1,0,-0.014826,0.037086,0.7500,-0.0943,0.2664,2,ok
0,99,1.368682,-1.640921,-0.008449,-0.018421,-0.002259,4.207618,0.200043,0.071291,0.071291,0.000000,,0,0,0,1,1,0,-0.013240,0.043570,0.7292,-0.1077,0.2654,2,ok
0,100,1.388682,-1.641101,-0.008351,-0.018601,-0.002162,4.227617,0.200000,-0.003107,-0.003107,0.000000,,0,0,0,1,1,0,-0.014102,0.055325,0.7083,-0.0341,0.2679,2,ok
0,101,1.412679,-1.641297,-0.020635,-0.018647,-0.006599,4.251807,0.199967,-0.157884,-0.157884,0.000000,C-06,0,0,0,1,1,0,-0.013858,0.062365,0.6875,-0.0088,0.2685,2,ok
0,102,1.436664,-1.641493,-0.050481,-0.018596,-0.036445,4.275793,0.199766,-0.378806,-0.378806,0.000000,C-06,0,0,0,1,1,0,-0.012882,0.053112,0.6667,-0.0377,0.2652,2,ok
0,103,1.460631,-1.642680,-0.052074,-0.019390,-0.028638,4.299973,0.200003,0.004326,0.004326,0.000000,C-06,0,0,0,1,1,0,-0.018624,0.031337,0.6458,0.0542,0.2703,2,ok
0,104,1.484601,-1.643935,-0.047777,-0.020150,-0.024341,4.323963,0.200044,0.055482,0.055482,0.000000,,0,0,0,1,1,0,-0.018580,0.024726,0.6875,0.0712,0.2669,2,ok
0,105,1.504579,-1.644973,-0.045885,-0.020589,-0.011055,4.344343,0.200051,0.025816,0.025816,0.000000,,0,0,0,1,1,0,-0.018580,0.024726,0.6875,0.0712,0.2669,2,ok
0,106,1.528557,-1.646196,-0.039228,-0.020871,-0.004399,4.368351,0.200103,0.084828,0.084828,0.000000,,0,0,0,1,1,0,-0.014401,0.027232,0.7292,0.0130,0.2649,2,ok
0,107,1.552541,-1.647403,-0.033109,-0.021059,0.012325,4.392527,0.200122,0.073039,0.073039,0.000000,,0,0,0,1,1,0,-0.013060,0.034780,0.7083,0.0172,0.2605,2,ok
0,108,1.572532,-1.648304,-0.028277,-0.021020,0.017157,4.412538,0.200102,0.069446,0.069446,0.000000,,0,0,0,1,1,0,-0.012455,0.039899,0.7083,0.0192,0.2635,2,ok
0,109,1.596521,-1.648997,-0.031828,-0.020534,0.024024,4.436739,0.199978,-0.051282,-0.051282,0.000000,,0,0,0,1,1,0,-0.010042,0.038477,0.7083,0.0109,0.2670,2,ok
0,110,1.620498,-1.649667,-0.058352,-0.019838,-0.002500,4.460714,0.199753,-0.353747,-0.353747,0.000000,C-06,0,0,0,1,1,0,-0.011322,0.040718,0.6875,0.1016,0.2711,2,ok
0,111,1.644442,-1.650358,-0.077140,-0.019140,-0.014616,4.484780,0.199526,-0.222565,-0.222565,0.000000,,0,0,0,1,1,0,-0.013410,0.022872,0.6875,0.0928,0.2673,2,ok
0,112,1.668374,-1.652127,-0.070729,-0.019391,-0.008205,4.508777,0.200082,0.103702,0.103702,0.000000,C-06,0,0,0,1,1,0,-0.014473,0.004023,0.6667,0.1054,0.2670,2,ok
0,113,1.688328,-1.653659,-0.066341,-0.019658,-0.003817,4.528787,0.200144,0.061993,0.061993,0.000000,,0,0,0,1,1,0,-0.015707,-0.001246,0.7708,0.1577,0.2680,2,ok
0,114,1.712281,-1.655498,-0.057969,-0.019759,0.010817,4.552996,0.200247,0.105422,0.105422,0.000000,,0,0,0,1,1,0,-0.015882,0.006028,0.7917,0.1778,0.2671,2,ok
0,115,1.736245,-1.657213,-0.050945,-0.019727,0.017841,4.577022,0.200203,0.084563,0.084563,0.000000,,0,0,0,1,1,0,-0.013447,0.010842,0.7917,0.1585,0.2645,2,ok
0,116,1.760217,-1.658666,-0.046008,-0.019437,0.026984,4.601033,0.200123,0.058530,0.058530,0.000000,,0,0,0,1,1,0,-0.012621,0.015724,0.7500,0.2023,0.2675,2,ok
0,117,1.784192,-1.659781,-0.045698,-0.018810,0.027295,4.625026,0.200001,0.000383,0.000383,0.000000,,0,0,0,1,1,0,-0.011611,0.012962,0.7292,0.2152,0.2677,2,ok
0,118,1.804165,-1.660696,-0.060008,-0.018181,0.015891,4.645116,0.199860,-0.231277,-0.231277,0.000000,C-06,0,0,0,1,1,0,-0.009884,0.011393,0.7292,0.2093,0.2675,2,ok
0,119,1.828101,-1.661794,-0.085318,-0.017404,-0.009419,4.669065,0.199502,-0.317846,-0.317846,0.000000,,0,0,0,1,1,0,-0.010032,0.006617,0.6875,0.2253,0.2682,2,ok
0,120,1.852017,-1.663755,-0.080161,-0.017492,-0.003335,4.693055,0.200066,0.095029,0.095029,0.000000,C-06,0,0,0,1,1,0,-0.011862,-0.032631,0.6667,0.2151,0.2663,2,ok
0,121,1.871959,-1.665443,-0.071575,-0.017622,0.005251,4.713069,0.200194,0.130520,0.130520,0.000000,,0,0,0,1,1,0,-0.013197,-0.033919,0.7083,0.2672,0.2668,2,ok
0,122,1.895905,-1.667470,-0.061993,-0.017777,0.014575,4.737097,0.200323,0.117090,0.117090,0.000000,,0,0,0,1,1,0,-0.011760,-0.029829,0.7500,0.2549,0.2659,2,ok
0,123,1.919865,-1.669373,-0.053039,-0.017812,0.023528,4.761133,0.200281,0.109029,0.109029,0.000000,,0,0,0,1,1,0,-0.010216,-0.029904,0.7708,0.2491,0.2663,2,ok
0,124,1.943835,-1.670924,-0.047071,-0.017496,0.027227,4.785143,0.200154,0.070380,0.070380,0.000000,,0,0,0,1,1,0,-0.007306,-0.027179,0.7292,0.2184,0.2647,2,ok
0,125,1.967810,-1.672174,-0.044456,-0.016889,0.029842,4.809143,0.200057,0.029698,0.029698,0.000000,,0,0,0,1,1,0,-0.009997,-0.024937,0.7292,0.3233,0.2684,2,ok
0,126,1.987790,-1.673105,-0.047436,-0.016274,0.026862,4.829134,0.199991,-0.050287,-0.050287,0.000000,,0,0,0,1,1,0,-0.004775,-0.028301,0.7083,0.1821,0.2559,2,ok
0,127,2.011757,-1.674215,-0.057701,-0.015671,0.013139,4.853020,0.199887,-0.131196,-0.131196,0.000000,,0,0,0,1,1,0,-0.011359,-0.031251,0.7292,0.4080,0.2687,2,ok
0,128,2.035721,-1.675554,-0.050134,-0.015300,0.020706,4.877019,0.200062,0.106299,0.106299,0.000000,C-06,0,0,0,1,1,0,-0.011868,-0.039295,0.6667,0.4029,0.2691,2,ok
0,129,2.059698,-1.676905,-0.036949,-0.015031,0.028922,4.900966,0.200176,0.163415,0.163415,0.000000,,0,0,0,1,1,0,-0.013405,-0.053580,0.6458,0.4940,0.2720,2,ok
0,130,2.083685,-1.678206,-0.027542,-0.014723,0.038328,4.924987,0.200177,0.109545,0.109545,0.000000,,0,0,0,1,1,0,-0.013113,-0.048211,0.7083,0.5048,0.2724,2,ok
0,131,2.103679,-1.679003,-0.022537,-0.014269,0.036396,4.944900,0.200085,0.068617,0.068617,0.000000,,0,0,0,1,1,0,-0.008750,-0.044545,0.7292,0.4712,0.2657,2,ok
0,132,2.127675,-1.679873,-0.014619,-0.013682,0.044315,4.968905,0.200101,0.096238,0.096238,0.000000,,0,0,0,1,1,0,-0.010163,-0.043292,0.7708,0.5590,0.2681,2,ok
0,133,2.151673,-1.680402,-0.010832,-0.012839,0.039652,4.992792,0.200027,0.041286,0.041286,0.000000,,0,0,0,1,1,0,-0.007581,-0.045239,0.7500,0.5578,0.2669,2,ok
0,134,2.171672,-1.680671,-0.009744,-0.012049,0.040740,5.012777,0.200006,0.013536,0.013536,0.000000,,0,0,0,1,1,0,-0.007670,-0.048105,0.7500,0.6112,0.2723,2,ok
0,135,2.195670,-1.680972,-0.011640,-0.011118,0.028920,5.036644,0.200002,-0.024797,-0.024797,0.000000,,0,0,0,1,1,0,0.004127,-0.065077,0.6875,0.2695,0.2481,2,ok
0,136,2.219668,-1.681273,-0.015223,-0.010394,0.025337,5.060632,0.199993,-0.043655,-0.043655,0.000000,,0,0,0,1,1,0,-0.008164,-0.077078,0.7083,0.7041,0.2703,2,ok
0,137,2.239667,-1.681578,-0.007239,-0.009845,0.033321,5.080626,0.200018,0.129128,0.129128,0.000000,C-06,0,0,0,1,1,0,-0.003872,-0.096280,0.6875,0.6165,0.2673,2,ok
0,138,2.263667,-1.681948,0.001797,-0.009467,0.029833,5.104492,0.200024,0.105189,0.105189,0.000000,,0,0,0,1,1,0,-0.003872,-0.096280,0.6875,0.6165,0.2673,2,ok
0,139,2.287666,-1.682308,0.011347,-0.009129,0.039383,5.128492,0.200005,0.113383,0.113383,0.000000,,0,0,0,1,1,0,-0.006235,-0.108993,0.6875,0.7262,0.2692,2,ok
0,140,2.307664,-1.682480,0.019363,-0.008866,0.032626,5.148383,0.199967,0.114500,0.114500,0.000000,,0,0,0,1,1,0,-0.003664,-0.113394,0.7708,0.7487,0.2670,2,ok
0,141,2.327658,-1.682553,0.029532,-0.008593,0.042795,5.168375,0.199916,0.147753,0.147753,0.000000,,0,0,0,1,1,0,-0.004649,-0.111808,0.7500,0.8019,0.2666,2,ok
0,142,2.351643,-1.682294,0.039069,-0.008002,0.035119,5.192200,0.199875,0.112816,0.112816,0.000000,,0,0,0,1,1,0,-0.003536,-0.114519,0.7292,0.8113,0.2654,2,ok
0,143,2.371625,-1.681892,0.046793,-0.007638,0.042843,5.212182,0.199841,0.112281,0.112281,0.000000,,0,0,0,1,1,0,0.000088,-0.111777,0.7708,0.7429,0.2637,2,ok
0,144,2.395592,-1.681249,0.057287,-0.007041,0.053338,5.236151,0.199774,0.129070,0.129070,0.000000,,0,0,0,1,1,0,-0.001094,-0.131004,0.7292,0.8090,0.2616,2,ok
0,145,2.419543,-1.680458,0.071088,-0.006673,0.047838,5.259980,0.199637,0.172642,0.172642,0.000000,,0,0,0,1,1,0,0.003135,-0.141447,0.7500,0.7504,0.2647,2,ok
0,146,2.439482,-1.679669,0.084865,-0.006300,0.061615,5.279931,0.199487,0.207179,0.207179,0.000000,,0,0,0,1,1,0,0.004223,-0.146490,0.6875,0.7546,0.2619,2,ok
0,147,2.463391,-1.677797,0.088644,-0.005174,0.041809,5.303760,0.199884,0.035563,0.035563,0.000000,C-06,0,0,0,1,1,0,0.005241,-0.149498,0.6667,0.7565,0.2633,2,ok
0,148,2.487296,-1.675709,0.089475,-0.004124,0.042640,5.327733,0.199970,0.008827,0.008827,0.000000,,0,0,0,1,1,0,0.005241,-0.149498,0.6667,0.7565,0.2633,2,ok
0,149,2.507217,-1.673955,0.088162,-0.003235,0.041327,5.345933,0.199992,-0.021841,-0.021841,0.000000,,0,0,0,1,1,0,0.009066,-0.183684,0.7500,0.6754,0.2607,2,ok
0,150,2.527130,-1.672196,0.100040,-0.002864,0.027852,5.367619,0.199790,0.197679,0.197679,0.000000,C-06,0,0,0,1,1,0,0.007256,-0.199311,0.7708,0.7049,0.2639,2,ok
