frame,stamp_s,ey_m,epsi_rad,lane_width_m,paired,n_lines,confidence,reason,line_c0_m,curvature_1pm,true_ey_m,station,s_m
000000.png,1788183772.020,0.02326,-0.27521,0.24500,0,3,0.188,single_line,-0.21044;-0.14576;0.22189,0.00000,0.00000,0,
000001.png,1788183772.020,0.02326,-0.27521,0.24500,0,3,0.188,single_line,-0.21044;-0.14576;0.22189,0.00000,0.00000,0,
000002.png,1788183772.120,0.02113,-0.26901,0.24500,0,3,0.250,single_line,-0.21852;-0.14363;0.23066,0.00000,0.00000,0,
000003.png,1788183772.170,0.01767,-0.25245,0.24500,0,3,0.208,single_line,-0.20917;-0.14017;0.22907,0.00000,0.00000,0,
000004.png,1788183772.220,0.02426,-0.27954,0.24500,0,3,0.208,single_line,-0.21135;-0.14676;0.23066,0.00000,0.00000,0,
000005.png,1788183772.270,0.02417,-0.27974,0.24500,0,3,0.208,single_line,-0.20856;-0.14667;0.23605,0.00000,0.00000,0,
000006.png,1788183772.321,0.01842,-0.25109,0.24500,0,3,0.167,single_line,-0.20856;-0.14092;0.23066,0.00000,0.00000,0,
000007.png,1788183772.420,0.02346,-0.28077,0.24500,0,3,0.250,single_line,-0.21002;-0.14596;0.22255,0.00000,0.00000,0,
000008.png,1788183772.470,0.02416,-0.27941,0.24500,0,3,0.208,single_line,-0.20856;-0.14666;0.22580,0.00000,0.00000,0,
000009.png,1788183772.520,0.01668,-0.24658,0.24500,0,4,0.229,single_line,-0.21281;-0.13918;0.21358;0.23840,0.00000,0.00000,0,
000010.png,1788183772.570,0.01839,-0.25516,0.24500,0,3,0.208,single_line,-0.21129;-0.14089;0.22364,0.00000,0.00000,0,
000011.png,1788183772.670,0.02008,-0.26042,0.24500,0,3,0.208,single_line,-0.21427;-0.14258;0.22545,0.00000,0.00000,0,
000012.png,1788183772.720,0.05306,-0.25160,0.17048,1,4,0.292,ok,-0.21002;-0.14107;0.03496;0.22523,-0.17371,0.00000,0,
000013.png,1788183772.770,0.03297,-0.28624,0.23010,0,3,0.188,single_line,-0.20876;-0.14802;0.24240,0.00000,0.00000,0,
000014.png,1788183772.820,0.02463,-0.24910,0.23010,0,3,0.208,single_line,-0.21129;-0.13968;0.24005,0.00000,0.00000,0,
000015.png,1788183772.870,0.03116,-0.27720,0.23010,0,3,0.208,single_line,-0.21342;-0.14621;0.22523,0.00000,0.00000,0,
000016.png,1788183772.970,0.02774,-0.26129,0.23010,0,4,0.208,single_line,-0.78848;-0.21301;-0.14279;0.22739,0.00000,0.00000,0,
000017.png,1788183773.020,0.03211,-0.28188,0.23010,0,3,0.188,single_line,-0.20856;-0.14716;0.22189,0.00000,0.00000,0,
000018.png,1788183773.070,0.03168,-0.27992,0.23010,0,3,0.229,single_line,-0.20730;-0.14672;0.22907,0.00000,0.00000,0,
000019.png,1788183773.120,0.02399,-0.24248,0.23010,0,3,0.188,single_line,-0.21408;-0.13904;0.23066,0.00000,0.00000,0,
000020.png,1788183773.170,0.02464,-0.24535,0.23010,0,3,0.188,single_line,-0.20876;-0.13969;0.23605,0.00000,0.00000,0,
000021.png,1788183773.220,0.05210,-0.27048,0.17804,1,3,0.312,ok,-0.21002;-0.14448;0.04028,0.00000,0.00000,0,
000022.png,1788183773.320,0.03696,-0.28041,0.21969,0,3,0.188,single_line,-0.21554;-0.14680;0.22583,0.00000,0.00000,0,
000023.png,1788183773.370,0.03203,-0.25698,0.21969,0,3,0.208,single_line,-0.21044;-0.14187;0.22742,0.00000,0.00000,0,
000024.png,1788183773.420,0.03661,-0.27851,0.21969,0,3,0.208,single_line,-0.20856;-0.14645;0.24005,0.00000,0.00000,0,
000025.png,1788183773.470,0.03699,-0.28016,0.21969,0,3,0.208,single_line,-0.21002;-0.14683;0.24005,0.00000,0.00000,0,
000026.png,1788183773.520,0.05305,-0.27795,0.17949,1,3,0.312,ok,-0.21281;-0.14638;0.04028,0.00000,0.00000,0,
000027.png,1788183773.620,0.04081,-0.27928,0.21165,0,3,0.188,single_line,-0.21427;-0.14664;0.21861,0.00000,0.00000,0,
000028.png,1788183773.670,0.04181,-0.28444,0.21165,0,3,0.208,single_line,-0.20983;-0.14764;0.22907,0.00000,0.00000,0,
000029.png,1788183773.720,0.03893,-0.27168,0.21165,0,3,0.208,single_line,-0.21281;-0.14476;0.22583,0.00000,0.00000,0,
000030.png,1788183773.770,0.02797,-0.21870,0.21165,0,3,0.188,single_line,-0.21281;-0.13380;0.24005,0.00000,0.00000,1,0.000
000031.png,1788183773.870,0.03812,-0.26562,0.21165,0,3,0.188,single_line,-0.21002;-0.14394;0.22907,0.00000,0.00000,1,0.000
000032.png,1788183773.920,0.03660,-0.26105,0.21165,0,3,0.208,single_line,-0.21135;-0.14242;0.22364,0.00000,0.00000,1,0.000
000033.png,1788183773.970,0.03569,-0.25357,0.21165,0,3,0.167,single_line,-0.20976;-0.14152;0.24005,0.00000,0.00000,1,0.000
000034.png,1788183774.021,0.03569,-0.25357,0.21165,0,3,0.167,single_line,-0.21002;-0.14152;0.22364,0.00000,0.00000,1,0.000
000035.png,1788183774.070,0.04220,-0.28624,0.21165,0,3,0.188,single_line,-0.21427;-0.14802;0.23088,0.00000,0.00000,1,0.000
000036.png,1788183774.170,0.03897,-0.27180,0.21165,0,4,0.229,single_line,-0.21726;-0.14528;-0.14479;0.22742,0.00000,0.00000,1,0.000
000037.png,1788183774.220,0.03569,-0.25357,0.21165,0,3,0.167,single_line,-0.21281;-0.14152;0.21861,0.00000,0.00000,1,0.000
000038.png,1788183774.270,0.03744,-0.26630,0.21165,0,3,0.229,single_line,-0.21281;-0.14326;0.23088,0.00000,0.00000,1,0.000
000039.png,1788183774.320,0.04185,-0.28447,0.21165,0,3,0.188,single_line,-0.21408;-0.14768;0.23605,0.00000,0.00000,1,0.000
000040.png,1788183774.370,0.03411,-0.25073,0.21165,0,3,0.208,single_line,-0.21002;-0.13994;0.22583,0.00000,0.00000,1,0.000
000041.png,1788183774.421,0.03546,-0.25367,0.21165,0,3,0.208,single_line,-0.21301;-0.14128;0.22583,0.00000,0.00000,1,0.000
000042.png,1788183774.520,0.04133,-0.28188,0.21165,0,3,0.188,single_line,-0.21469;-0.14716;0.22523,0.00000,0.00000,1,0.000
000043.png,1788183774.570,-0.02366,-0.60217,0.21165,0,3,0.083,single_line,-0.20405;-0.14638;-0.08217,0.00000,0.00000,1,0.000
000044.png,1788183774.620,0.03782,-0.26440,0.21165,0,4,0.188,single_line,-0.21554;-0.14364;0.23088;0.24462,0.00000,0.00000,1,0.000
000045.png,1788183774.670,0.01418,-0.05999,0.21165,0,3,0.250,single_line,-0.21129;-0.12000;0.24005,0.93698,0.00000,1,0.000
000046.png,1788183774.721,0.03961,-0.27539,0.21165,0,3,0.229,single_line,-0.20898;-0.14543;0.23840,0.00000,0.00000,1,0.000
000047.png,1788183774.721,0.03961,-0.27539,0.21165,0,3,0.229,single_line,-0.20898;-0.14543;0.23840,0.00000,0.00000,1,0.000
000048.png,1788183774.870,0.03557,-0.25654,0.21165,0,3,0.208,single_line,-0.21198;-0.14140;0.22907,0.00000,0.00000,1,0.000
000049.png,1788183774.920,-0.02073,-0.25357,0.31234,1,4,0.312,ok,-0.21281;-0.14060;0.18206;0.23605,0.00000,0.00000,1,0.000
000050.png,1788183774.970,0.02758,-0.26365,0.23179,0,3,0.208,single_line,-0.20424;-0.14348;0.22364,0.00000,0.00000,1,0.000
000051.png,1788183775.020,0.03205,-0.28580,0.23179,0,3,0.208,single_line,-0.21301;-0.14795;0.22911,0.00000,0.00000,1,0.000
000052.png,1788183775.120,0.02562,-0.25357,0.23179,0,3,0.167,single_line,-0.21002;-0.14152;0.22168,0.00000,0.00000,1,0.000
000053.png,1788183775.170,0.05348,-0.27669,0.17823,1,3,0.271,ok,-0.21811;-0.14612;0.03916,0.00000,0.00000,1,0.000
000054.png,1788183775.220,0.03298,-0.26365,0.22107,0,3,0.188,single_line,-0.21002;-0.14351;0.23840,0.00000,0.00000,1,0.000
000055.png,1788183775.270,0.03714,-0.28447,0.22107,0,3,0.188,single_line,-0.20856;-0.14768;0.22907,0.00000,0.00000,1,0.000
000056.png,1788183775.320,0.02914,-0.24910,0.22107,0,3,0.208,single_line,-0.21427;-0.13968;0.24005,0.00000,0.00000,1,0.000
000057.png,1788183775.420,0.02760,-0.23905,0.22107,0,3,0.167,single_line,-0.20983;-0.13813;0.24005,0.00000,0.00000,1,0.000
000058.png,1788183775.470,0.03098,-0.25357,0.22107,0,3,0.167,single_line,-0.21427;-0.14152;0.22580,0.00000,0.00000,1,0.000
000059.png,1788183775.520,0.03835,-0.29075,0.22107,0,3,0.188,single_line,-0.21554;-0.14889;0.23840,0.00000,0.00000,1,0.000
000060.png,1788183775.570,0.03558,-0.27669,0.22107,0,3,0.188,single_line,-0.21281;-0.14612;0.22711,0.00000,0.00000,1,0.000
000061.png,1788183775.620,-0.05203,-0.30059,0.32785,1,3,0.396,ok,-0.20730;-0.11959;0.22364,1.30628,0.00000,1,0.000
000062.png,1788183775.720,0.02209,-0.26486,0.24243,0,3,0.188,single_line,-0.21002;-0.14330;0.23605,0.00000,0.00000,1,0.000
000063.png,1788183775.770,0.05160,-0.27521,0.18123,1,3,0.292,ok,-0.21381;-0.14576;0.04256,0.00000,0.00000,1,0.000
000064.png,1788183775.820,0.02911,-0.26700,0.23019,0,3,0.208,single_line,-0.21427;-0.14421;0.22189,0.00000,0.00000,1,0.000
000065.png,1788183775.870,0.03157,-0.27941,0.23019,0,3,0.208,single_line,-0.20876;-0.14666;0.22907,0.00000,0.00000,1,0.000
000066.png,1788183775.920,0.00181,-0.22000,0.25817,1,4,0.271,ok,-0.21427;-0.13409;0.13046;0.23605,0.00000,0.00000,1,0.000
000067.png,1788183776.020,-0.00545,-0.25160,0.28203,1,4,0.292,ok,-0.21427;-0.14015;0.15105;0.22368,0.00000,0.00000,1,0.000
000068.png,1788183776.070,0.02360,-0.27669,0.24504,0,3,0.188,single_line,-0.20983;-0.14612;0.22189,0.00000,0.00000,1,0.000
000069.png,1788183776.120,0.01746,-0.25121,0.24504,0,3,0.229,single_line,-0.20983;-0.13998;0.22583,0.00000,0.00000,1,0.000
000070.png,1788183776.170,-0.34658,0.74404,0.17024,1,4,0.271,ok,-0.21281;-0.13794;0.23088;0.46227,1.37448,0.00000,1,0.000
000071.png,1788183776.220,0.02386,-0.24448,0.23008,0,3,0.208,single_line,-0.21979;-0.13890;0.24005,0.00000,0.00000,1,0.000
000072.png,1788183776.320,0.02648,-0.25357,0.23008,0,3,0.167,single_line,-0.21408;-0.14152;0.23305,0.00000,0.00000,1,0.000
000073.png,1788183776.370,0.03382,-0.29012,0.23008,0,3,0.208,single_line,-0.21002;-0.14886;0.23605,0.00000,0.00000,1,0.000
000074.png,1788183776.420,0.02826,-0.26486,0.23008,0,3,0.188,single_line,-0.20940;-0.14330;0.22583,0.00000,0.00000,1,0.000
000075.png,1788183776.470,0.02341,-0.24308,0.23008,0,3,0.208,single_line,-0.20814;-0.13845;0.22189,0.00000,0.00000,1,0.000
000076.png,1788183776.520,0.02937,-0.26999,0.23008,0,3,0.250,single_line,-0.21281;-0.14441;0.22730,0.00000,0.00000,1,0.000
000077.png,1788183776.620,0.03174,-0.28181,0.23008,0,3,0.208,single_line,-0.21301;-0.14678;0.22797,0.00000,0.00000,1,0.000
000078.png,1788183776.670,0.03212,-0.28188,0.23008,0,3,0.188,single_line,-0.21002;-0.14716;0.22364,0.00000,0.00000,1,0.000
000079.png,1788183776.670,0.03212,-0.28188,0.23008,0,3,0.188,single_line,-0.21002;-0.14716;0.22364,0.00000,0.00000,1,0.000
000080.png,1788183776.770,0.03108,-0.27669,0.23008,0,3,0.188,single_line,-0.20730;-0.14612;0.22742,0.00000,0.00000,1,0.000
000081.png,1788183776.870,0.02860,-0.26440,0.23008,0,3,0.188,single_line,-0.20745;-0.14364;0.25214,0.00000,0.00000,1,0.000
000082.png,1788183776.870,0.02860,-0.26440,0.23008,0,3,0.188,single_line,-0.20745;-0.14364;0.25214,0.00000,0.00000,1,0.000
000083.png,1788183776.970,0.02648,-0.25357,0.23008,0,3,0.167,single_line,-0.21155;-0.14152;0.22907,0.00000,0.00000,1,0.000
000084.png,1788183777.021,0.02648,-0.25357,0.23008,0,3,0.167,single_line,-0.21427;-0.14152;0.22580,0.00000,0.00000,1,0.000
000085.png,1788183777.070,0.02848,-0.26365,0.23008,0,3,0.188,single_line,-0.20619;-0.14351;0.22907,0.00000,0.00000,1,0.000
000086.png,1788183777.123,0.02610,-0.25155,0.23008,0,3,0.167,single_line,-0.21301;-0.14114;0.25748,0.00000,0.00000,1,0.000
000087.png,1788183777.220,0.03007,-0.27140,0.23008,0,3,0.188,single_line,-0.20876;-0.14511;0.23196,0.00000,0.00000,1,0.000
000088.png,1788183777.270,0.03344,-0.28822,0.23008,0,3,0.208,single_line,-0.21002;-0.14848;0.22040,0.00000,0.00000,1,0.000
000089.png,1788183777.320,0.03182,-0.28004,0.23008,0,3,0.188,single_line,-0.20856;-0.14686;0.23488,0.00000,0.00000,1,0.000
000090.png,1788183777.370,0.02648,-0.25357,0.23008,0,3,0.167,single_line,-0.21385;-0.14152;0.24005,0.00000,0.00000,1,0.000
000091.png,1788183777.420,-0.02426,-0.22319,0.31022,1,4,0.312,ok,-0.21129;-0.13479;0.18332;0.23196,0.00000,0.00000,1,0.000
000092.png,1788183777.520,0.05074,-0.26627,0.18002,1,3,0.292,ok,-0.21129;-0.14403;0.04256,0.00000,0.00000,1,0.000
000093.png,1788183777.570,0.03071,-0.28188,0.23289,0,3,0.188,single_line,-0.21554;-0.14716;0.25748,0.00000,0.00000,1,0.000
000094.png,1788183777.620,0.02915,-0.27423,0.23289,0,3,0.188,single_line,-0.21281;-0.14559;0.22580,0.00000,0.00000,1,0.000
000095.png,1788183777.670,-0.11057,0.37114,0.21075,1,4,0.229,ok,-0.21281;-0.14334;-0.00250;0.22364,0.00000,0.00000,1,0.000
000096.png,1788183777.720,0.03189,-0.27669,0.22846,0,3,0.188,single_line,-0.21427;-0.14612;0.23605,0.00000,0.00000,1,0.000
000097.png,1788183777.820,0.03449,-0.28963,0.22846,0,3,0.188,single_line,-0.21554;-0.14872;0.22040,0.00000,0.00000,1,0.000
000098.png,1788183777.870,0.03189,-0.27669,0.22846,0,3,0.188,single_line,-0.21769;-0.14612;0.24005,0.00000,0.00000,1,0.000
000099.png,1788183777.921,0.02729,-0.25357,0.22846,0,4,0.167,single_line,-0.20592;-0.14152;0.22583;0.29485,0.00000,0.00000,1,0.000
000100.png,1788183777.970,0.03345,-0.28447,0.22846,0,3,0.188,single_line,-0.21155;-0.14768;0.25748,0.00000,0.00000,1,0.000
000101.png,1788183778.070,-0.00023,-0.29555,0.28744,1,4,0.312,ok,-0.21427;-0.15000;0.15047;0.22583,0.00000,0.00000,1,0.000
000102.png,1788183778.120,0.01977,-0.25008,0.24026,0,3,0.208,single_line,-0.21427;-0.13990;0.22907,0.00000,0.00000,1,0.000
000103.png,1788183778.170,0.02720,-0.28300,0.24026,0,3,0.188,single_line,-0.20856;-0.14732;0.24005,0.00000,0.00000,1,0.000
000104.png,1788183778.220,0.02599,-0.27669,0.24026,0,3,0.188,single_line,-0.21281;-0.14612;0.22364,0.00000,0.00000,1,0.000
000105.png,1788183778.270,0.01853,-0.24346,0.24026,0,3,0.208,single_line,-0.21002;-0.13866;0.23151,0.00000,0.00000,1,0.000
000106.png,1788183778.320,0.02381,-0.26562,0.24026,0,3,0.188,single_line,-0.21665;-0.14394;0.22583,0.00000,0.00000,1,0.000
000107.png,1788183778.370,0.02356,-0.26429,0.24026,0,3,0.188,single_line,-0.21427;-0.14369;0.24005,0.00000,0.00000,1,0.000
000108.png,1788183778.470,0.01830,-0.24294,0.24026,0,4,0.229,single_line,-0.68856;-0.21155;-0.13843;0.22907,0.00000,0.00000,1,0.000
000109.png,1788183778.520,0.02139,-0.25357,0.24026,0,3,0.167,single_line,-0.21002;-0.14152;0.22037,0.00000,0.00000,1,0.000
000110.png,1788183778.570,-0.00501,-0.27941,0.29159,1,4,0.292,ok,-0.21002;-0.14666;0.15669;0.22907,0.00000,0.00000,1,0.000
000111.png,1788183778.670,0.01626,-0.25357,0.25052,0,3,0.167,single_line,-0.21044;-0.14152;0.23605,0.00000,0.00000,1,0.000
000112.png,1788183778.720,0.02066,-0.27574,0.25052,0,3,0.208,single_line,-0.20405;-0.14592;0.22189,0.00000,0.00000,1,0.000
000113.png,1788183778.770,-0.01882,-0.28333,0.31929,1,4,0.292,ok,-0.21024;-0.14746;0.18509;0.22907,0.00000,0.00000,1,0.000
000114.png,1788183778.820,0.00900,-0.25155,0.26428,0,3,0.167,single_line,-0.20745;-0.14114;0.24005,0.00000,0.00000,1,0.000
000115.png,1788183778.870,0.00900,-0.25155,0.26428,0,3,0.167,single_line,-0.21002;-0.14114;0.22583,0.00000,0.00000,1,0.000
000116.png,1788183778.920,0.01190,-0.26627,0.26428,0,3,0.188,single_line,-0.20856;-0.14403;0.22583,0.00000,0.00000,1,0.000
000117.png,1788183779.020,0.01239,-0.26851,0.26428,0,3,0.188,single_line,-0.21281;-0.14452;0.21712,0.00000,0.00000,1,0.000
000118.png,1788183779.070,0.00874,-0.25026,0.26428,0,3,0.167,single_line,-0.21301;-0.14087;0.23605,0.00000,0.00000,1,0.000
000119.png,1788183779.120,-0.02399,-0.25357,0.32043,1,4,0.250,ok,-0.21852;-0.14152;0.18949;0.22911,0.00000,0.00000,1,0.000
000120.png,1788183779.170,0.00965,-0.28306,0.27551,0,3,0.208,single_line,-0.21301;-0.14740;0.24005,0.00000,0.00000,1,0.000
000121.png,1788183779.220,0.00862,-0.27795,0.27551,0,3,0.208,single_line,-0.21102;-0.14638;0.24005,0.00000,0.00000,1,0.000
000122.png,1788183779.271,0.00211,-0.24807,0.27551,0,3,0.208,single_line,-0.21408;-0.13986;0.22364,0.00000,0.00000,1,0.000
000123.png,1788183779.320,0.00339,-0.25155,0.27551,0,3,0.167,single_line,-0.21155;-0.14114;0.23605,0.00000,0.00000,1,0.000
000000.png,1788183814.820,0.02194,-0.26968,0.24500,0,3,0.208,single_line,-0.20876;-0.14444;0.24005,0.00000,0.00000,0,
000001.png,1788183814.870,0.02396,-0.27830,0.24500,0,3,0.188,single_line,-0.21369;-0.14646;0.22040,0.00000,0.00000,0,
000002.png,1788183814.920,0.01857,-0.25609,0.24500,0,3,0.229,single_line,-0.20687;-0.14107;0.22907,0.00000,0.00000,0,
000003.png,1788183814.970,0.02588,-0.28755,0.24500,0,3,0.208,single_line,-0.20876;-0.14838;0.22402,0.00000,0.00000,0,
000004.png,1788183815.020,0.02344,-0.27570,0.24500,0,3,0.188,single_line,-0.20346;-0.14594;0.23088,0.00000,0.00000,0,
000005.png,1788183815.120,0.01775,-0.24867,0.24500,0,3,0.208,single_line,-0.20833;-0.14025;0.22907,0.00000,0.00000,0,
000006.png,1788183815.170,-0.02335,-0.28054,0.32741,1,4,0.292,ok,-0.20833;-0.14702;0.19371;0.23088,0.00000,0.00000,0,
000007.png,1788183815.220,0.01013,-0.25026,0.26148,0,3,0.167,single_line,-0.20687;-0.14087;0.24005,0.00000,0.00000,0,
000008.png,1788183815.270,0.01624,-0.28090,0.26148,0,3,0.188,single_line,-0.19941;-0.14698;0.21712,0.00000,0.00000,0,
000009.png,1788183815.372,0.01499,-0.27659,0.26148,0,3,0.229,single_line,-0.20492;-0.14573;0.23605,0.00000,0.00000,0,
000010.png,1788183815.420,-0.31585,0.68220,0.14314,1,4,0.250,ok,-0.20876;-0.14923;0.22364;0.40806,1.20330,0.00000,0,
000011.png,1788183815.470,0.02808,-0.28090,0.23781,0,3,0.188,single_line,-0.20833;-0.14698;0.22730,0.00000,0.00000,0,
000012.png,1788183815.520,0.02894,-0.28522,0.23781,0,3,0.208,single_line,-0.20373;-0.14785;0.24005,0.00000,0.00000,0,
000013.png,1788183815.570,0.02443,-0.26266,0.23781,0,3,0.188,single_line,-0.20492;-0.14334;0.22168,0.00000,0.00000,0,
000014.png,1788183815.620,0.00039,-0.25059,0.27241,1,4,0.250,ok,-0.20833;-0.14098;0.14021;0.22168,0.00000,0.00000,0,
000015.png,1788183815.720,0.01862,-0.25059,0.24473,0,3,0.167,single_line,-0.20833;-0.14098;0.22711,0.00000,0.00000,0,
000016.png,1788183815.770,0.02666,-0.29090,0.24473,0,3,0.188,single_line,-0.20492;-0.14903;0.23605,0.00000,0.00000,0,
000017.png,1788183815.820,0.02549,-0.28522,0.24473,0,3,0.208,single_line,-0.20473;-0.14785;0.22189,0.00000,0.00000,0,
000018.png,1788183815.870,0.02358,-0.27570,0.24473,0,3,0.188,single_line,-0.21217;-0.14594;0.24005,0.00000,0.00000,0,
000019.png,1788183815.970,0.02666,-0.29090,0.24473,0,3,0.188,single_line,-0.20492;-0.14903;0.23605,0.00000,0.00000,0,
000020.png,1788183816.020,0.01825,-0.25422,0.24473,0,3,0.229,single_line,-0.20687;-0.14062;0.22364,0.00000,0.00000,0,
000021.png,1788183816.070,0.02462,-0.28056,0.24473,0,3,0.208,single_line,-0.20798;-0.14699;-0.08388,0.00000,0.00000,0,
000022.png,1788183816.120,0.01737,-0.24755,0.24473,0,3,0.208,single_line,-0.20917;-0.13974;0.22402,0.00000,0.00000,0,
000023.png,1788183816.170,0.05813,-0.29650,0.17620,1,3,0.271,ok,-0.20346;-0.15025;0.03399,0.00000,0.00000,0,
000024.png,1788183816.220,0.03216,-0.28429,0.23103,0,3,0.188,single_line,-0.20492;-0.14768;0.24005,0.00000,0.00000,0,
000025.png,1788183816.320,0.02905,-0.27017,0.23103,0,3,0.229,single_line,-0.20067;-0.14456;0.22255,0.00000,0.00000,0,
000026.png,1788183816.371,0.02563,-0.25155,0.23103,0,3,0.167,single_line,-0.20833;-0.14114;0.24005,0.00000,0.00000,0,
000027.png,1788183816.421,0.02991,-0.27310,0.23103,0,3,0.188,single_line,-0.20960;-0.14542;0.22221,0.00000,0.00000,0,
000028.png,1788183816.470,0.03095,-0.27830,0.23103,0,3,0.188,single_line,-0.20960;-0.14646;0.23396,0.00000,0.00000,0,
000029.png,1788183816.520,0.00993,-0.28607,0.26497,1,4,0.271,ok,-0.20707;-0.14802;0.12817;0.22907,0.00000,0.00000,0,
000030.png,1788183816.570,0.02481,-0.26624,0.23781,0,3,0.208,single_line,-0.21301;-0.14372;0.24005,0.00000,0.00000,0,
000031.png,1788183816.620,0.05324,-0.29090,0.18354,1,3,0.292,ok,-0.20492;-0.14903;0.04256,0.00000,0.00000,0,
000032.png,1788183816.720,0.03350,-0.28090,0.22696,0,3,0.188,single_line,-0.21044;-0.14698;0.22059,0.00000,0.00000,0,
000033.png,1788183816.770,0.03379,-0.28201,0.22696,0,3,0.208,single_line,-0.20067;-0.14727;0.22040,0.00000,0.00000,0,
000034.png,1788183816.820,0.02028,-0.21818,0.22696,0,3,0.188,single_line,-0.21385;-0.13376;0.24005,0.00000,0.00000,0,
000035.png,1788183816.920,0.03454,-0.28607,0.22696,0,3,0.188,single_line,-0.20346;-0.14802;0.22583,0.00000,0.00000,0,
000036.png,1788183816.970,0.03038,-0.26528,0.22696,0,3,0.188,single_line,-0.20492;-0.14386;0.22907,0.00000,0.00000,0,
000037.png,1788183817.020,0.03038,-0.26528,0.22696,0,3,0.188,single_line,-0.20408;-0.14386;0.22387,0.00000,0.00000,0,
000038.png,1788183817.070,0.02028,-0.21818,0.22696,0,3,0.188,single_line,-0.20492;-0.13376;0.22189,0.00000,0.00000,0,
000039.png,1788183817.120,-0.09593,0.23791,0.28012,1,4,0.229,ok,-0.21258;-0.13690;-0.04819;0.24005,0.00000,0.00000,0,
000040.png,1788183817.170,0.02025,-0.24613,0.23759,0,4,0.229,single_line,-0.20473;-0.13905;0.25060;0.26576,0.00000,0.00000,0,
000041.png,1788183817.270,0.02507,-0.26528,0.23759,0,3,0.188,single_line,-0.20876;-0.14386;0.22907,0.00000,0.00000,0,
000042.png,1788183817.320,-0.31387,0.68442,0.11439,1,4,0.229,ok,-0.20492;-0.14594;0.24005;0.38769,0.00000,0.00000,0,
000043.png,1788183817.370,0.03467,-0.25155,0.21295,0,3,0.167,single_line,-0.20833;-0.14114;0.22364,0.00000,0.00000,0,
000044.png,1788183817.420,0.03687,-0.26266,0.21295,0,3,0.188,single_line,-0.20619;-0.14334;0.24005,0.00000,0.00000,0,
000045.png,1788183817.470,0.04201,-0.28842,0.21295,0,3,0.208,single_line,-0.21412;-0.14848;0.22402,0.00000,0.00000,0,
000046.png,1788183817.570,0.03502,-0.26034,0.21295,0,3,0.229,single_line,-0.20603;-0.14150;0.22583,0.00000,0.00000,0,
000047.png,1788183817.620,0.03687,-0.26266,0.21295,0,3,0.188,single_line,-0.20492;-0.14334;0.25214,0.00000,0.00000,0,
000048.png,1788183817.620,0.03687,-0.26266,0.21295,0,3,0.188,single_line,-0.20492;-0.14334;0.25214,0.00000,0.00000,0,
000049.png,1788183817.770,0.03947,-0.27570,0.21295,0,3,0.188,single_line,-0.21258;-0.14594;0.22911,0.00000,0.00000,0,
000050.png,1788183817.820,0.03895,-0.27310,0.21295,0,3,0.188,single_line,-0.20346;-0.14542;0.22583,0.00000,0.00000,0,
000051.png,1788183817.870,0.04065,-0.28181,0.21295,0,3,0.208,single_line,-0.21223;-0.14712;0.24005,0.00000,0.00000,0,
000052.png,1788183817.920,0.04155,-0.28622,0.21295,0,3,0.208,single_line,-0.20876;-0.14803;0.21861,0.00000,0.00000,0,
000053.png,1788183818.020,0.03457,-0.25435,0.21295,0,3,0.208,single_line,-0.20924;-0.14104;0.21840,0.00000,0.00000,0,
000054.png,1788183818.070,-0.02727,-0.25251,0.32441,1,4,0.292,ok,-0.20366;-0.14025;0.19478;0.23796,0.00000,0.00000,0,
000055.png,1788183818.120,0.02970,-0.28208,0.23524,0,3,0.208,single_line,-0.20833;-0.14732;0.22040,0.00000,0.00000,0,
000056.png,1788183818.170,0.02572,-0.26266,0.23524,0,3,0.188,single_line,-0.21044;-0.14334;0.23196,0.00000,0.00000,1,0.000
000057.png,1788183818.270,0.02780,-0.27310,0.23524,0,3,0.188,single_line,-0.21369;-0.14542;0.23088,0.00000,0.00000,1,0.000
000058.png,1788183818.320,0.02018,-0.23915,0.23524,0,4,0.208,single_line,-0.20492;-0.13780;0.21478;0.24005,0.00000,0.00000,1,0.000
000059.png,1788183818.370,0.03023,-0.28522,0.23524,0,3,0.208,single_line,-0.20346;-0.14785;0.22364,0.00000,0.00000,1,0.000
000060.png,1788183818.420,0.03023,-0.28522,0.23524,0,3,0.208,single_line,-0.20346;-0.14785;0.22040,0.00000,0.00000,1,0.000
000061.png,1788183818.470,0.02262,-0.24989,0.23524,0,3,0.208,single_line,-0.20108;-0.14024;0.22364,0.00000,0.00000,1,0.000
000062.png,1788183818.570,0.02278,-0.25307,0.23524,0,3,0.208,single_line,-0.21344;-0.14040;0.25748,0.00000,0.00000,1,0.000
000063.png,1788183818.620,0.02562,-0.26202,0.23524,0,3,0.188,single_line,-0.21327;-0.14324;0.22583,0.00000,0.00000,1,0.000
000064.png,1788183818.670,0.02832,-0.27570,0.23524,0,3,0.188,single_line,-0.20492;-0.14594;0.22583,0.00000,0.00000,1,0.000
000065.png,1788183818.720,0.01319,-0.25155,0.24785,1,4,0.250,ok,-0.20492;-0.14114;0.11476;0.22907,0.00000,0.00000,1,0.000
000066.png,1788183818.770,0.02810,-0.28090,0.23776,0,3,0.188,single_line,-0.20535;-0.14698;0.22583,0.00000,0.00000,1,0.000
000067.png,1788183818.820,0.05233,-0.24197,0.16832,1,3,0.271,ok,-0.20833;-0.13901;0.03436,0.00000,0.00000,1,0.000
000068.png,1788183818.870,0.01535,-0.28194,0.25334,1,4,0.292,ok,-0.20108;-0.14722;0.11653;0.22907,0.00000,0.00000,1,0.000
000069.png,1788183818.920,0.03153,-0.27964,0.22977,0,3,0.229,single_line,-0.20619;-0.14642;0.22364,0.00000,0.00000,1,0.000
000070.png,1788183818.971,0.02610,-0.25059,0.22977,0,3,0.167,single_line,-0.21642;-0.14098;0.24005,0.00000,0.00000,1,0.000
000071.png,1788183819.070,0.02534,-0.25162,0.22977,0,3,0.208,single_line,-0.20346;-0.14022;0.22907,0.00000,0.00000,1,0.000
000072.png,1788183819.120,0.02406,-0.24571,0.22977,0,4,0.208,single_line,-0.30673;-0.20960;-0.13895;0.22580,0.00000,0.00000,1,0.000
000073.png,1788183819.170,0.02846,-0.26266,0.22977,0,3,0.188,single_line,-0.20492;-0.14334;0.22583,0.00000,0.00000,1,0.000
000074.png,1788183819.220,0.02850,-0.26781,0.22977,0,3,0.229,single_line,-0.20944;-0.14339;0.25748,0.00000,0.00000,1,0.000
000075.png,1788183819.270,0.03303,-0.28553,0.22977,0,3,0.208,single_line,-0.20346;-0.14791;0.22583,0.00000,0.00000,1,0.000
000076.png,1788183819.320,0.03537,-0.29650,0.22977,0,3,0.188,single_line,-0.20619;-0.15025;0.22364,0.00000,0.00000,1,0.000
000077.png,1788183819.420,0.05423,-0.26004,0.17122,1,3,0.271,ok,-0.21091;-0.14282;0.03436,0.00000,0.00000,1,0.000
000078.png,1788183819.470,0.03048,-0.24814,0.21806,0,4,0.208,single_line,-0.55765;-0.20346;-0.13951;0.25748,0.00000,0.00000,1,0.000
000079.png,1788183819.520,0.03156,-0.25383,0.21806,0,3,0.229,single_line,-0.20960;-0.14059;0.23605,0.00000,0.00000,1,0.000
000080.png,1788183819.570,-0.00820,-0.27965,0.29786,1,4,0.292,ok,-0.21044;-0.14675;0.16315;0.22730,0.00000,0.00000,1,0.000
000081.png,1788183819.670,0.02707,-0.26994,0.23402,0,3,0.208,single_line,-0.20492;-0.14408;0.22764,0.00000,0.00000,1,0.000
000082.png,1788183819.720,0.02945,-0.27830,0.23402,0,3,0.188,single_line,-0.20492;-0.14646;0.22364,0.00000,0.00000,1,0.000
000083.png,1788183819.771,0.05875,-0.25155,0.15960,1,4,0.250,ok,-0.21217;-0.14114;0.02365;0.25748,0.00000,0.00000,1,0.000
000084.png,1788183819.820,0.03543,-0.27052,0.21913,0,4,0.188,single_line,-0.20067;-0.14499;0.22364;0.23545,0.00000,0.00000,1,0.000
000085.png,1788183819.870,0.03077,-0.24727,0.21913,0,3,0.167,single_line,-0.20687;-0.14034;0.22911,0.00000,0.00000,1,0.000
000086.png,1788183819.920,0.03634,-0.27537,0.21913,0,3,0.188,single_line,-0.20220;-0.14591;0.22583,0.00000,0.00000,1,0.000
000087.png,1788183820.020,0.02844,-0.23766,0.21913,0,3,0.167,single_line,-0.21044;-0.13801;0.22583,0.00000,0.00000,1,0.000
000088.png,1788183820.070,0.03638,-0.27570,0.21913,0,3,0.188,single_line,-0.21285;-0.14594;0.22583,0.00000,0.00000,1,0.000
000089.png,1788183820.120,0.03325,-0.26004,0.21913,0,3,0.188,single_line,-0.19982;-0.14282;0.22907,0.00000,0.00000,1,0.000
000090.png,1788183820.220,0.03484,-0.26782,0.21913,0,3,0.188,single_line,-0.20619;-0.14441;0.22040,0.00000,0.00000,1,0.000
000091.png,1788183820.270,0.03377,-0.26266,0.21913,0,3,0.188,single_line,-0.20492;-0.14334;0.22911,0.00000,0.00000,1,0.000
000092.png,1788183820.320,0.03214,-0.25602,0.21913,0,3,0.208,single_line,-0.20833;-0.14170;0.22764,0.00000,0.00000,1,0.000
000093.png,1788183820.370,0.03638,-0.27570,0.21913,0,3,0.188,single_line,-0.20492;-0.14594;0.22764,0.00000,0.00000,1,0.000
000094.png,1788183820.420,0.03690,-0.27830,0.21913,0,3,0.188,single_line,-0.20833;-0.14646;0.23605,0.00000,0.00000,1,0.000
000095.png,1788183820.470,0.03572,-0.27240,0.21913,0,4,0.208,single_line,-0.24254;-0.20366;-0.14529;0.22583,0.00000,0.00000,1,0.000
000096.png,1788183820.520,0.03484,-0.26782,0.21913,0,3,0.188,single_line,-0.21028;-0.14441;0.22907,0.00000,0.00000,1,0.000
000097.png,1788183820.570,0.04151,-0.30009,0.21913,0,3,0.208,single_line,-0.20492;-0.15107;0.22583,0.00000,0.00000,1,0.000
000098.png,1788183820.670,0.03050,-0.25056,0.21913,0,3,0.208,single_line,-0.20476;-0.14007;0.22907,0.00000,0.00000,1,0.000
000099.png,1788183820.720,-0.02142,-0.27016,0.32052,1,4,0.271,ok,-0.20194;-0.14487;0.18771;0.22168,0.00000,0.00000,1,0.000
000100.png,1788183820.770,0.02164,-0.25781,0.23941,0,3,0.229,single_line,-0.21301;-0.14135;0.22583,0.00000,0.00000,1,0.000
000101.png,1788183820.870,0.02936,-0.29123,0.23941,0,3,0.188,single_line,-0.21327;-0.14906;0.22907,0.00000,0.00000,1,0.000
000102.png,1788183820.920,0.01707,-0.23432,0.23941,0,3,0.208,single_line,-0.20067;-0.13678;0.22797,0.00000,0.00000,1,0.000
000103.png,1788183820.970,-0.01169,-0.23448,0.28904,1,4,0.292,ok,-0.20451;-0.13690;0.16027;0.21861,0.00000,0.00000,1,0.000
000104.png,1788183821.020,-0.05890,-0.31058,0.32804,1,4,0.292,ok,-0.21327;-0.11336;0.23116;0.23488,0.51447,0.00000,1,0.000
000105.png,1788183821.120,0.00380,-0.23204,0.26508,0,3,0.208,single_line,-0.21055;-0.13634;0.22387,0.00000,0.00000,1,0.000
000106.png,1788183821.170,0.00523,-0.23904,0.26508,0,3,0.208,single_line,-0.20749;-0.13777;0.22580,0.00000,0.00000,1,0.000
000107.png,1788183821.220,-0.00589,-0.27716,0.29267,1,4,0.292,ok,-0.20944;-0.14625;0.15803;0.22907,0.00000,0.00000,1,0.000
000108.png,1788183821.270,0.00874,-0.27101,0.27060,0,3,0.229,single_line,-0.20833;-0.14404;0.25214,0.00000,0.00000,1,0.000
000109.png,1788183821.320,0.00580,-0.25649,0.27060,0,3,0.229,single_line,-0.20492;-0.14110;0.24005,0.00000,0.00000,1,0.000
000110.png,1788183821.420,0.00306,-0.24238,0.27060,0,3,0.208,single_line,-0.20765;-0.13836;0.22387,0.00000,0.00000,1,0.000
000111.png,1788183821.470,0.00127,-0.23282,0.27060,0,3,0.208,single_line,-0.20492;-0.13656;0.22168,0.00000,0.00000,1,0.000
000112.png,1788183821.520,0.05133,-0.27310,0.18121,1,3,0.271,ok,-0.21710;-0.14542;0.04276,0.00000,0.00000,1,0.000
000113.png,1788183821.570,0.05280,-0.28466,0.18218,1,3,0.312,ok,-0.20492;-0.14771;0.04212,0.00000,0.00000,1,0.000
000114.png,1788183821.670,0.02083,-0.26789,0.23828,1,4,0.292,ok,-0.20408;-0.14438;0.10271;0.22907,-0.11159,0.00000,1,0.000
000115.png,1788183821.720,0.02823,-0.28349,0.23855,0,3,0.188,single_line,-0.20492;-0.14750;0.21844,0.00000,0.00000,1,0.000
000116.png,1788183821.770,0.01713,-0.22991,0.23855,0,3,0.188,single_line,-0.20833;-0.13640;0.23605,0.00000,0.00000,1,0.000
000117.png,1788183821.820,0.02667,-0.27570,0.23855,0,3,0.188,single_line,-0.20366;-0.14594;0.22168,0.00000,0.00000,1,0.000
000118.png,1788183821.870,0.03048,-0.29389,0.23855,0,3,0.229,single_line,-0.20366;-0.14976;0.22364,0.00000,0.00000,1,0.000
000119.png,1788183821.970,0.05392,-0.26050,0.16989,1,4,0.292,ok,-0.21523;-0.14184;0.03399;0.18206,0.00000,0.00000,1,0.000
000120.png,1788183822.020,0.01956,-0.29123,0.24809,1,4,0.333,ok,-0.20492;-0.14906;0.10993;0.21861,0.00000,0.00000,1,0.000
000121.png,1788183822.070,0.02267,-0.23470,0.22947,0,3,0.167,single_line,-0.20373;-0.13740;0.22037,0.00000,0.00000,1,0.000
000122.png,1788183822.120,0.03044,-0.27171,0.22947,0,4,0.208,single_line,-0.20833;-0.14517;0.23605;0.25441,0.00000,0.00000,1,0.000
000123.png,1788183822.220,0.02968,-0.26782,0.22947,0,3,0.188,single_line,-0.20492;-0.14441;0.22907,0.00000,0.00000,1,0.000
000124.png,1788183822.270,0.02682,-0.25929,0.22947,0,3,0.208,single_line,-0.20833;-0.14156;0.22583,0.00000,0.00000,1,0.000
000125.png,1788183822.320,0.04701,-0.25059,0.18208,1,3,0.271,ok,-0.20067;-0.14098;0.04697,0.00000,0.00000,1,0.000
000126.png,1788183822.370,0.03525,-0.27203,0.21999,0,3,0.188,single_line,-0.20876;-0.14524;0.23559,0.00000,0.00000,1,0.000
000127.png,1788183822.420,0.03813,-0.28635,0.21999,0,3,0.208,single_line,-0.20687;-0.14813;0.22040,0.00000,0.00000,1,0.000
000128.png,1788183822.520,-0.00887,-0.27310,0.29716,1,4,0.271,ok,-0.20645;-0.14542;0.16317;0.22583,0.00000,0.00000,1,0.000
000129.png,1788183822.570,0.03362,-0.29821,0.23543,0,3,0.188,single_line,-0.20979;-0.15134;0.25214,0.00000,0.00000,1,0.000
000130.png,1788183822.620,0.02401,-0.25751,0.23543,0,3,0.208,single_line,-0.20067;-0.14172;0.23126,0.00000,0.00000,1,0.000
000131.png,1788183822.670,0.03101,-0.28946,0.23543,0,3,0.188,single_line,-0.20492;-0.14872;0.22040,0.00000,0.00000,1,0.000
000132.png,1788183822.770,0.02343,-0.25155,0.23543,0,3,0.167,single_line,-0.20707;-0.14114;0.23396,0.00000,0.00000,1,0.000
000133.png,1788183822.820,0.02917,-0.28043,0.23543,0,3,0.208,single_line,-0.20492;-0.14689;0.22364,0.00000,0.00000,1,0.000
000134.png,1788183822.870,0.03132,-0.29090,0.23543,0,3,0.188,single_line,-0.20492;-0.14903;0.23126,0.00000,0.00000,1,0.000
000135.png,1788183822.970,0.01728,-0.22419,0.23543,0,3,0.188,single_line,-0.20492;-0.13499;0.24005,0.00000,0.00000,1,0.000
000136.png,1788183823.020,0.02375,-0.25792,0.23543,0,4,0.229,single_line,-0.20220;-0.14146;0.22332;0.22907,0.00000,0.00000,1,0.000
000137.png,1788183823.070,0.05579,-0.27570,0.17349,1,3,0.271,ok,-0.21112;-0.14594;0.03436,0.00000,0.00000,1,0.000
000138.png,1788183823.120,-0.01914,-0.26870,0.31564,1,4,0.271,ok,-0.20833;-0.14456;0.18283;0.22711,0.00000,0.00000,1,0.000
000139.png,1788183823.170,-0.00855,-0.26069,0.29286,1,4,0.312,ok,-0.20833;-0.14300;0.16010;0.23796,0.00000,0.00000,1,0.000
000140.png,1788183823.271,0.02107,-0.28090,0.25182,0,4,0.188,single_line,-0.21217;-0.14698;0.20030;0.23088,0.00000,0.00000,1,0.000
000141.png,1788183823.320,0.01523,-0.25155,0.25182,0,3,0.167,single_line,-0.20366;-0.14114;0.23088,0.00000,0.00000,1,0.000
000142.png,1788183823.370,0.02315,-0.29123,0.25182,0,3,0.188,single_line,-0.20067;-0.14906;0.22037,0.00000,0.00000,1,0.000
000143.png,1788183823.470,0.01532,-0.25698,0.25182,0,3,0.229,single_line,-0.20687;-0.14123;0.25748,0.00000,0.00000,1,0.000
000144.png,1788183823.520,0.05100,-0.26782,0.18017,1,3,0.271,ok,-0.20944;-0.14441;0.04242,0.00000,0.00000,1,0.000
000145.png,1788183823.570,0.02087,-0.24889,0.23749,0,3,0.229,single_line,-0.20492;-0.13961;0.24005,0.00000,0.00000,1,0.000
000146.png,1788183823.621,0.01467,-0.21659,0.23749,0,3,0.188,single_line,-0.20492;-0.13341;0.22364,0.00000,0.00000,1,0.000
000147.png,1788183823.670,0.01732,-0.23178,0.23749,0,3,0.208,single_line,-0.20833;-0.13606;0.25748,0.00000,0.00000,1,0.000
000148.png,1788183823.770,0.02460,-0.26266,0.23749,0,3,0.188,single_line,-0.20944;-0.14334;0.22911,0.00000,0.00000,1,0.000
000149.png,1788183823.820,0.01946,-0.24132,0.23749,0,3,0.208,single_line,-0.20492;-0.13821;0.24005,0.00000,0.00000,1,0.000
000150.png,1788183823.870,0.02240,-0.25155,0.23749,0,3,0.167,single_line,-0.20833;-0.14114;0.24005,0.00000,0.00000,1,0.000
000151.png,1788183823.920,0.05108,-0.26949,0.18052,1,3,0.312,ok,-0.20094;-0.14472;0.04256,0.00000,0.00000,1,0.000
000152.png,1788183824.020,0.03327,-0.27753,0.22609,0,3,0.208,single_line,-0.20408;-0.14632;0.24005,0.00000,0.00000,1,0.000
000153.png,1788183824.070,0.03307,-0.27669,0.22609,0,3,0.188,single_line,-0.20798;-0.14612;0.23396,0.00000,0.00000,1,0.000
000154.png,1788183824.120,0.02525,-0.24171,0.22609,0,3,0.208,single_line,-0.20067;-0.13830;0.22907,0.00000,0.00000,1,0.000
000155.png,1788183824.170,0.02809,-0.25155,0.22609,0,3,0.167,single_line,-0.20346;-0.14114;0.22583,0.00000,0.00000,1,0.000
000156.png,1788183824.270,0.03289,-0.27570,0.22609,0,3,0.188,single_line,-0.20492;-0.14594;0.22907,0.00000,0.00000,1,0.000
000157.png,1788183824.320,0.02806,-0.25595,0.22609,0,3,0.229,single_line,-0.19921;-0.14111;0.21680,0.00000,0.00000,1,0.000
000158.png,1788183824.370,0.03327,-0.27753,0.22609,0,3,0.208,single_line,-0.20492;-0.14632;0.22907,0.00000,0.00000,1,0.000
000159.png,1788183824.420,-0.02257,-0.26782,0.32206,1,4,0.292,ok,-0.20833;-0.14441;0.18955;0.22583,0.00000,0.00000,1,0.000
000160.png,1788183824.520,0.02382,-0.27830,0.24529,0,4,0.188,single_line,-0.20067;-0.14646;0.21573;0.22545,0.00000,0.00000,1,0.000
000161.png,1788183824.570,0.05104,-0.25679,0.17581,1,3,0.312,ok,-0.20366;-0.14193;0.03984,0.00000,0.00000,1,0.000
000162.png,1788183824.620,0.02529,-0.25059,0.23139,0,3,0.167,single_line,-0.20366;-0.14098;0.23017,0.00000,0.00000,1,0.000
000163.png,1788183824.670,0.02755,-0.26202,0.23139,0,3,0.188,single_line,-0.20876;-0.14324;0.22824,0.00000,0.00000,1,0.000
000164.png,1788183824.770,0.01756,-0.21559,0.23139,0,3,0.188,single_line,-0.20067;-0.13325;0.24005,0.00000,0.00000,1,0.000
000165.png,1788183824.820,0.03233,-0.28607,0.23139,0,3,0.188,single_line,-0.19642;-0.14802;0.23796,0.00000,0.00000,1,0.000
000166.png,1788183824.870,0.05324,-0.27974,0.17978,1,3,0.312,ok,-0.20619;-0.14677;0.04028,0.00000,0.00000,1,0.000
000167.png,1788183824.920,0.03645,-0.28090,0.22107,0,3,0.188,single_line,-0.20346;-0.14698;0.23605,0.00000,0.00000,1,0.000
000168.png,1788183825.020,0.03140,-0.25702,0.22107,0,4,0.208,single_line,-0.20492;-0.14194;0.20579;0.22583,0.00000,0.00000,1,0.000
000169.png,1788183825.070,0.03541,-0.27570,0.22107,0,3,0.188,single_line,-0.19921;-0.14594;0.24114,0.00000,0.00000,1,0.000
000170.png,1788183825.120,0.03061,-0.25155,0.22107,0,3,0.167,single_line,-0.20917;-0.14114;0.21844,0.00000,0.00000,1,0.000
000171.png,1788183825.170,0.03281,-0.26266,0.22107,0,3,0.188,single_line,-0.21369;-0.14334;0.22711,0.00000,0.00000,1,0.000
000172.png,1788183825.220,0.03333,-0.26528,0.22107,0,4,0.188,single_line,-0.20492;-0.14386;0.24005;0.24208,0.00000,0.00000,1,0.000
000173.png,1788183825.320,0.03355,-0.26806,0.22107,0,3,0.229,single_line,-0.20492;-0.14408;0.22364,0.00000,0.00000,1,0.000
000174.png,1788183825.370,0.03124,-0.26010,0.22107,0,3,0.229,single_line,-0.20492;-0.14178;0.24005,0.00000,0.00000,1,0.000
000175.png,1788183825.420,0.02869,-0.24692,0.22107,0,3,0.208,single_line,-0.19557;-0.13923;0.23196,0.00000,0.00000,1,0.000
000176.png,1788183825.470,0.03329,-0.26492,0.22107,0,3,0.188,single_line,-0.19921;-0.14383;0.23450,0.00000,0.00000,1,0.000
000177.png,1788183825.520,0.03801,-0.28865,0.22107,0,3,0.188,single_line,-0.20346;-0.14854;0.22911,0.00000,0.00000,1,0.000
000178.png,1788183825.620,0.02558,-0.22863,0.22107,0,3,0.188,single_line,-0.20408;-0.13611;0.24005,0.00000,0.00000,1,0.000
000179.png,1788183825.670,0.03541,-0.27570,0.22107,0,3,0.188,single_line,-0.20067;-0.14594;0.22040,0.00000,0.00000,1,0.000
000180.png,1788183825.720,-0.00529,-0.28633,0.29441,1,4,0.292,ok,-0.20492;-0.14816;0.15874;0.24005,0.00000,0.00000,1,0.000
000181.png,1788183825.770,0.02571,-0.26341,0.23574,0,3,0.188,single_line,-0.20492;-0.14358;0.24005,0.00000,0.00000,1,0.000
000182.png,1788183825.820,0.02599,-0.26528,0.23574,0,4,0.188,single_line,-0.20619;-0.14386;0.22583;0.22894,0.00000,0.00000,1,0.000
000183.png,1788183825.920,0.02654,-0.26782,0.23574,0,3,0.188,single_line,-0.20833;-0.14441;0.22907,0.00000,0.00000,1,0.000
000184.png,1788183825.970,-0.30260,0.59772,0.12398,1,4,0.229,ok,-0.20492;-0.14733;0.22761;0.37759,0.00000,0.00000,1,0.000
000185.png,1788183826.020,0.03925,-0.27570,0.21339,0,3,0.188,single_line,-0.20944;-0.14594;0.23088,0.00000,0.00000,1,0.000
000186.png,1788183826.070,0.04029,-0.28090,0.21339,0,3,0.188,single_line,-0.20476;-0.14698;0.22583,0.00000,0.00000,1,0.000
000187.png,1788183826.120,-0.10867,0.27516,0.22130,1,4,0.250,ok,-0.20067;-0.14594;-0.00631;0.22364,0.56890,0.00000,1,0.000
000188.png,1788183826.220,0.02593,-0.21659,0.21497,0,4,0.188,single_line,-0.20492;-0.13341;0.22907;0.26632,0.00000,0.00000,1,0.000
000189.png,1788183826.270,0.05398,-0.27570,0.17698,1,3,0.292,ok,-0.20492;-0.14594;0.03798,0.00000,0.00000,1,0.000
000190.png,1788183826.320,0.05492,-0.26707,0.17223,1,3,0.271,ok,-0.20492;-0.14421;0.03436,0.00000,0.00000,1,0.000
000191.png,1788183826.370,0.04652,-0.27965,0.20034,0,3,0.229,single_line,-0.20833;-0.14670;0.25060,0.00000,0.00000,1,0.000
000192.png,1788183826.420,0.01869,-0.28349,0.24735,1,4,0.271,ok,-0.20833;-0.14750;0.11013;0.22037,0.00000,0.00000,1,0.000
000193.png,1788183826.520,0.03954,-0.26782,0.20974,0,3,0.188,single_line,-0.20067;-0.14441;0.24005,0.00000,0.00000,1,0.000
000194.png,1788183826.570,-0.01946,-0.26688,0.31373,1,4,0.312,ok,-0.19941;-0.14316;0.18209;0.22907,0.00000,0.00000,1,0.000
000195.png,1788183826.620,0.02819,-0.26781,0.23054,0,3,0.208,single_line,-0.20917;-0.14346;0.24005,0.00000,0.00000,1,0.000
000196.png,1788183826.670,0.05011,-0.25970,0.17913,1,4,0.292,ok,-0.20346;-0.14279;0.04256;0.13359,0.00000,0.00000,1,0.000
000197.png,1788183826.720,0.03117,-0.25802,0.22026,0,4,0.229,single_line,-0.65479;-0.20791;-0.14130;0.23796,0.00000,0.00000,1,0.000
000198.png,1788183826.820,0.03085,-0.25059,0.22026,0,3,0.167,single_line,-0.20492;-0.14098;0.22364,0.00000,0.00000,1,0.000
000199.png,1788183826.870,0.03142,-0.25497,0.22026,0,3,0.208,single_line,-0.19921;-0.14155;0.24005,0.00000,0.00000,1,0.000
000200.png,1788183826.920,0.03101,-0.25155,0.22026,0,3,0.167,single_line,-0.21285;-0.14114;0.23796,0.00000,0.00000,1,0.000
000201.png,1788183826.970,0.03142,-0.25497,0.22026,0,3,0.208,single_line,-0.20373;-0.14155;0.22040,0.00000,0.00000,1,0.000
000202.png,1788183827.021,0.03428,-0.26782,0.22026,0,3,0.188,single_line,-0.20346;-0.14441;0.22168,0.00000,0.00000,1,0.000
000203.png,1788183827.070,0.03837,-0.28795,0.22026,0,4,0.188,single_line,-0.20492;-0.14850;0.22364;0.26624,0.00000,0.00000,1,0.000
000204.png,1788183827.120,-0.02711,-0.24834,0.32306,1,4,0.292,ok,-0.20534;-0.13954;0.19375;0.22911,0.00000,0.00000,1,0.000
000205.png,1788183827.170,0.01744,-0.23669,0.24082,0,3,0.167,single_line,-0.20492;-0.13785;0.22040,0.00000,0.00000,1,0.000
000206.png,1788183827.270,0.02709,-0.28349,0.24082,0,3,0.188,single_line,-0.20492;-0.14750;0.25593,0.00000,0.00000,1,0.000
000207.png,1788183827.320,0.01879,-0.24639,0.24082,0,4,0.229,single_line,-0.31077;-0.21002;-0.13920;0.22583,0.00000,0.00000,1,0.000
000208.png,1788183827.370,0.05279,-0.28635,0.18292,1,4,0.312,ok,-0.20730;-0.14813;0.04256;0.20918,0.00000,0.00000,1,0.000
000209.png,1788183827.420,0.05097,-0.27974,0.18415,1,4,0.312,ok,-0.20408;-0.14677;0.04483;0.06748,0.00000,0.00000,1,0.000
000210.png,1788183827.470,-0.05364,-0.29987,0.32901,1,3,0.375,ok,-0.20833;-0.11855;0.22583,1.31279,0.00000,1,0.000
000211.png,1788183827.520,0.04953,-0.25661,0.17787,1,3,0.292,ok,-0.20194;-0.14148;0.04242,0.00000,0.00000,1,0.000
000212.png,1788183827.570,0.01988,-0.22137,0.22916,0,3,0.188,single_line,-0.20645;-0.13446;0.22040,0.00000,0.00000,1,0.000
000213.png,1788183827.620,0.02980,-0.26789,0.22916,0,3,0.188,single_line,-0.21837;-0.14438;0.23605,0.00000,0.00000,1,0.000
000214.png,1788183827.720,0.02925,-0.26492,0.22916,0,3,0.188,single_line,-0.20408;-0.14383;0.23605,0.00000,0.00000,1,0.000
000215.png,1788183827.770,0.02427,-0.24099,0.22916,0,3,0.188,single_line,-0.20492;-0.13885;0.23088,0.00000,0.00000,1,0.000
000216.png,1788183827.820,0.02842,-0.26069,0.22916,0,3,0.188,single_line,-0.20917;-0.14300;0.23812,0.00000,0.00000,1,0.000
000217.png,1788183827.870,0.03131,-0.27530,0.22916,0,3,0.208,single_line,-0.20492;-0.14589;0.22907,0.00000,0.00000,1,0.000
000218.png,1788183827.920,0.01022,-0.26494,0.25790,1,4,0.292,ok,-0.21344;-0.14383;0.12339;0.23605,-0.02097,0.00000,1,0.000
000219.png,1788183828.020,0.02172,-0.24649,0.23491,0,3,0.208,single_line,-0.20492;-0.13917;0.22907,0.00000,0.00000,1,0.000
000220.png,1788183828.070,0.01685,-0.22038,0.23491,0,3,0.188,single_line,-0.20408;-0.13430;0.24005,0.00000,0.00000,1,0.000
000221.png,1788183828.120,0.02234,-0.24935,0.23491,0,3,0.208,single_line,-0.20492;-0.13979;0.23196,0.00000,0.00000,1,0.000
000222.png,1788183828.170,0.02019,-0.23889,0.23491,0,3,0.208,single_line,-0.21002;-0.13764;0.24005,0.00000,0.00000,1,0.000
000223.png,1788183828.220,-0.00890,-0.21659,0.27798,1,4,0.312,ok,-0.20366;-0.13341;0.15122;0.22711,0.02892,0.00000,1,0.000
000224.png,1788183828.320,0.02267,-0.26803,0.24352,0,4,0.208,single_line,-0.20833;-0.14443;0.22907;0.27093,0.00000,0.00000,1,0.000
000225.png,1788183828.370,0.05043,-0.25155,0.17572,1,3,0.271,ok,-0.20944;-0.14114;0.04028,0.00000,0.00000,1,0.000
000226.png,1788183828.420,0.02711,-0.25863,0.22996,0,3,0.188,single_line,-0.20492;-0.14209;0.24005,0.00000,0.00000,1,0.000
000227.png,1788183828.470,0.02888,-0.26528,0.22996,0,3,0.188,single_line,-0.20220;-0.14386;0.23605,0.00000,0.00000,1,0.000
000228.png,1788183828.520,0.05165,-0.28086,0.18248,1,3,0.312,ok,-0.20492;-0.14661;0.04332,0.00000,0.00000,1,0.000
000229.png,1788183828.620,0.03571,-0.27570,0.22046,0,3,0.188,single_line,-0.20492;-0.14594;0.21844,0.00000,0.00000,1,0.000
000230.png,1788183828.670,0.03608,-0.27753,0.22046,0,3,0.208,single_line,-0.20366;-0.14632;0.22583,0.00000,0.00000,1,0.000
000231.png,1788183828.720,0.03371,-0.26700,0.22046,0,3,0.208,single_line,-0.20492;-0.14395;0.23605,0.00000,0.00000,1,0.000
000232.png,1788183828.770,0.03091,-0.25155,0.22046,0,3,0.167,single_line,-0.20492;-0.14114;0.25748,0.00000,0.00000,1,0.000
000233.png,1788183828.870,0.03247,-0.26069,0.22046,0,3,0.208,single_line,-0.20492;-0.14270;0.25214,0.00000,0.00000,1,0.000
000234.png,1788183828.920,0.03467,-0.27050,0.22046,0,3,0.188,single_line,-0.21258;-0.14490;0.22761,0.00000,0.00000,1,0.000
000235.png,1788183828.970,0.03027,-0.24823,0.22046,0,3,0.167,single_line,-0.20108;-0.14050;0.22580,0.00000,0.00000,1,0.000
000236.png,1788183829.020,0.03571,-0.27570,0.22046,0,3,0.188,single_line,-0.19810;-0.14594;0.23605,0.00000,0.00000,1,0.000
000237.png,1788183829.070,0.03363,-0.26528,0.22046,0,3,0.188,single_line,-0.20833;-0.14386;0.22364,0.00000,0.00000,1,0.000
000238.png,1788183829.170,0.03593,-0.27647,0.22046,0,3,0.188,single_line,-0.20492;-0.14616;0.23605,0.00000,0.00000,1,0.000
000239.png,1788183829.220,0.03091,-0.25155,0.22046,0,3,0.167,single_line,-0.20960;-0.14114;0.22583,0.00000,0.00000,1,0.000
000240.png,1788183829.270,0.03015,-0.25317,0.22046,0,3,0.208,single_line,-0.20687;-0.14039;0.23605,0.00000,0.00000,1,0.000
000241.png,1788183829.320,0.05320,-0.26789,0.17586,1,4,0.292,ok,-0.20414;-0.14438;0.03798;0.26291,0.00000,0.00000,1,0.000
000242.png,1788183829.370,0.04069,-0.27830,0.21154,0,3,0.188,single_line,-0.20986;-0.14646;0.22583,0.00000,0.00000,1,0.000
000243.png,1788183829.470,0.03231,-0.24116,0.21154,0,3,0.208,single_line,-0.20687;-0.13808;0.23126,0.00000,0.00000,1,0.000
000244.png,1788183829.520,0.03747,-0.26183,0.21154,0,3,0.188,single_line,-0.20944;-0.14324;0.22764,0.00000,0.00000,1,0.000
000245.png,1788183829.570,0.04019,-0.27545,0.21154,0,3,0.208,single_line,-0.20392;-0.14596;0.22907,0.00000,0.00000,1,0.000
000246.png,1788183829.620,0.03537,-0.25155,0.21154,0,3,0.167,single_line,-0.20366;-0.14114;0.22580,0.00000,0.00000,1,0.000
000247.png,1788183829.670,0.03705,-0.26004,0.21154,0,3,0.188,single_line,-0.20346;-0.14282;0.23088,0.00000,0.00000,1,0.000
000248.png,1788183829.720,0.03359,-0.24355,0.21154,0,3,0.188,single_line,-0.20067;-0.13936;0.22797,0.00000,0.00000,1,0.000
000249.png,1788183829.820,0.02834,-0.21978,0.21154,0,4,0.188,single_line,-0.30835;-0.20492;-0.13411;0.23305,0.00000,0.00000,1,0.000
000250.png,1788183829.870,0.03541,-0.25690,0.21154,0,3,0.229,single_line,-0.19921;-0.14118;0.22583,0.00000,0.00000,1,0.000
000251.png,1788183829.920,0.04083,-0.27898,0.21154,0,3,0.208,single_line,-0.20346;-0.14660;0.22907,0.00000,0.00000,1,0.000
000252.png,1788183829.970,0.04394,-0.29376,0.21154,0,3,0.208,single_line,-0.20619;-0.14971;0.22040,0.00000,0.00000,1,0.000
000253.png,1788183830.020,0.03521,-0.25059,0.21154,0,3,0.167,single_line,-0.20346;-0.14098;0.22907,0.00000,0.00000,1,0.000
000254.png,1788183830.070,0.04064,-0.27766,0.21154,0,4,0.208,single_line,-0.20067;-0.14642;0.24005;0.35323,0.00000,0.00000,1,0.000
000255.png,1788183830.120,0.04017,-0.27570,0.21154,0,3,0.188,single_line,-0.20876;-0.14594;0.23291,0.00000,0.00000,1,0.000
000256.png,1788183830.170,0.03361,-0.24798,0.21154,0,3,0.208,single_line,-0.19921;-0.13938;0.22368,0.00000,0.00000,1,0.000
000257.png,1788183830.270,0.04329,-0.29123,0.21154,0,3,0.188,single_line,-0.20619;-0.14906;0.22189,0.00000,0.00000,1,0.000
000258.png,1788183830.320,0.04096,-0.27909,0.21154,0,3,0.208,single_line,-0.20492;-0.14673;0.22907,0.00000,0.00000,1,0.000
000259.png,1788183830.371,0.03964,-0.27310,0.21154,0,4,0.208,single_line,-0.30619;-0.20492;-0.14541;0.22364,0.00000,0.00000,1,0.000
000260.png,1788183830.420,0.03537,-0.25155,0.21154,0,3,0.167,single_line,-0.19941;-0.14114;0.22583,0.00000,0.00000,1,0.000
000261.png,1788183830.470,0.03537,-0.25155,0.21154,0,3,0.167,single_line,-0.20960;-0.14114;0.23796,0.00000,0.00000,1,0.000
000262.png,1788183830.570,0.04100,-0.27974,0.21154,0,3,0.208,single_line,-0.19941;-0.14677;0.22907,0.00000,0.00000,1,0.000
000263.png,1788183830.620,0.03806,-0.26492,0.21154,0,3,0.188,single_line,-0.20492;-0.14383;0.22583,0.00000,0.00000,1,0.000
000264.png,1788183830.670,-0.02829,-0.26494,0.33223,1,4,0.271,ok,-0.20833;-0.14383;0.20041;0.25214,0.00000,0.00000,1,0.000
000265.png,1788183830.720,0.02188,-0.24913,0.23568,0,3,0.229,single_line,-0.20492;-0.13972;0.22824,0.00000,0.00000,1,0.000
000266.png,1788183830.820,0.01878,-0.23326,0.23568,0,3,0.208,single_line,-0.20876;-0.13662;0.22907,0.00000,0.00000,1,0.000
000267.png,1788183830.870,0.05728,-0.28865,0.17498,1,3,0.271,ok,-0.21369;-0.14854;0.03399,0.00000,0.00000,1,0.000
000268.png,1788183830.920,0.03417,-0.27570,0.22354,0,3,0.188,single_line,-0.20833;-0.14594;0.23796,0.00000,0.00000,1,0.000
000269.png,1788183830.970,0.03417,-0.27570,0.22354,0,3,0.188,single_line,-0.20492;-0.14594;0.23796,0.00000,0.00000,1,0.000
000270.png,1788183831.020,0.03512,-0.28043,0.22354,0,3,0.208,single_line,-0.21070;-0.14689;0.22907,0.00000,0.00000,1,0.000
000271.png,1788183831.120,0.03608,-0.28522,0.22354,0,3,0.208,single_line,-0.20944;-0.14785;0.22583,0.00000,0.00000,1,0.000
000272.png,1788183831.170,0.02799,-0.24981,0.22354,0,3,0.208,single_line,-0.20492;-0.13976;0.22764,0.00000,0.00000,1,0.000
000273.png,1788183831.220,0.03417,-0.27570,0.22354,0,3,0.188,single_line,-0.20366;-0.14594;0.23605,0.00000,0.00000,1,0.000
000274.png,1788183831.270,0.02674,-0.24243,0.22354,0,3,0.208,single_line,-0.20944;-0.13851;0.22907,0.00000,0.00000,1,0.000
000275.png,1788183831.320,0.03209,-0.26528,0.22354,0,3,0.188,single_line,-0.20638;-0.14386;0.22583,0.00000,0.00000,1,0.000
000276.png,1788183831.420,0.02572,-0.23782,0.22354,0,3,0.208,single_line,-0.20833;-0.13749;0.22797,0.00000,0.00000,1,0.000
000277.png,1788183831.471,0.02624,-0.23766,0.22354,0,3,0.167,single_line,-0.20944;-0.13801;0.22764,0.00000,0.00000,1,0.000
000278.png,1788183831.520,0.03417,-0.27570,0.22354,0,3,0.188,single_line,-0.20798;-0.14594;0.22761,0.00000,0.00000,1,0.000
000279.png,1788183831.570,0.03626,-0.28622,0.22354,0,3,0.208,single_line,-0.20638;-0.14803;0.22364,0.00000,0.00000,1,0.000
000280.png,1788183831.620,0.02740,-0.24649,0.22354,0,3,0.208,single_line,-0.21070;-0.13917;0.22583,0.00000,0.00000,1,0.000
000281.png,1788183831.670,0.02753,-0.24528,0.22354,0,3,0.208,single_line,-0.20492;-0.13930;0.24274,0.00000,0.00000,1,0.000
000282.png,1788183831.770,0.03417,-0.27570,0.22354,0,3,0.188,single_line,-0.20492;-0.14594;0.22911,0.00000,0.00000,1,0.000
000283.png,1788183831.820,0.03849,-0.29301,0.21264,1,4,0.292,ok,-0.20917;-0.14954;0.07257;0.23605,0.00000,0.00000,1,0.000
000284.png,1788183831.870,0.03734,-0.28607,0.22136,0,3,0.188,single_line,-0.19683;-0.14802;0.22711,0.00000,0.00000,1,0.000
000285.png,1788183831.920,-0.01408,-0.27628,0.30832,1,4,0.271,ok,-0.20944;-0.14616;0.17431;0.24005,0.00000,0.00000,1,0.000
000286.png,1788183832.020,0.01855,-0.24010,0.23875,0,3,0.208,single_line,-0.20067;-0.13793;0.22364,0.00000,0.00000,1,0.000
000287.png,1788183832.070,0.02501,-0.26789,0.23875,0,3,0.188,single_line,-0.20619;-0.14438;0.22907,0.00000,0.00000,1,0.000
000288.png,1788183832.120,0.02849,-0.28514,0.23875,0,3,0.208,single_line,-0.20492;-0.14787;0.22221,0.00000,0.00000,1,0.000
000289.png,1788183832.171,0.02341,-0.25970,0.23875,0,3,0.188,single_line,-0.20798;-0.14279;0.23450,0.00000,0.00000,1,0.000
000290.png,1788183832.220,0.02705,-0.27797,0.23875,0,3,0.188,single_line,-0.20707;-0.14643;0.22730,0.00000,0.00000,1,0.000
000291.png,1788183832.320,0.02653,-0.27537,0.23875,0,3,0.188,single_line,-0.20408;-0.14591;0.23875,0.00000,0.00000,1,0.000
000292.png,1788183832.370,0.02172,-0.25649,0.23875,0,3,0.229,single_line,-0.20492;-0.14110;0.22387,0.00000,0.00000,1,0.000
000293.png,1788183832.420,0.02448,-0.26528,0.23875,0,3,0.188,single_line,-0.20492;-0.14386;0.23196,0.00000,0.00000,1,0.000
000294.png,1788183832.470,0.02352,-0.26550,0.23875,0,3,0.229,single_line,-0.20814;-0.14289;0.22892,0.00000,0.00000,1,0.000
000295.png,1788183832.520,0.02176,-0.25155,0.23875,0,3,0.167,single_line,-0.20707;-0.14114;0.22037,0.00000,0.00000,1,0.000
000296.png,1788183832.620,0.02537,-0.26919,0.23875,0,3,0.188,single_line,-0.20392;-0.14475;0.25593,0.00000,0.00000,1,0.000
000297.png,1788183832.670,0.02553,-0.27050,0.23875,0,3,0.188,single_line,-0.20833;-0.14490;0.25593,0.00000,0.00000,1,0.000
000298.png,1788183832.720,0.01771,-0.23371,0.23875,0,3,0.188,single_line,-0.20220;-0.13709;0.22911,0.00000,0.00000,1,0.000
000299.png,1788183832.770,0.02384,-0.26562,0.23875,0,3,0.208,single_line,-0.20194;-0.14321;0.24005,0.00000,0.00000,1,0.000
000300.png,1788183832.820,0.02609,-0.27334,0.23875,0,4,0.208,single_line,-0.21132;-0.14546;0.22907;0.32478,0.00000,0.00000,1,0.000
000301.png,1788183832.920,0.02115,-0.25074,0.23875,0,3,0.188,single_line,-0.20833;-0.14053;0.24005,0.00000,0.00000,1,0.000
000302.png,1788183832.970,0.02653,-0.27537,0.23875,0,3,0.188,single_line,-0.20519;-0.14591;0.22583,0.00000,0.00000,1,0.000
000303.png,1788183833.020,0.02279,-0.26206,0.23875,0,3,0.229,single_line,-0.20408;-0.14216;0.22907,0.00000,0.00000,1,0.000
000304.png,1788183833.070,0.02218,-0.25929,0.23875,0,3,0.208,single_line,-0.20833;-0.14156;0.22364,0.00000,0.00000,1,0.000
000305.png,1788183833.120,0.02969,-0.29123,0.23875,0,3,0.188,single_line,-0.20519;-0.14906;0.22040,0.00000,0.00000,1,0.000
000306.png,1788183833.220,0.02620,-0.27359,0.23875,0,3,0.188,single_line,-0.20492;-0.14558;0.22583,0.00000,0.00000,1,0.000
000307.png,1788183833.270,0.02197,-0.25781,0.23875,0,3,0.229,single_line,-0.20645;-0.14135;0.23396,0.00000,0.00000,1,0.000
000308.png,1788183833.320,0.03204,-0.29848,0.23875,0,3,0.167,single_line,-0.20645;-0.15141;0.24005,0.00000,0.00000,1,0.000
000309.png,1788183833.370,0.02176,-0.25155,0.23875,0,3,0.167,single_line,-0.20792;-0.14114;0.22429,0.00000,0.00000,1,0.000
000310.png,1788183833.420,0.02072,-0.25146,0.23875,0,3,0.208,single_line,-0.20067;-0.14010;0.22189,0.00000,0.00000,1,0.000
000311.png,1788183833.520,0.02837,-0.28477,0.23875,0,4,0.208,single_line,-0.20771;-0.14774;0.21347;0.22364,0.00000,0.00000,1,0.000
000312.png,1788183833.570,0.02657,-0.27570,0.23875,0,3,0.188,single_line,-0.20346;-0.14594;0.22907,0.00000,0.00000,1,0.000
000313.png,1788183833.620,0.05307,-0.28704,0.18257,1,3,0.312,ok,-0.20492;-0.14825;0.04212,0.00000,0.00000,1,0.000
000314.png,1788183833.671,0.02865,-0.26127,0.22752,0,3,0.229,single_line,-0.20839;-0.14241;0.25214,0.00000,0.00000,1,0.000
000315.png,1788183833.720,0.03382,-0.28402,0.22752,0,3,0.208,single_line,-0.20944;-0.14758;0.22364,0.00000,0.00000,1,0.000
000316.png,1788183833.820,0.02738,-0.25155,0.22752,0,3,0.167,single_line,-0.20833;-0.14114;0.22583,0.00000,0.00000,1,0.000
000317.png,1788183833.870,0.03437,-0.28635,0.22752,0,3,0.208,single_line,-0.19941;-0.14813;0.23605,0.00000,0.00000,1,0.000
000318.png,1788183833.920,0.36452,-0.29138,0.29989,1,4,0.229,ok,-0.52106;-0.20798;-0.14148;0.25214,0.00000,0.00000,1,0.000
000319.png,1788183833.970,0.02651,-0.28349,0.24199,0,3,0.188,single_line,-0.20473;-0.14750;0.22583,0.00000,0.00000,1,0.000
000320.png,1788183834.020,0.02248,-0.26535,0.24199,0,3,0.188,single_line,-0.20560;-0.14348;0.22907,0.00000,0.00000,1,0.000
000321.png,1788183834.120,-0.01956,-0.28056,0.31999,1,4,0.292,ok,-0.20944;-0.14695;0.18606;0.24005,0.09329,0.00000,1,0.000
000322.png,1788183834.170,0.01299,-0.25487,0.25759,0,3,0.167,single_line,-0.19941;-0.14178;0.22364,0.00000,0.00000,1,0.000
000323.png,1788183834.220,0.01493,-0.26624,0.25759,0,3,0.208,single_line,-0.20492;-0.14372;0.22711,0.00000,0.00000,1,0.000
000324.png,1788183834.270,0.01906,-0.28522,0.25759,0,3,0.208,single_line,-0.20944;-0.14785;0.24005,0.00000,0.00000,1,0.000
000325.png,1788183834.320,0.01235,-0.25155,0.25759,0,3,0.167,single_line,-0.21063;-0.14114;0.23088,0.00000,0.00000,1,0.000
000326.png,1788183834.420,0.01235,-0.25155,0.25759,0,3,0.167,single_line,-0.20392;-0.14114;0.24005,0.00000,0.00000,1,0.000
000327.png,1788183834.470,0.01235,-0.25155,0.25759,0,3,0.167,single_line,-0.20067;-0.14114;0.22892,0.00000,0.00000,1,0.000
000328.png,1788183834.520,0.01715,-0.27570,0.25759,0,3,0.188,single_line,-0.20366;-0.14594;0.22583,0.00000,0.00000,1,0.000
000329.png,1788183834.570,0.01537,-0.26649,0.25759,0,3,0.188,single_line,-0.20108;-0.14417;0.24005,0.00000,0.00000,1,0.000
000330.png,1788183834.620,0.01971,-0.28832,0.25759,0,3,0.188,single_line,-0.21258;-0.14851;0.23796,0.00000,0.00000,1,0.000
000331.png,1788183834.720,0.00532,-0.21978,0.25759,0,3,0.188,single_line,-0.20492;-0.13411;0.25748,0.00000,0.00000,1,0.000
