episode,step,sim_time_s,x,y,yaw,ey,epsi,s,speed,raw_steer,safe_steer,steer_correction,raw_throttle,safe_throttle,throttle_correction,interventions,emergency,joint_envelope_violated,oscillation_persistent,cv_ok,cv_state_available,cv_perception_invalid,cv_ey,cv_epsi,cv_confidence,cv_curvature,cv_lane_width,cv_n_lines,cv_reason
0,1,1.020000,-0.835896,-1.622532,0.229447,-0.000032,0.229447,2.003039,0.053916,-0.512743,-0.512743,0.000000,0.810741,0.810741,0.000000,,0,0,0,1,1,0,0.044485,0.394403,0.5833,-0.0482,0.2699,3,ok
0,2,1.120000,-0.827643,-1.621885,0.206514,0.000615,0.206514,2.011292,0.106593,-0.259256,-0.362743,-0.103487,0.758761,0.758761,0.000000,C-06,0,0,0,1,1,0,0.041349,0.354015,0.6042,-0.0593,0.2691,3,ok
0,3,1.240000,-0.810982,-1.619920,0.181703,0.002580,0.181703,2.027954,0.160002,-0.330240,-0.330240,0.000000,0.734361,0.734361,0.000000,,0,0,0,1,1,0,0.037891,0.320187,0.6250,-0.0426,0.2687,3,ok
0,4,1.340000,-0.796006,-1.618002,0.159963,0.004498,0.159963,2.042929,0.150679,-0.347401,-0.347401,0.000000,0.688256,0.688256,0.000000,,0,0,0,1,1,0,0.036570,0.285637,0.6250,-0.0461,0.2686,3,ok
0,5,1.460000,-0.777901,-1.615703,0.139986,0.006797,0.139986,2.061034,0.152351,-0.255440,-0.255440,0.000000,0.693881,0.693881,0.000000,,0,0,0,1,1,0,0.034626,0.257825,0.6458,-0.0272,0.2660,3,ok
0,6,1.560000,-0.762075,-1.613797,0.120333,0.008703,0.120333,2.076860,0.160431,-0.304866,-0.304866,0.000000,0.729449,0.729449,0.000000,,0,0,0,1,1,0,0.034662,0.211262,0.6042,-0.0444,0.2665,3,ok
0,7,1.660000,-0.746217,-1.611891,0.099548,0.010609,0.099548,2.092719,0.159827,-0.316639,-0.316639,0.000000,0.724978,0.724978,0.000000,,0,0,0,1,1,0,0.035083,0.172525,0.6042,-0.0479,0.2678,3,ok
0,8,1.780000,-0.727475,-1.609600,0.082067,0.012900,0.082067,2.111461,0.157307,-0.213343,-0.213343,0.000000,0.712187,0.712187,0.000000,,0,0,0,1,1,0,0.033729,0.149650,0.6458,-0.0431,0.2656,3,ok
0,9,1.900000,-0.708079,-1.607317,0.063901,0.015183,0.063901,2.130856,0.163378,-0.225201,-0.225201,0.000000,0.739132,0.739132,0.000000,,0,0,0,1,1,0,0.033986,0.121545,0.6667,-0.0461,0.2683,3,ok
0,10,2.000000,-0.692551,-1.605586,0.048914,0.016914,0.048914,2.146384,0.155691,-0.220288,-0.220288,0.000000,0.704538,0.704538,0.000000,,0,0,0,1,1,0,0.033900,0.099260,0.7500,-0.0470,0.2639,3,ok
0,11,2.100000,-0.677034,-1.604556,0.043558,0.017944,0.043558,2.161901,0.155506,-0.026447,-0.070288,-0.043841,0.706161,0.706161,0.000000,C-06,0,0,0,1,1,0,0.032909,0.077457,0.7500,-0.0235,0.2672,3,ok
0,12,2.200000,-0.660315,-1.603843,0.044065,0.018657,0.044065,2.178620,0.170254,0.012459,0.012459,0.000000,0.773976,0.773976,0.000000,,0,0,0,1,1,0,0.033689,0.055136,0.7500,-0.0399,0.2683,3,ok
0,13,2.320000,-0.639678,-1.603004,0.037315,0.019496,0.037315,2.199258,0.172297,-0.087872,-0.087872,0.000000,0.783076,0.783076,0.000000,,0,0,0,1,1,0,0.034924,0.056330,0.7083,-0.0600,0.2654,3,ok
0,14,2.420000,-0.623358,-1.602397,0.040838,0.020103,0.040838,2.215578,0.162596,0.129638,0.062128,-0.067510,0.739175,0.739175,0.000000,C-06,0,0,0,1,1,0,0.034151,0.049857,0.7500,-0.0367,0.2658,3,ok
0,15,2.520000,-0.606837,-1.601792,0.043342,0.020708,0.043342,2.232099,0.165564,0.034752,0.034752,0.000000,0.752764,0.752764,0.000000,,0,0,0,1,1,0,0.036187,0.038346,0.6875,-0.0583,0.2668,3,ok
0,16,2.620000,-0.589873,-1.601095,0.036113,0.021405,0.036113,2.249062,0.170282,-0.141837,-0.115248,0.026589,0.773871,0.773871,0.000000,C-06,0,0,0,1,1,0,0.036548,0.050971,0.7083,-0.0456,0.2670,3,ok
0,17,2.720000,-0.573663,-1.600382,0.027806,0.022118,0.027806,2.265273,0.161621,-0.122473,-0.122473,0.000000,0.734216,0.734216,0.000000,,0,0,0,1,1,0,0.036066,0.047477,0.6667,-0.0332,0.2669,3,ok
0,18,2.820000,-0.558213,-1.599663,0.019890,0.022837,0.019890,2.280722,0.154221,-0.114373,-0.114373,0.000000,0.700386,0.700386,0.000000,,0,0,0,1,1,0,0.035958,0.033040,0.6667,-0.0361,0.2673,3,ok
0,19,2.940000,-0.539592,-1.598801,0.004043,0.023699,0.004043,2.299344,0.155441,-0.192608,-0.192608,0.000000,0.705807,0.705807,0.000000,,0,0,0,1,1,0,0.034943,0.031258,0.6667,-0.0252,0.2658,3,ok
0,20,3.040000,-0.524247,-1.598562,0.000386,0.023938,0.000386,2.314688,0.153338,-0.017178,-0.042608,-0.025431,0.696940,0.696940,0.000000,C-06,0,0,0,1,1,0,0.035560,-0.009662,0.7292,-0.0529,0.2682,2,ok
0,21,3.140000,-0.508340,-1.598510,0.007146,0.023990,0.007146,2.330596,0.159910,0.263824,0.107392,-0.156432,0.726876,0.726876,0.000000,C-06,0,0,0,1,1,0,0.035245,-0.017231,0.7292,-0.0616,0.2668,2,ok
0,22,3.240000,-0.491690,-1.598457,0.014292,0.024043,0.014292,2.347245,0.167351,0.101368,0.101368,0.000000,0.760754,0.760754,0.000000,,0,0,0,1,1,0,0.034603,-0.002647,0.7708,-0.0300,0.2672,2,ok
0,23,3.360000,-0.473267,-1.598197,0.020187,0.024303,0.020187,2.365669,0.152746,0.071255,0.071255,0.000000,0.694364,0.694364,0.000000,,0,0,0,1,1,0,0.035644,-0.003415,0.7708,-0.0379,0.2670,2,ok
0,24,3.460000,-0.458754,-1.597985,0.026928,0.024515,0.026928,2.380181,0.144470,0.101106,0.101106,0.000000,0.656842,0.656842,0.000000,,0,0,0,1,1,0,0.036123,0.026757,0.7292,-0.0187,0.2662,3,ok
0,25,3.560000,-0.443088,-1.597616,0.024101,0.024884,0.024101,2.395848,0.159551,-0.131067,-0.048894,0.082173,0.725249,0.725249,0.000000,C-06,0,0,0,1,1,0,0.037735,0.026012,0.7083,-0.0221,0.2687,3,ok
0,26,3.660000,-0.426039,-1.597218,0.027942,0.025282,0.027942,2.412896,0.172814,0.061887,0.061887,0.000000,0.785608,0.785608,0.000000,,0,0,0,1,1,0,0.038614,0.022068,0.7292,-0.0482,0.2662,3,ok
0,27,3.780000,-0.405639,-1.596648,0.021254,0.025852,0.021254,2.433297,0.169869,-0.128346,-0.088113,0.040233,0.772006,0.772006,0.000000,C-06,0,0,0,1,1,0,0.038744,0.030343,0.6875,-0.0327,0.2666,3,ok
0,28,3.900000,-0.385674,-1.596068,0.008179,0.026432,0.008179,2.453262,0.166205,-0.160188,-0.160188,0.000000,0.755188,0.755188,0.000000,,0,0,0,1,1,0,0.039130,0.023040,0.7083,-0.0410,0.2663,3,ok
0,29,4.000000,-0.369657,-1.595649,0.002153,0.026851,0.002153,2.469279,0.159756,-0.079728,-0.079728,0.000000,0.725965,0.725965,0.000000,,0,0,0,1,1,0,0.037899,0.012045,0.6875,-0.0328,0.2654,3,ok
0,30,4.120000,-0.351598,-1.595464,-0.004264,0.027036,-0.004264,2.485635,0.150024,-0.076584,-0.076584,0.000000,0.681899,0.681899,0.000000,,0,0,0,1,1,0,0.037500,-0.006908,0.6875,-0.0360,0.2668,3,ok
0,31,4.240000,-0.333188,-1.595459,-0.006052,0.027041,-0.006052,2.505747,0.153654,-0.018704,-0.018704,0.000000,0.698439,0.698439,0.000000,,0,0,0,1,1,0,0.037320,-0.023040,0.6875,-0.0431,0.2669,2,ok
0,32,4.360000,-0.314805,-1.595505,0.000702,0.026995,0.000702,2.524130,0.153158,0.085038,0.085038,0.000000,0.696171,0.696171,0.000000,,0,0,0,1,1,0,0.037117,-0.027720,0.7083,-0.0414,0.2674,2,ok
0,33,4.480000,-0.294882,-1.595529,0.007742,0.026971,0.007742,2.544053,0.168614,0.082995,0.082995,0.000000,0.766447,0.766447,0.000000,,0,0,0,1,1,0,0.037045,-0.012455,0.7708,-0.0282,0.2673,2,ok
0,34,4.600000,-0.276043,-1.595367,0.008342,0.027133,0.008342,2.562892,0.156458,0.003864,0.003864,0.000000,0.711167,0.711167,0.000000,,0,0,0,1,1,0,0.037736,0.004635,0.7500,-0.0358,0.2647,3,ok
0,35,4.700000,-0.261064,-1.595214,-0.000778,0.027286,-0.000778,2.577872,0.148875,-0.151623,-0.146136,0.005487,0.676669,0.676669,0.000000,C-06,0,0,0,1,1,0,0.037365,0.009024,0.7708,-0.0167,0.2657,3,ok
0,36,4.820000,-0.243100,-1.595032,-0.006717,0.027468,-0.006717,2.595835,0.149747,-0.066070,-0.066070,0.000000,0.680646,0.680646,0.000000,,0,0,0,1,1,0,0.037854,-0.004241,0.7292,-0.0345,0.2662,3,ok
0,37,4.940000,-0.225949,-1.595109,-0.007813,0.027391,-0.007813,2.612987,0.142570,-0.010219,-0.010219,0.000000,0.648054,0.648054,0.000000,,0,0,0,1,1,0,0.037494,-0.027123,0.7500,-0.0457,0.2674,2,ok
0,38,5.060000,-0.210191,-1.595230,0.002725,0.027270,0.002725,2.628744,0.130189,0.158860,0.139781,-0.019079,0.591753,0.591753,0.000000,C-06,0,0,0,1,1,0,0.037277,-0.029944,0.7292,-0.0496,0.2663,2,ok
0,39,5.160000,-0.199214,-1.595204,0.002785,0.027296,0.002785,2.639721,0.108186,-0.008900,-0.008900,0.000000,0.458801,0.491753,0.032953,C-06,0,0,0,1,1,0,0.037763,-0.012131,0.7292,-0.0344,0.2667,2,ok
0,40,5.280000,-0.184170,-1.595176,0.002514,0.027324,0.002514,2.654766,0.130186,-0.002906,-0.002906,0.000000,0.695730,0.591753,-0.103976,C-06,0,0,0,1,1,0,0.037581,-0.003128,0.7083,-0.0342,0.2652,3,ok
0,41,5.400000,-0.166663,-1.595177,-0.009651,0.027323,-0.009651,2.672273,0.149683,-0.220531,-0.152906,0.067625,0.680407,0.680407,0.000000,C-06,0,0,0,1,1,0,0.038016,-0.008713,0.6875,-0.0422,0.2655,3,ok
0,42,5.520000,-0.148143,-1.595305,-0.011354,0.027195,-0.011354,2.690793,0.154776,-0.013175,-0.013175,0.000000,0.703551,0.703551,0.000000,,0,0,0,1,1,0,0.037229,-0.019432,0.6875,-0.0404,0.2660,2,ok
0,43,5.620000,-0.132752,-1.595428,-0.008339,0.027072,-0.008339,2.706183,0.153844,0.046889,0.046889,0.000000,0.699292,0.699292,0.000000,,0,0,0,1,1,0,0.036874,-0.037933,0.7083,-0.0496,0.2667,2,ok
0,44,5.740000,-0.114285,-1.595578,-0.012047,0.026922,-0.012047,2.724650,0.153895,-0.049331,-0.049331,0.000000,0.699548,0.699548,0.000000,,0,0,0,1,1,0,0.036573,-0.035671,0.7083,-0.0410,0.2674,2,ok
0,45,5.860000,-0.095853,-1.595794,-0.012372,0.026706,-0.012372,2.743083,0.153602,-0.001477,-0.001477,0.000000,0.698193,0.698193,0.000000,,0,0,0,1,1,0,0.036313,-0.033766,0.7708,-0.0447,0.2666,2,ok
0,46,5.980000,-0.077712,-1.596019,-0.008771,0.026481,-0.008771,2.761224,0.151031,0.045509,0.045509,0.000000,0.686478,0.686478,0.000000,,0,0,0,1,1,0,0.034815,-0.026337,0.7708,-0.0241,0.2657,2,ok
0,47,6.100000,-0.059446,-1.596242,-0.003751,0.026258,-0.003751,2.779490,0.152292,0.059949,0.059949,0.000000,0.692192,0.692192,0.000000,,0,0,0,1,1,0,0.035583,-0.031631,0.7292,-0.0321,0.2673,2,ok
0,48,6.200000,-0.044123,-1.596427,0.004327,0.026073,0.004327,2.794812,0.153309,0.118131,0.118131,0.000000,0.696813,0.696813,0.000000,,0,0,0,1,1,0,0.036372,-0.028621,0.7500,-0.0432,0.2685,2,ok
0,49,6.320000,-0.025599,-1.596474,0.007303,0.026026,0.007303,2.813337,0.154454,0.029215,0.029215,0.000000,0.702081,0.702081,0.000000,,0,0,0,1,1,0,0.036428,-0.011872,0.7292,-0.0373,0.2661,2,ok
0,50,6.440000,-0.007525,-1.596347,0.007373,0.026153,0.007373,2.831410,0.150415,-0.000678,-0.000678,0.000000,0.683704,0.683704,0.000000,,0,0,0,1,1,0,0.037062,-0.005719,0.7083,-0.0357,0.2667,3,ok
0,51,6.560000,0.011350,-1.596200,0.019161,0.026300,0.019161,2.850286,0.158125,0.217568,0.149322,-0.068246,0.718850,0.718850,0.000000,C-06,0,0,0,1,1,0,0.037158,-0.001066,0.7292,-0.0391,0.2652,3,ok
0,52,6.680000,0.030397,-1.595835,0.019734,0.026665,0.019734,2.869333,0.158787,-0.418973,-0.000678,0.418295,0.721759,0.721759,0.000000,C-06,0,0,0,1,1,0,0.039194,0.009564,0.6458,-0.0431,0.2677,3,ok
0,53,6.780000,0.046239,-1.595521,0.010025,0.026979,0.010025,2.885174,0.158415,-0.317093,-0.150678,0.166415,0.719966,0.719966,0.000000,C-06,0,0,0,1,1,0,0.039790,0.015439,0.6667,-0.0426,0.2663,3,ok
0,54,6.900000,0.064983,-1.595140,-0.007962,0.027360,-0.007962,2.903918,0.156095,-0.215678,-0.215678,0.000000,0.709394,0.709394,0.000000,,0,0,0,1,1,0,0.039724,0.003760,0.6458,-0.0532,0.2662,3,ok
0,55,7.020000,0.083526,-1.595008,-0.014146,0.027492,-0.014146,2.922461,0.154441,-0.016146,-0.065678,-0.049532,0.702066,0.702066,0.000000,C-06,0,0,0,1,1,0,0.037514,-0.011234,0.6875,-0.0354,0.2658,2,ok
0,56,7.120000,0.099082,-1.595210,-0.008972,0.027290,-0.008972,2.936135,0.155695,0.112216,0.084322,-0.027894,0.707666,0.707666,0.000000,C-06,0,0,0,1,1,0,0.036299,-0.037657,0.7708,-0.0326,0.2679,2,ok
0,57,7.240000,0.118010,-1.595379,-0.013787,0.027121,-0.013787,2.956945,0.157905,-0.083521,-0.065678,0.017844,0.717791,0.717791,0.000000,C-06,0,0,0,1,1,0,0.036265,-0.029828,0.7708,-0.0280,0.2683,2,ok
0,58,7.360000,0.135560,-1.595621,-0.009215,0.026879,-0.009215,2.974496,0.145731,0.060350,0.060350,0.000000,0.662378,0.662378,0.000000,,0,0,0,1,1,0,0.036367,-0.037949,0.7708,-0.0406,0.2682,2,ok
0,59,7.480000,0.153603,-1.595857,-0.000962,0.026643,-0.000962,2.992539,0.150862,0.099886,0.099886,0.000000,0.685681,0.685681,0.000000,,0,0,0,1,1,0,0.036668,-0.031512,0.7500,-0.0522,0.2663,2,ok
0,60,7.600000,0.172117,-1.596066,0.003156,0.026434,0.003156,3.011053,0.154566,0.045819,0.045819,0.000000,0.702546,0.702546,0.000000,,0,0,0,1,1,0,0.036779,-0.019460,0.7500,-0.0417,0.2658,2,ok
0,61,7.700000,0.187645,-1.596054,0.001568,0.026446,0.001568,3.026580,0.155342,-0.027873,-0.027873,0.000000,0.706100,0.706100,0.000000,,0,0,0,1,1,0,0.036869,-0.006571,0.7083,-0.0376,0.2650,2,ok
0,62,7.820000,0.206470,-1.596022,0.011241,0.026478,0.011241,3.045406,0.156998,0.286856,0.122127,-0.164729,0.713666,0.713666,0.000000,C-06,0,0,0,1,1,0,0.037200,-0.013206,0.7292,-0.0418,0.2667,2,ok
0,63,7.940000,0.222831,-1.595842,0.009612,0.026658,0.009612,3.061766,0.135009,-0.235476,-0.027873,0.207603,0.526637,0.613666,0.087029,C-06,0,0,0,1,1,0,0.037478,0.008620,0.6875,-0.0312,0.2651,3,ok
0,64,8.060000,0.240737,-1.595679,-0.004670,0.026821,-0.004670,3.079672,0.152297,-0.358048,-0.177873,0.180175,0.692239,0.692239,0.000000,C-06,0,0,0,1,1,0,0.037506,0.008521,0.6875,-0.0250,0.2668,3,ok
0,65,8.180000,0.259269,-1.595652,-0.007668,0.026848,-0.007668,3.098204,0.154576,0.074988,-0.027873,-0.102861,0.702637,0.702637,0.000000,C-06,0,0,0,1,1,0,0.036831,-0.014650,0.6667,-0.0399,0.2656,2,ok
0,66,8.300000,0.277926,-1.595738,0.001153,0.026762,0.001153,3.116861,0.155563,0.113074,0.113074,0.000000,0.707096,0.707096,0.000000,,0,0,0,1,1,0,0.037408,-0.030836,0.7292,-0.0582,0.2656,2,ok
0,67,8.420000,0.298181,-1.595805,0.005078,0.026695,0.005078,3.136335,0.171529,0.042780,0.042780,0.000000,0.779681,0.779681,0.000000,,0,0,0,1,1,0,0.036931,-0.020470,0.7292,-0.0401,0.2669,2,ok
0,68,8.540000,0.318263,-1.595721,-0.001892,0.026779,-0.001892,3.157199,0.166983,-0.091360,-0.091360,0.000000,0.759006,0.759006,0.000000,,0,0,0,1,1,0,0.037567,-0.005662,0.7708,-0.0391,0.2660,3,ok
0,69,8.640000,0.332896,-1.595755,-0.001715,0.026745,-0.001715,3.171831,0.144982,0.007687,0.007687,0.000000,0.647174,0.659006,0.011832,C-06,0,0,0,1,1,0,0.036546,-0.007808,0.7708,-0.0190,0.2672,2,ok
0,70,8.760000,0.350568,-1.595800,0.005881,0.026700,0.005881,3.186435,0.147454,0.094818,0.094818,0.000000,0.670254,0.670254,0.000000,,0,0,0,1,1,0,0.036926,-0.016555,0.7292,-0.0373,0.2673,2,ok
0,71,8.880000,0.368611,-1.595700,0.001910,0.026800,0.001910,3.207546,0.150603,-0.114087,-0.055182,0.058904,0.684549,0.684549,0.000000,C-06,0,0,0,1,1,0,0.037307,-0.003783,0.7292,-0.0297,0.2671,3,ok
0,72,9.000000,0.386735,-1.595666,0.009156,0.026834,0.009156,3.225671,0.151077,0.288447,0.094818,-0.193629,0.686740,0.686740,0.000000,C-06,0,0,0,1,1,0,0.037512,-0.005820,0.7083,-0.0441,0.2653,2,ok
0,73,9.120000,0.404594,-1.595640,0.013788,0.026860,0.013788,3.243530,0.148722,0.053206,0.053206,0.000000,0.676073,0.676073,0.000000,,0,0,0,1,1,0,0.038001,-0.002630,0.7292,-0.0443,0.2653,3,ok
0,74,9.220000,0.419499,-1.595444,0.007760,0.027056,0.007760,3.258434,0.149097,-0.328901,-0.096794,0.232107,0.677670,0.677670,0.000000,C-06,0,0,0,1,1,0,0.039447,0.004014,0.6667,-0.0484,0.2671,3,ok
0,75,9.340000,0.437511,-1.595198,-0.012376,0.027302,-0.012376,3.276447,0.150202,-0.288019,-0.246794,0.041225,0.682716,0.682716,0.000000,C-06,0,0,0,1,1,0,0.038052,0.006302,0.7083,-0.0306,0.2664,3,ok
0,76,9.460000,0.456059,-1.595029,-0.021051,0.027471,-0.021051,3.294994,0.154908,0.241807,-0.096794,-0.338601,0.704266,0.704266,0.000000,C-06,0,0,0,1,1,0,0.036891,-0.027114,0.6667,-0.0340,0.2683,2,ok
0,77,9.580000,0.474310,-1.595331,-0.022725,0.027169,-0.022725,3.313246,0.151999,-0.016643,-0.016643,0.000000,0.690967,0.690967,0.000000,,0,0,0,1,1,0,0.034706,-0.038855,0.7083,-0.0233,0.2660,2,ok
0,78,9.700000,0.492936,-1.595669,-0.026449,0.026831,-0.026449,3.331872,0.155433,-0.045586,-0.045586,0.000000,0.706643,0.706643,0.000000,,0,0,0,1,1,0,0.034733,-0.049746,0.7708,-0.0347,0.2659,2,ok
0,79,9.800000,0.508307,-1.596070,-0.026237,0.026430,-0.026237,3.347242,0.153624,0.006794,0.006794,0.000000,0.698285,0.698285,0.000000,,0,0,0,1,1,0,0.033541,-0.046023,0.7917,-0.0228,0.2659,2,ok
0,80,9.920000,0.526455,-1.596557,-0.037278,0.025943,-0.037278,3.365390,0.151032,-0.182398,-0.143206,0.039192,0.686726,0.686726,0.000000,C-06,0,0,0,1,1,0,0.033358,-0.055737,0.7708,-0.0259,0.2670,2,ok
0,81,10.040000,0.544302,-1.597223,-0.037135,0.025277,-0.037135,3.383237,0.148752,0.077751,0.006794,-0.070957,0.676132,0.676132,0.000000,C-06,0,0,0,1,1,0,0.031462,-0.072680,0.7500,-0.0220,0.2683,2,ok
0,82,10.140000,0.559042,-1.597785,-0.029022,0.024715,-0.029022,3.397978,0.147398,0.126341,0.126341,0.000000,0.669796,0.669796,0.000000,,0,0,0,1,1,0,0.031680,-0.076451,0.7708,-0.0519,0.2663,2,ok
0,83,10.260000,0.577437,-1.598314,-0.030449,0.024186,-0.030449,3.416372,0.153943,-0.115206,-0.023659,0.091546,0.699780,0.699780,0.000000,C-06,0,0,0,1,1,0,0.031126,-0.065283,0.7708,-0.0361,0.2671,2,ok
0,84,10.380000,0.595837,-1.598837,-0.032449,0.023663,-0.032449,3.434773,0.153364,-0.024070,-0.024070,0.000000,0.697193,0.697193,0.000000,,0,0,0,1,1,0,0.031093,-0.064211,0.7500,-0.0488,0.2661,2,ok
0,85,10.500000,0.614412,-1.599392,-0.029048,0.023108,-0.029048,3.453347,0.154973,0.044740,0.044740,0.000000,0.704405,0.704405,0.000000,,0,0,0,1,1,0,0.030333,-0.063059,0.7500,-0.0343,0.2672,2,ok
0,86,10.620000,0.632814,-1.599953,-0.025323,0.022547,-0.025323,3.471749,0.153327,0.044684,0.044684,0.000000,0.696843,0.696843,0.000000,,0,0,0,1,1,0,0.030048,-0.067490,0.6875,-0.0444,0.2670,2,ok
0,87,10.720000,0.647961,-1.600423,-0.020938,0.022077,-0.020938,3.486835,0.151428,0.064245,0.064245,0.000000,0.688133,0.688133,0.000000,,0,0,0,1,1,0,0.029380,-0.053928,0.6875,-0.0328,0.2672,2,ok
0,88,10.840000,0.666404,-1.600838,-0.020147,0.021662,-0.020147,3.505339,0.153894,0.006559,0.006559,0.000000,0.699491,0.699491,0.000000,,0,0,0,1,1,0,0.030099,-0.053250,0.7083,-0.0469,0.2668,2,ok
0,89,10.960000,0.684816,-1.601243,-0.015952,0.021257,-0.015952,3.523752,0.153467,0.051235,0.051235,0.000000,0.697498,0.697498,0.000000,,0,0,0,1,1,0,0.029489,-0.046516,0.7292,-0.0330,0.2671,2,ok
0,90,11.080000,0.703010,-1.601535,-0.017566,0.020965,-0.017566,3.541946,0.151517,-0.023213,-0.023213,0.000000,0.688735,0.688735,0.000000,,0,0,0,1,1,0,0.029361,-0.032430,0.7917,-0.0357,0.2666,2,ok
0,91,11.200000,0.721015,-1.601838,-0.015678,0.020662,-0.015678,3.559951,0.149974,0.025156,0.025156,0.000000,0.681687,0.681687,0.000000,,0,0,0,1,1,0,0.029094,-0.041126,0.7708,-0.0360,0.2671,2,ok
0,92,11.300000,0.736142,-1.602084,-0.015296,0.020416,-0.015296,3.575078,0.151449,0.003258,0.003258,0.000000,0.688397,0.688397,0.000000,,0,0,0,1,1,0,0.028641,-0.038649,0.7917,-0.0277,0.2677,2,ok
0,93,11.420000,0.753935,-1.602384,-0.011505,0.020116,-0.011505,3.592871,0.148066,0.048296,0.048296,0.000000,0.672978,0.672978,0.000000,,0,0,0,1,1,0,0.028331,-0.035548,0.7500,-0.0170,0.2680,2,ok
0,94,11.540000,0.772428,-1.602601,-0.014587,0.019899,-0.014587,3.611363,0.154794,-0.041617,-0.041617,0.000000,0.703636,0.703636,0.000000,,0,0,0,1,1,0,0.028893,-0.036757,0.7500,-0.0334,0.2671,2,ok
0,95,11.640000,0.788076,-1.602780,-0.016917,0.019720,-0.016917,3.627012,0.156625,-0.032748,-0.032748,0.000000,0.711986,0.711986,0.000000,,0,0,0,1,1,0,0.028683,-0.041685,0.7083,-0.0447,0.2666,2,ok
0,96,11.760000,0.807089,-1.603001,-0.019263,0.019499,-0.019263,3.646025,0.158552,-0.027740,-0.027740,0.000000,0.720771,0.720771,0.000000,,0,0,0,1,1,0,0.028181,-0.040898,0.7083,-0.0357,0.2667,2,ok
0,97,11.880000,0.826152,-1.603312,-0.015139,0.019188,-0.015139,3.665088,0.158906,0.053635,0.053635,0.000000,0.722285,0.722285,0.000000,,0,0,0,1,1,0,0.027020,-0.045120,0.6875,-0.0297,0.2672,2,ok
0,98,12.000000,0.844805,-1.603634,-0.008137,0.018866,-0.008137,3.683741,0.155256,0.085189,0.085189,0.000000,0.705627,0.705627,0.000000,,0,0,0,1,1,0,0.026911,-0.037003,0.6667,-0.0247,0.2676,2,ok
0,99,12.120000,0.863235,-1.603787,-0.009535,0.018713,-0.009535,3.702171,0.153482,-0.022176,-0.022176,0.000000,0.697658,0.697658,0.000000,,0,0,0,1,1,0,0.027804,-0.033289,0.6458,-0.0371,0.2671,2,ok
0,100,12.220000,0.878722,-1.603907,-0.004986,0.018593,-0.004986,3.717657,0.155008,0.071377,0.071377,0.000000,0.704570,0.704570,0.000000,,0,0,0,1,1,0,0.028190,-0.031597,0.7083,-0.0454,0.2663,2,ok
0,101,12.340000,0.897486,-1.603999,-0.006720,0.018501,-0.006720,3.736422,0.156462,-0.025617,-0.025617,0.000000,0.711196,0.711196,0.000000,,0,0,0,1,1,0,0.028648,-0.030014,0.7500,-0.0549,0.2665,2,ok
0,102,12.460000,0.915753,-1.604121,-0.006260,0.018379,-0.006260,3.754688,0.152078,0.006566,0.006566,0.000000,0.691262,0.691262,0.000000,,0,0,0,1,1,0,0.028455,-0.029550,0.7500,-0.0487,0.2650,2,ok
0,103,12.580000,0.934351,-1.604237,-0.006155,0.018263,-0.006155,3.773287,0.155152,0.001065,0.001065,0.000000,0.705236,0.705236,0.000000,,0,0,0,1,1,0,0.027634,-0.026159,0.7500,-0.0392,0.2656,2,ok
0,104,12.700000,0.952380,-1.604348,-0.005566,0.018152,-0.005566,3.791315,0.150111,0.007173,0.007173,0.000000,0.682320,0.682320,0.000000,,0,0,0,1,1,0,0.027972,-0.036277,0.7292,-0.0519,0.2662,2,ok
0,105,12.800000,0.967693,-1.604445,-0.007833,0.018055,-0.007833,3.806628,0.153464,-0.035303,-0.035303,0.000000,0.697570,0.697570,0.000000,,0,0,0,1,1,0,0.029881,-0.058515,0.7500,-0.1106,0.2684,2,ok
0,106,12.920000,0.986325,-1.604565,-0.014319,0.017935,-0.014319,3.825260,0.155541,-0.082641,-0.082641,0.000000,0.707059,0.707059,0.000000,,0,0,0,1,1,0,0.029889,-0.063933,0.7292,-0.1246,0.2689,2,ok
0,107,13.040000,1.005283,-1.604743,-0.016477,0.017757,-0.016477,3.844218,0.158166,-0.022672,-0.022672,0.000000,0.718995,0.718995,0.000000,,0,0,0,1,1,0,0.029507,-0.092622,0.6875,-0.1470,0.2696,2,ok
0,108,13.140000,1.021293,-1.604913,-0.019605,0.017587,-0.019605,3.860229,0.160203,-0.045428,-0.045428,0.000000,0.728293,0.728293,0.000000,,0,0,0,1,1,0,0.029311,-0.105268,0.6667,-0.1640,0.2712,3,ok
0,109,13.260000,1.040164,-1.605278,-0.017404,0.017222,-0.017404,3.879100,0.157138,0.029768,0.029768,0.000000,0.714233,0.714233,0.000000,,0,0,0,1,1,0,0.028388,-0.088264,0.6250,-0.1595,0.2698,3,ok
0,110,13.380000,1.058488,-1.605597,-0.017730,0.016903,-0.017730,3.897423,0.152601,-0.004778,-0.004778,0.000000,0.693644,0.693644,0.000000,,0,0,0,1,1,0,0.031003,-0.100475,0.6458,-0.2510,0.2658,2,ok
0,111,13.500000,1.076976,-1.605912,-0.015049,0.016588,-0.015049,3.915911,0.154176,0.033595,0.033595,0.000000,0.700779,0.700779,0.000000,,0,0,0,1,1,0,0.028951,-0.094847,0.7083,-0.2358,0.2664,2,ok
0,112,13.620000,1.095371,-1.606228,-0.010788,0.016272,-0.010788,3.934307,0.153285,0.051371,0.051371,0.000000,0.696688,0.696688,0.000000,,0,0,0,1,1,0,0.030471,-0.120370,0.6875,-0.2810,0.2633,2,ok
0,113,13.720000,1.110775,-1.606463,-0.009329,0.016037,-0.009329,3.949711,0.154108,0.018792,0.018792,0.000000,0.700448,0.700448,0.000000,,0,0,0,1,1,0,0.028370,-0.097283,0.7500,-0.2604,0.2642,2,ok
0,114,13.840000,1.129666,-1.606667,-0.008701,0.015833,-0.008701,3.968601,0.157695,0.006840,0.006840,0.000000,0.716784,0.716784,0.000000,,0,0,0,1,1,0,0.026920,-0.082309,0.7500,-0.2396,0.2660,2,ok
0,115,13.960000,1.149091,-1.606873,-0.011637,0.015627,-0.011637,3.987435,0.162267,-0.037156,-0.037156,0.000000,0.737583,0.737583,0.000000,,0,0,0,1,1,0,0.027459,-0.075252,0.7292,-0.2786,0.2624,2,ok
0,116,14.080000,1.168042,-1.607072,-0.014545,0.015428,-0.014545,4.006978,0.157679,-0.034790,-0.034790,0.000000,0.716758,0.716758,0.000000,,0,0,0,1,1,0,0.023651,-0.051182,0.7292,-0.2051,0.2648,2,ok
0,117,14.200000,1.187068,-1.607273,-0.024051,0.015227,-0.024051,4.026003,0.158600,-0.117521,-0.117521,0.000000,0.721070,0.721070,0.000000,,0,0,0,1,1,0,0.022783,-0.045437,0.6875,-0.2141,0.2678,2,ok
0,118,14.300000,1.202938,-1.607440,-0.037911,0.015060,-0.037911,4.041873,0.158688,-0.206152,-0.206152,0.000000,0.721765,0.721765,0.000000,,0,0,0,1,1,0,0.021128,-0.040821,0.6875,-0.1861,0.2679,2,ok
0,119,14.420000,1.221879,-1.607639,-0.051056,0.014861,-0.051056,4.060815,0.157769,-0.156970,-0.156970,0.000000,0.718006,0.718006,0.000000,,0,0,0,1,1,0,0.017730,-0.040602,0.7292,-0.1510,0.2678,2,ok
0,120,14.540000,1.240953,-1.607861,-0.069832,0.014639,-0.069832,4.079888,0.158953,-0.234004,-0.234004,0.000000,0.724187,0.724187,0.000000,,0,0,0,1,1,0,0.014997,-0.053528,0.6667,-0.1591,0.2645,2,ok
0,121,14.640000,1.258018,-1.608752,-0.076022,0.013748,-0.076022,4.096954,0.173502,0.072457,-0.084004,-0.156461,0.789634,0.789634,0.000000,C-06,0,0,0,1,1,0,0.010719,-0.057199,0.6458,-0.0994,0.2689,2,ok
0,122,14.760000,1.279123,-1.610325,-0.071265,0.012175,-0.071265,4.118058,0.176594,0.136658,0.065996,-0.070662,0.802490,0.802490,0.000000,C-06,0,0,0,1,1,0,0.010205,-0.079888,0.6875,-0.1188,0.2705,2,ok
0,123,14.880000,1.299783,-1.611798,-0.077284,0.010702,-0.077284,4.137635,0.172226,-0.109018,-0.084004,0.025014,0.783191,0.783191,0.000000,C-06,0,0,0,1,1,0,0.010025,-0.079641,0.7500,-0.1474,0.2665,2,ok
0,124,15.000000,1.320296,-1.613263,-0.083821,0.009237,-0.081763,4.159231,0.171294,-0.081075,-0.081075,0.000000,0.779345,0.779345,0.000000,,0,0,0,1,1,0,0.008257,-0.064781,0.7500,-0.1136,0.2663,2,ok
0,125,15.120000,1.341901,-1.614769,-0.090997,0.007731,-0.088939,4.180836,0.181837,-0.090011,-0.090011,0.000000,0.827802,0.827802,0.000000,,0,0,0,1,1,0,0.005887,-0.063887,0.7292,-0.1128,0.2670,2,ok
0,126,15.220000,1.359993,-1.616380,-0.091882,0.006120,-0.085693,4.198928,0.181621,-0.008373,-0.008373,0.000000,0.825683,0.825683,0.000000,,0,0,0,1,1,0,0.002880,-0.052723,0.7083,-0.0780,0.2656,2,ok
0,127,15.340000,1.379335,-1.618223,-0.098000,0.004277,-0.091811,4.218271,0.160552,-0.083021,-0.083021,0.000000,0.729936,0.729936,0.000000,,0,0,0,1,1,0,0.000840,-0.051232,0.7083,-0.0401,0.2681,2,ok
0,128,15.460000,1.397858,-1.620051,-0.108391,0.002449,-0.102202,4.236794,0.154745,-0.134264,-0.134264,0.000000,0.704069,0.704069,0.000000,,0,0,0,1,1,0,-0.001577,-0.038986,0.6875,0.0025,0.2688,2,ok
0,129,15.580000,1.416361,-1.622063,-0.107749,0.000624,-0.093713,4.255291,0.155125,0.152735,0.015736,-0.136999,0.705035,0.705035,0.000000,C-06,0,0,0,1,1,0,-0.004745,-0.040548,0.6458,0.0102,0.2700,2,ok
0,130,15.700000,1.434010,-1.623969,-0.117365,-0.001101,-0.103329,4.272959,0.147175,-0.162127,-0.134264,0.027863,0.669663,0.669663,0.000000,C-06,0,0,0,1,1,0,-0.004471,-0.063257,0.6667,-0.0126,0.2687,2,ok
0,131,15.800000,1.450221,-1.625577,-0.127118,-0.002506,-0.103681,4.289212,0.168747,-0.150547,-0.150547,0.000000,0.776639,0.769663,-0.006976,C-06,0,0,0,1,1,0,-0.008668,-0.040698,0.6458,0.0512,0.2692,2,ok
0,132,15.920000,1.469916,-1.627917,-0.131077,-0.004438,-0.107641,4.308951,0.165097,-0.045404,-0.045404,0.000000,0.751382,0.751382,0.000000,,0,0,0,1,1,0,-0.009281,-0.063377,0.6875,0.0356,0.2680,2,ok
0,133,16.040000,1.489247,-1.630458,-0.127747,-0.006580,-0.104311,4.328330,0.162352,0.047229,0.047229,0.000000,0.737650,0.737650,0.000000,,0,0,0,1,1,0,-0.012138,-0.060526,0.7500,0.0631,0.2680,2,ok
0,134,16.140000,1.504730,-1.632484,-0.123480,-0.008104,-0.088651,4.344004,0.155716,0.067948,0.067948,0.000000,0.707226,0.707226,0.000000,,0,0,0,1,1,0,-0.010476,-0.081856,0.7292,-0.0010,0.2624,2,ok
0,135,16.260000,1.522669,-1.634832,-0.119395,-0.009746,-0.084565,4.362021,0.150514,0.051562,0.051562,0.000000,0.683255,0.683255,0.000000,,0,0,0,1,1,0,-0.010976,-0.079525,0.7500,-0.0001,0.2646,2,ok
0,136,16.380000,1.540766,-1.637007,-0.120133,-0.011210,-0.085304,4.380189,0.151981,-0.012704,-0.012704,0.000000,0.690906,0.690906,0.000000,,0,0,0,1,1,0,-0.011303,-0.064962,0.7083,0.0006,0.2633,2,ok
0,137,16.480000,1.556176,-1.638823,-0.119412,-0.012318,-0.073978,4.395755,0.155483,0.012588,0.012588,0.000000,0.706933,0.706933,0.000000,,0,0,0,1,1,0,-0.012689,-0.059735,0.7083,0.0172,0.2638,2,ok
0,138,16.600000,1.574515,-1.641007,-0.114892,-0.013638,-0.069458,4.414176,0.153857,0.059762,0.059762,0.000000,0.699067,0.699067,0.000000,,0,0,0,1,1,0,-0.013517,-0.053931,0.6875,0.0417,0.2648,2,ok
0,139,16.720000,1.592892,-1.643191,-0.108964,-0.014956,-0.063530,4.431540,0.154282,0.075997,0.075997,0.000000,0.700565,0.700565,0.000000,,0,0,0,1,1,0,-0.015758,-0.039540,0.6667,0.0930,0.2688,2,ok
0,140,16.820000,1.608120,-1.644863,-0.111452,-0.015746,-0.055600,4.448083,0.153072,-0.046969,-0.046969,0.000000,0.695984,0.695984,0.000000,,0,0,0,1,1,0,-0.013658,-0.048614,0.6667,0.0236,0.2669,2,ok
0,141,16.920000,1.623297,-1.646522,-0.122773,-0.016539,-0.066922,4.463330,0.152544,-0.181931,-0.181931,0.000000,0.694438,0.694438,0.000000,,0,0,0,1,1,0,-0.017633,-0.031109,0.6458,0.1299,0.2741,2,ok
0,142,17.040000,1.641787,-1.648691,-0.125765,-0.017652,-0.069914,4.480720,0.155298,0.034407,-0.031931,-0.066338,0.706543,0.706543,0.000000,C-06,0,0,0,1,1,0,-0.015764,-0.044381,0.6458,0.0582,0.2638,2,ok
0,143,17.140000,1.658107,-1.650629,-0.118805,-0.018545,-0.056281,4.498435,0.166138,0.179027,0.118069,-0.060959,0.755356,0.755356,0.000000,C-06,0,0,0,1,1,0,-0.020152,-0.032740,0.7083,0.1228,0.2672,2,ok
0,144,17.260000,1.677997,-1.652959,-0.098410,-0.019612,-0.035886,4.518433,0.167109,0.285369,0.268069,-0.017300,0.758181,0.758181,0.000000,C-06,0,0,0,1,1,0,-0.021158,-0.018671,0.7500,0.1539,0.2689,2,ok
0,145,17.380000,1.696125,-1.655183,-0.088358,-0.020618,-0.019571,4.536860,0.151281,-0.059700,0.118069,0.177769,0.685507,0.685507,0.000000,C-06,0,0,0,1,1,0,-0.019690,0.024153,0.7708,0.1716,0.2692,2,ok
0,146,17.480000,1.711574,-1.656557,-0.089956,-0.020866,-0.021170,4.552369,0.155512,-0.081149,-0.031931,0.049218,0.707044,0.707044,0.000000,C-06,0,0,0,1,1,0,-0.018560,0.031925,0.7500,0.1624,0.2657,2,ok
0,147,17.600000,1.730050,-1.658179,-0.093183,-0.021141,-0.024397,4.570913,0.154482,-0.040834,-0.040834,0.000000,0.702538,0.702538,0.000000,,0,0,0,1,1,0,-0.018297,0.043185,0.7292,0.1631,0.2636,2,ok
0,148,17.720000,1.749049,-1.659809,-0.102787,-0.021387,-0.029794,4.589977,0.159281,-0.125730,-0.125730,0.000000,0.725158,0.725158,0.000000,,0,0,0,1,1,0,-0.020071,0.040565,0.7708,0.2104,0.2648,2,ok
0,149,17.820000,1.765625,-1.661426,-0.101798,-0.021798,-0.028805,4.606627,0.167654,0.044044,0.024270,-0.019774,0.762388,0.762388,0.000000,C-06,0,0,0,1,1,0,-0.021108,0.024008,0.7292,0.2246,0.2665,2,ok
0,150,17.920000,1.782534,-1.663129,-0.102079,-0.022270,-0.029086,4.623615,0.170145,-0.006079,-0.006079,0.000000,0.773491,0.773491,0.000000,,0,0,0,1,1,0,-0.020673,0.014042,0.7292,0.2234,0.2662,2,ok
