timestep,ep_rew_mean,ep_len_mean,explained_variance,value_loss,entropy,approx_kl,clip_fraction,std,intervention_rate,emergency_rate,int_rate_C-01,int_rate_C-02,int_rate_C-03,int_rate_C-04,int_rate_C-05,int_rate_C-06
1024,7.388758,17.086,nan,nan,nan,nan,nan,nan,0.933594,0.055664,0.005859,0.051758,0.129883,0.025391,0.048828,0.922852
2048,10.810514,17.810,0.012218,0.837012,2.815761,0.022819,0.140918,0.979462,0.940430,0.053711,0.000000,0.042969,0.092773,0.030273,0.043945,0.925781
3072,11.736657,18.160,-0.162679,1.817798,2.798493,0.063024,0.305469,0.977900,0.934570,0.053711,0.000000,0.029297,0.086914,0.028320,0.045898,0.923828
4096,13.832419,21.680,0.133672,0.207153,2.782173,0.092326,0.397266,0.964523,0.959961,0.032227,0.000977,0.020508,0.119141,0.022461,0.029297,0.955078
5120,16.590290,25.550,0.180375,0.464070,2.757100,0.109394,0.448242,0.950993,0.959961,0.035156,0.006836,0.017578,0.062500,0.020508,0.030273,0.950195
6144,18.087543,27.120,-0.004619,0.466595,2.725673,0.121328,0.470605,0.934894,0.950195,0.040039,0.004883,0.022461,0.069336,0.022461,0.035156,0.942383
7168,14.967587,23.760,0.160963,0.366766,2.692839,0.114788,0.435840,0.920723,0.952148,0.040039,0.010742,0.028320,0.059570,0.022461,0.036133,0.945312
8192,16.663760,25.340,0.427546,0.279941,2.652097,0.153240,0.522656,0.896776,0.958984,0.034180,0.005859,0.035156,0.072266,0.020508,0.028320,0.952148
9216,18.820404,26.380,0.472624,0.307941,2.605889,0.135483,0.508887,0.880568,0.949219,0.041992,0.005859,0.046875,0.101562,0.026367,0.036133,0.942383
10240,20.098288,26.880,0.365358,0.274563,2.565554,0.147808,0.499414,0.859920,0.950195,0.038086,0.000000,0.039062,0.067383,0.026367,0.035156,0.944336
11264,17.760123,25.410,0.241173,0.377132,2.518566,0.170433,0.509863,0.841213,0.952148,0.039062,0.002930,0.020508,0.048828,0.025391,0.034180,0.946289
12288,20.354921,29.360,0.270487,0.172419,2.481868,0.188351,0.538770,0.827483,0.958984,0.022461,0.000000,0.044922,0.037109,0.018555,0.019531,0.954102
13312,17.741995,26.150,0.579363,0.203031,2.439923,0.196372,0.525391,0.808696,0.942383,0.051758,0.005859,0.013672,0.038086,0.033203,0.041016,0.929688
14336,23.437893,32.720,0.434478,0.218344,2.399814,0.193942,0.543164,0.793329,0.965820,0.014648,0.000000,0.012695,0.038086,0.012695,0.014648,0.964844
15360,20.040786,26.700,0.426066,0.363893,2.356912,0.246962,0.582324,0.774235,0.943359,0.045898,0.000000,0.047852,0.082031,0.035156,0.038086,0.930664
16384,19.446218,24.670,0.261981,0.372638,2.314380,0.197478,0.551270,0.762375,0.951172,0.042969,0.005859,0.018555,0.045898,0.025391,0.035156,0.939453
17408,18.523435,23.550,0.389217,0.360699,2.283078,0.202484,0.557129,0.747895,0.947266,0.036133,0.000000,0.029297,0.086914,0.021484,0.031250,0.937500
18432,18.990437,25.510,0.603771,0.250089,2.243986,0.190329,0.559961,0.734417,0.946289,0.041016,0.009766,0.014648,0.084961,0.029297,0.035156,0.938477
19456,11.680115,19.210,0.606731,0.300426,2.201455,0.216332,0.575293,0.716997,0.936523,0.057617,0.013672,0.048828,0.084961,0.035156,0.044922,0.913086
20480,12.156131,18.860,0.414559,0.314820,2.155515,0.242252,0.585059,0.698979,0.946289,0.044922,0.035156,0.041992,0.113281,0.028320,0.037109,0.927734
21504,20.569385,26.560,0.536447,0.234537,2.106347,0.214901,0.575977,0.684639,0.957031,0.022461,0.000000,0.025391,0.068359,0.017578,0.018555,0.949219
22528,24.036927,30.290,0.483905,0.251221,2.062963,0.216468,0.551367,0.668396,0.954102,0.030273,0.006836,0.021484,0.080078,0.022461,0.027344,0.947266
23552,25.902252,33.880,0.665523,0.206677,2.017573,0.266792,0.605957,0.655069,0.964844,0.026367,0.000000,0.011719,0.039062,0.019531,0.021484,0.958984
24576,24.456122,34.870,0.720602,0.168870,1.983271,0.312361,0.620117,0.645841,0.957031,0.032227,0.004883,0.025391,0.027344,0.018555,0.024414,0.946289
25600,24.780151,36.840,0.788631,0.135286,1.944197,0.281294,0.636328,0.628953,0.960938,0.014648,0.000000,0.017578,0.013672,0.011719,0.013672,0.958984
26624,23.001064,40.150,0.909205,0.094608,1.899783,0.267088,0.606055,0.620869,0.949219,0.025391,0.016602,0.023438,0.039062,0.014648,0.020508,0.942383
27648,22.455157,41.950,0.605818,0.312431,1.864275,0.279905,0.582910,0.603800,0.958008,0.022461,0.000000,0.017578,0.027344,0.010742,0.015625,0.949219
28672,21.948870,42.400,0.719162,0.091458,1.814339,0.293236,0.628418,0.592323,0.958008,0.024414,0.014648,0.014648,0.041992,0.012695,0.016602,0.950195
29696,20.751842,36.920,0.733354,0.139994,1.768796,0.358983,0.617676,0.575522,0.950195,0.026367,0.000000,0.015625,0.019531,0.020508,0.024414,0.945312
30720,22.981621,40.640,0.852353,0.122095,1.725994,0.256331,0.523858,0.571034,0.962891,0.024414,0.000000,0.017578,0.009766,0.014648,0.019531,0.955078
31744,22.602483,39.020,0.226505,0.240231,1.695956,0.356817,0.600684,0.554897,0.947266,0.027344,0.000000,0.011719,0.011719,0.018555,0.021484,0.940430
32768,22.178342,38.370,0.390803,0.115758,1.643153,0.321384,0.615723,0.541036,0.955078,0.025391,0.000000,0.027344,0.035156,0.018555,0.020508,0.948242
33792,23.429597,40.380,0.732311,0.088532,1.590610,0.309361,0.607812,0.528411,0.948242,0.013672,0.002930,0.029297,0.006836,0.006836,0.010742,0.943359
34816,28.240154,46.390,0.756656,0.140482,1.549664,0.308277,0.545052,0.520688,0.954102,0.018555,0.000000,0.024414,0.011719,0.014648,0.015625,0.949219
35840,31.649799,49.510,0.737008,0.108134,1.528299,0.381622,0.405540,0.519028,0.968750,0.016602,0.019531,0.000000,0.014648,0.011719,0.013672,0.963867
36864,36.386167,55.430,0.836491,0.082522,1.510187,0.409086,0.633594,0.507811,0.955078,0.010742,0.000000,0.002930,0.007812,0.007812,0.009766,0.954102
37888,41.924028,59.590,0.807606,0.134440,1.462596,0.309275,0.602441,0.494783,0.963867,0.019531,0.000000,0.006836,0.021484,0.011719,0.014648,0.958984
38912,44.909022,62.700,0.835919,0.102294,1.411312,0.350598,0.621680,0.483850,0.970703,0.014648,0.000000,0.011719,0.008789,0.011719,0.012695,0.967773
39936,47.593833,64.190,0.896842,0.073398,1.366194,0.462698,0.638770,0.470579,0.955078,0.011719,0.000000,0.002930,0.000000,0.008789,0.010742,0.953125
40960,42.535259,60.430,0.760086,0.123569,1.312320,0.369222,0.619434,0.460582,0.933594,0.024414,0.000000,0.018555,0.002930,0.017578,0.021484,0.929688
41984,44.175426,61.480,0.746561,0.105208,1.261486,0.400157,0.629102,0.445754,0.951172,0.014648,0.000000,0.003906,0.000977,0.013672,0.014648,0.950195
43008,44.597130,60.230,0.793782,0.090553,1.206970,0.494524,0.651636,0.437027,0.949219,0.014648,0.000000,0.001953,0.000000,0.012695,0.013672,0.948242
44032,40.776406,54.850,0.801517,0.109602,1.170410,0.544565,0.582473,0.431233,0.937500,0.024414,0.000000,0.008789,0.008789,0.021484,0.023438,0.935547
45056,41.346648,55.020,0.812920,0.123492,1.139339,0.410210,0.641992,0.421241,0.952148,0.018555,0.000000,0.011719,0.027344,0.014648,0.014648,0.947266
46080,38.785879,49.680,0.688021,0.232949,1.090233,0.381335,0.630566,0.411319,0.946289,0.020508,0.001953,0.037109,0.002930,0.017578,0.018555,0.944336
47104,34.530220,44.820,0.684755,0.174619,1.057622,0.482122,0.561094,0.409483,0.954102,0.024414,0.000000,0.013672,0.013672,0.019531,0.021484,0.951172
48128,32.025623,41.620,0.697484,0.096106,1.043525,0.486696,0.597024,0.404635,0.949219,0.032227,0.000000,0.007812,0.012695,0.021484,0.026367,0.941406
49152,29.727877,41.500,0.620565,0.265187,1.015392,0.381077,0.629395,0.397515,0.955078,0.019531,0.000000,0.028320,0.007812,0.013672,0.017578,0.953125
50176,29.735994,40.420,0.833379,0.076840,0.981137,0.531635,0.681188,0.391195,0.948242,0.022461,0.000000,0.015625,0.002930,0.018555,0.022461,0.946289
51024,31.997873,41.830,nan,nan,nan,nan,nan,nan,0.955078,0.018555,0.000000,0.005859,0.017578,0.013672,0.015625,0.950195
52048,36.212707,46.850,0.467476,0.835690,0.956470,0.312993,0.331522,0.390184,0.961914,0.009766,0.000000,0.004883,0.028320,0.007812,0.007812,0.958008
53072,36.772150,49.670,0.158308,0.226474,0.939251,0.342978,0.609082,0.380293,0.935547,0.026367,0.000000,0.036133,0.034180,0.021484,0.024414,0.927734
54096,40.948657,53.280,0.564596,0.318765,0.887855,0.447839,0.653320,0.372486,0.959961,0.013672,0.000000,0.012695,0.027344,0.009766,0.012695,0.957031
55120,38.639635,53.170,0.732520,0.176822,0.837165,0.420106,0.633203,0.360225,0.952148,0.024414,0.000000,0.021484,0.022461,0.017578,0.018555,0.938477
56144,41.041954,59.310,0.797244,0.096766,0.789318,0.457317,0.509434,0.358818,0.949219,0.002930,0.000000,0.002930,0.000000,0.002930,0.002930,0.949219
57168,43.352142,67.540,0.900402,0.044260,0.781603,0.520769,0.600031,0.356056,0.953125,0.004883,0.000000,0.004883,0.001953,0.003906,0.003906,0.951172
58192,37.531372,63.320,0.884474,0.066562,0.767320,0.309155,0.470526,0.355066,0.944336,0.023438,0.000000,0.025391,0.051758,0.008789,0.019531,0.937500
59216,36.851697,65.050,0.598796,0.128929,0.759499,0.398131,0.553472,0.351765,0.953125,0.015625,0.000000,0.014648,0.003906,0.009766,0.013672,0.950195
60240,37.553423,69.890,0.681170,0.127818,0.742058,0.395116,0.520833,0.350155,0.966797,0.005859,0.000000,0.009766,0.026367,0.002930,0.004883,0.963867
61264,37.373054,71.000,0.716153,0.042324,0.734024,0.427525,0.564607,0.348050,0.939453,0.009766,0.000000,0.000000,0.000977,0.006836,0.007812,0.937500
62288,39.575704,81.840,0.831698,0.075402,0.716822,0.282782,0.590430,0.342517,0.955078,0.008789,0.000000,0.012695,0.018555,0.004883,0.007812,0.953125
63312,43.817205,86.660,0.747295,0.052040,0.688359,0.441620,0.514757,0.340427,0.958984,0.007812,0.000000,0.010742,0.022461,0.006836,0.006836,0.958008
64336,43.704959,80.660,0.646367,0.188836,0.681319,0.316661,0.446265,0.340512,0.938477,0.019531,0.000000,0.012695,0.027344,0.011719,0.017578,0.932617
65360,42.409031,78.560,0.748561,0.086036,0.675225,0.499965,0.628824,0.334973,0.945312,0.005859,0.000000,0.009766,0.014648,0.004883,0.005859,0.944336
66384,48.245790,86.930,0.571101,0.070884,0.641533,0.763754,0.556862,0.331666,0.943359,0.008789,0.012695,0.015625,0.036133,0.003906,0.007812,0.938477
67408,51.401074,93.740,0.829994,0.089438,0.624663,0.308280,0.524130,0.329937,0.944336,0.008789,0.001953,0.010742,0.034180,0.003906,0.006836,0.941406
68432,52.806206,92.140,0.723579,0.074307,0.613591,0.833015,0.489904,0.327773,0.936523,0.017578,0.000000,0.020508,0.047852,0.012695,0.015625,0.927734
69456,53.323208,88.410,0.698878,0.135042,0.600987,0.485649,0.461075,0.326278,0.923828,0.012695,0.000000,0.011719,0.038086,0.004883,0.009766,0.918945
70480,52.958198,86.690,0.809247,0.053461,0.576737,0.259068,0.584766,0.317324,0.938477,0.007812,0.000000,0.021484,0.004883,0.004883,0.007812,0.937500
71504,56.069826,88.600,0.920383,0.046067,0.538633,0.252216,0.480225,0.316477,0.927734,0.009766,0.000000,0.013672,0.000977,0.005859,0.007812,0.925781
72528,52.263740,84.360,0.784837,0.084691,0.516123,0.397144,0.607227,0.306874,0.916992,0.015625,0.000000,0.009766,0.011719,0.009766,0.015625,0.916016
73552,52.923939,84.630,0.671663,0.165956,0.458259,0.577348,0.595997,0.300424,0.940430,0.011719,0.000000,0.013672,0.011719,0.003906,0.011719,0.936523
74576,47.972305,78.080,0.805400,0.110901,0.427371,0.402318,0.572115,0.298515,0.932617,0.017578,0.000000,0.042969,0.008789,0.010742,0.013672,0.924805
75600,46.074336,74.970,0.868608,0.062651,0.413572,0.861629,0.586985,0.296207,0.926758,0.009766,0.000000,0.006836,0.015625,0.003906,0.007812,0.923828
76624,46.143791,76.270,0.766855,0.150753,0.383847,0.356392,0.595313,0.287830,0.947266,0.018555,0.000000,0.027344,0.004883,0.007812,0.014648,0.939453
77648,45.478698,76.440,0.755938,0.129239,0.339319,0.414581,0.494792,0.285681,0.933594,0.012695,0.000000,0.008789,0.013672,0.010742,0.011719,0.929688
78672,39.122332,67.660,0.794091,0.076393,0.327906,0.580699,0.504664,0.284917,0.917969,0.018555,0.000000,0.012695,0.008789,0.013672,0.015625,0.912109
79696,41.781508,70.050,0.787776,0.061976,0.323248,0.462449,0.602344,0.282669,0.921875,0.010742,0.000000,0.005859,0.006836,0.006836,0.008789,0.919922
80720,40.953547,68.670,0.607600,0.095775,0.307137,0.606341,0.376563,0.282110,0.893555,0.012695,0.000000,0.026367,0.017578,0.009766,0.012695,0.887695
81744,35.899531,58.240,0.236966,0.120970,0.297035,0.396222,0.551411,0.276511,0.893555,0.028320,0.001953,0.013672,0.007812,0.020508,0.025391,0.885742
82768,40.328823,64.060,0.316658,0.132809,0.259140,0.434389,0.555578,0.274857,0.897461,0.011719,0.000000,0.018555,0.008789,0.008789,0.010742,0.892578
83792,39.218202,61.930,0.526769,0.065397,0.243683,0.354599,0.582422,0.269514,0.924805,0.013672,0.000000,0.025391,0.000000,0.010742,0.013672,0.921875
84816,45.830931,69.020,0.416591,0.096217,0.211062,0.386930,0.468998,0.268456,0.931641,0.007812,0.000000,0.012695,0.000977,0.005859,0.005859,0.926758
85840,45.180797,71.280,0.723348,0.055369,0.197020,0.335848,0.534598,0.264011,0.897461,0.010742,0.000000,0.010742,0.000000,0.006836,0.008789,0.890625
86864,47.442544,72.440,0.751782,0.054320,0.161013,0.407127,0.608398,0.260260,0.925781,0.011719,0.000000,0.011719,0.023438,0.009766,0.010742,0.921875
87888,47.595560,68.920,0.753058,0.093649,0.123836,0.450677,0.622330,0.252128,0.899414,0.015625,0.000000,0.001953,0.003906,0.012695,0.013672,0.896484
88912,51.244993,75.210,0.645310,0.168424,0.078530,0.738152,0.337358,0.251610,0.890625,0.008789,0.000000,0.000000,0.000000,0.007812,0.007812,0.889648
89936,56.372140,83.730,0.755834,0.064659,0.070530,0.352237,0.632227,0.247961,0.883789,0.010742,0.000977,0.016602,0.000977,0.005859,0.007812,0.875977
90960,52.951435,77.550,0.722035,0.088769,0.035932,0.434811,0.550182,0.244059,0.916016,0.025391,0.000000,0.012695,0.001953,0.015625,0.018555,0.904297
91984,57.184786,81.360,0.621510,0.230730,0.015160,0.498886,0.370312,0.243926,0.895508,0.008789,0.000000,0.013672,0.041016,0.007812,0.008789,0.887695
93008,55.187789,74.270,0.670893,0.150091,0.016868,0.364148,0.553791,0.243900,0.942383,0.010742,0.000000,0.011719,0.010742,0.010742,0.010742,0.941406
94032,58.241532,76.890,0.876236,0.077944,0.014239,0.496541,0.523011,0.243604,0.919922,0.008789,0.000000,0.007812,0.000000,0.007812,0.007812,0.917969
95056,59.861833,80.500,0.773826,0.102468,0.011351,0.233696,0.399796,0.243229,0.887695,0.008789,0.000000,0.003906,0.004883,0.007812,0.008789,0.885742
96080,62.070154,83.760,0.735398,0.088366,-0.003898,0.339230,0.584397,0.238564,0.893555,0.011719,0.000000,0.007812,0.000977,0.006836,0.007812,0.889648
97104,58.734512,77.330,0.813191,0.086018,-0.042536,0.341420,0.604883,0.234482,0.947266,0.017578,0.000000,0.013672,0.000000,0.010742,0.014648,0.942383
98128,63.519384,81.350,0.769732,0.170663,-0.065945,1.048505,0.468750,0.234092,0.931641,0.007812,0.000000,0.002930,0.000000,0.005859,0.006836,0.930664
99152,68.194186,87.070,0.893173,0.082216,-0.067922,0.323404,0.471726,0.233948,0.902344,0.001953,0.000000,0.004883,0.000000,0.001953,0.001953,0.900391
100176,76.033561,98.100,0.818586,0.082579,-0.076599,0.292243,0.607715,0.230474,0.899414,0.006836,0.000000,0.009766,0.000000,0.004883,0.004883,0.895508
